-- phpMyAdmin SQL Dump
-- version 4.7.8
-- https://www.phpmyadmin.net/
--
-- Hôte : 194.177.53.253
-- Généré le :  lun. 05 mars 2018 à 15:42
-- Version du serveur :  5.5.53-0+deb8u1-log
-- Version de PHP :  5.6.30-0+deb8u1

SET SQL_MODE = "NO_AUTO_VALUE_ON_ZERO";
SET AUTOCOMMIT = 0;
START TRANSACTION;
SET time_zone = "+00:00";


/*!40101 SET @OLD_CHARACTER_SET_CLIENT=@@CHARACTER_SET_CLIENT */;
/*!40101 SET @OLD_CHARACTER_SET_RESULTS=@@CHARACTER_SET_RESULTS */;
/*!40101 SET @OLD_COLLATION_CONNECTION=@@COLLATION_CONNECTION */;
/*!40101 SET NAMES utf8mb4 */;

--
-- Base de données :  `mybeautybooking`
--

-- --------------------------------------------------------

--
-- Structure de la table `admin`
--

CREATE TABLE `admin` (
  `id` int(11) NOT NULL,
  `username` varchar(255) COLLATE utf8_unicode_ci NOT NULL,
  `password` varchar(255) COLLATE utf8_unicode_ci NOT NULL,
  `validate` int(11) DEFAULT NULL
) ENGINE=InnoDB DEFAULT CHARSET=utf8 COLLATE=utf8_unicode_ci;

--
-- Déchargement des données de la table `admin`
--

INSERT INTO `admin` (`id`, `username`, `password`, `validate`) VALUES
(2, 'franck', 'd5dcebdcc2736f24bc8e32d5fb2027e7', 1),
(3, 'admin', '5c8438bef7c60cf62b4a0aee3b0becc4', 1);

-- --------------------------------------------------------

--
-- Structure de la table `agenda`
--

CREATE TABLE `agenda` (
  `id` int(11) NOT NULL,
  `user_id` int(11) DEFAULT NULL,
  `heure` int(11) DEFAULT NULL,
  `date` datetime DEFAULT NULL,
  `created_at` datetime DEFAULT NULL,
  `updated_at` datetime DEFAULT NULL,
  `booking_id` int(11) DEFAULT NULL,
  `minute` int(11) DEFAULT NULL
) ENGINE=InnoDB DEFAULT CHARSET=utf8 COLLATE=utf8_unicode_ci;

--
-- Déchargement des données de la table `agenda`
--

INSERT INTO `agenda` (`id`, `user_id`, `heure`, `date`, `created_at`, `updated_at`, `booking_id`, `minute`) VALUES
(37, 79, 13, '2017-12-15 00:00:00', '2017-12-14 21:08:38', '2017-12-14 21:08:38', NULL, 0),
(38, 79, 13, '2017-12-15 00:00:00', '2017-12-14 21:08:38', '2017-12-14 21:08:38', NULL, 30),
(39, 79, 14, '2017-12-15 00:00:00', '2017-12-14 21:08:39', '2017-12-14 21:08:39', NULL, 0),
(40, 79, 14, '2017-12-15 00:00:00', '2017-12-14 21:08:39', '2017-12-14 21:08:39', NULL, 30),
(41, 79, 15, '2017-12-15 00:00:00', '2017-12-14 21:08:40', '2017-12-14 21:08:40', NULL, 0),
(42, 79, 15, '2017-12-15 00:00:00', '2017-12-14 21:08:41', '2017-12-14 21:08:41', NULL, 30),
(43, 79, 16, '2017-12-15 00:00:00', '2017-12-14 21:08:42', '2017-12-14 21:08:42', NULL, 0),
(44, 79, 16, '2017-12-15 00:00:00', '2017-12-14 21:08:43', '2017-12-14 21:08:43', NULL, 30),
(45, 79, 17, '2017-12-15 00:00:00', '2017-12-14 21:08:43', '2017-12-14 21:08:43', NULL, 0),
(46, 79, 17, '2017-12-15 00:00:00', '2017-12-14 21:08:44', '2017-12-14 21:08:44', NULL, 30),
(47, 79, 18, '2017-12-15 00:00:00', '2017-12-14 21:08:45', '2017-12-14 21:08:45', NULL, 0),
(48, 79, 18, '2017-12-15 00:00:00', '2017-12-14 21:08:46', '2017-12-14 21:08:46', NULL, 30),
(49, 79, 19, '2017-12-15 00:00:00', '2017-12-14 21:08:46', '2017-12-14 21:08:46', NULL, 0),
(50, 79, 19, '2017-12-15 00:00:00', '2017-12-14 21:08:47', '2017-12-14 21:08:47', NULL, 30),
(51, 79, 20, '2017-12-15 00:00:00', '2017-12-14 21:08:47', '2017-12-14 21:08:47', NULL, 0),
(52, 79, 22, '2017-12-15 00:00:00', '2017-12-14 21:08:49', '2017-12-14 21:08:49', NULL, 0),
(53, 79, 21, '2017-12-15 00:00:00', '2017-12-14 21:08:49', '2017-12-14 21:08:49', NULL, 30),
(54, 79, 21, '2017-12-15 00:00:00', '2017-12-14 21:08:50', '2017-12-14 21:08:50', NULL, 0),
(55, 79, 20, '2017-12-15 00:00:00', '2017-12-14 21:08:50', '2017-12-14 21:08:50', NULL, 30),
(56, 79, 22, '2017-12-16 00:00:00', '2017-12-14 21:08:52', '2017-12-14 21:08:52', NULL, 0),
(57, 79, 21, '2017-12-16 00:00:00', '2017-12-14 21:08:52', '2017-12-14 21:08:52', NULL, 30),
(58, 79, 21, '2017-12-16 00:00:00', '2017-12-14 21:08:53', '2017-12-14 21:08:53', NULL, 0),
(59, 79, 20, '2017-12-16 00:00:00', '2017-12-14 21:08:53', '2017-12-14 21:08:53', NULL, 30),
(60, 79, 20, '2017-12-16 00:00:00', '2017-12-14 21:08:54', '2017-12-14 21:08:54', NULL, 0),
(61, 79, 19, '2017-12-16 00:00:00', '2017-12-14 21:08:55', '2017-12-14 21:08:55', NULL, 30),
(62, 79, 19, '2017-12-16 00:00:00', '2017-12-14 21:08:56', '2017-12-14 21:08:56', NULL, 0),
(63, 79, 18, '2017-12-16 00:00:00', '2017-12-14 21:08:56', '2017-12-14 21:08:56', NULL, 30),
(64, 79, 18, '2017-12-16 00:00:00', '2017-12-14 21:08:57', '2017-12-14 21:08:57', NULL, 0),
(65, 79, 17, '2017-12-16 00:00:00', '2017-12-14 21:08:58', '2017-12-14 21:08:58', NULL, 30),
(66, 79, 17, '2017-12-16 00:00:00', '2017-12-14 21:08:58', '2017-12-14 21:08:58', NULL, 0),
(67, 79, 16, '2017-12-16 00:00:00', '2017-12-14 21:08:59', '2017-12-14 21:08:59', NULL, 30),
(68, 79, 16, '2017-12-16 00:00:00', '2017-12-14 21:08:59', '2017-12-14 21:08:59', NULL, 0),
(69, 79, 15, '2017-12-16 00:00:00', '2017-12-14 21:09:00', '2017-12-14 21:09:00', NULL, 30),
(70, 79, 15, '2017-12-16 00:00:00', '2017-12-14 21:09:00', '2017-12-14 21:09:00', NULL, 0),
(71, 79, 14, '2017-12-16 00:00:00', '2017-12-14 21:09:01', '2017-12-14 21:09:01', NULL, 30),
(72, 79, 14, '2017-12-16 00:00:00', '2017-12-14 21:09:03', '2017-12-14 21:09:03', NULL, 0),
(73, 79, 13, '2017-12-16 00:00:00', '2017-12-14 21:09:04', '2017-12-14 21:09:04', NULL, 30),
(74, 79, 13, '2017-12-16 00:00:00', '2017-12-14 21:09:04', '2017-12-14 21:09:04', NULL, 0),
(75, 79, 12, '2017-12-16 00:00:00', '2017-12-14 21:09:05', '2017-12-14 21:09:05', NULL, 30),
(76, 79, 12, '2017-12-16 00:00:00', '2017-12-14 21:09:05', '2017-12-14 21:09:05', NULL, 0),
(77, 79, 11, '2017-12-16 00:00:00', '2017-12-14 21:09:06', '2017-12-14 21:09:06', NULL, 30),
(78, 79, 11, '2017-12-16 00:00:00', '2017-12-14 21:09:07', '2017-12-14 21:09:07', NULL, 0),
(79, 79, 10, '2017-12-16 00:00:00', '2017-12-14 21:09:10', '2017-12-14 21:09:10', NULL, 30),
(80, 79, 10, '2017-12-16 00:00:00', '2017-12-14 21:09:11', '2017-12-14 21:09:11', NULL, 0),
(81, 79, 9, '2017-12-16 00:00:00', '2017-12-14 21:09:11', '2017-12-14 21:09:11', NULL, 30),
(82, 79, 9, '2017-12-16 00:00:00', '2017-12-14 21:09:12', '2017-12-14 21:09:12', NULL, 0),
(83, 79, 8, '2017-12-16 00:00:00', '2017-12-14 21:09:12', '2017-12-14 21:09:12', NULL, 30),
(84, 79, 8, '2017-12-16 00:00:00', '2017-12-14 21:09:13', '2017-12-14 21:09:13', NULL, 0),
(85, 79, 7, '2017-12-16 00:00:00', '2017-12-14 21:09:14', '2017-12-14 21:09:14', NULL, 30),
(86, 79, 7, '2017-12-16 00:00:00', '2017-12-14 21:09:14', '2017-12-14 21:09:14', NULL, 0),
(87, 79, 12, '2017-12-17 00:00:00', '2017-12-14 21:09:21', '2017-12-14 21:09:21', NULL, 0),
(88, 79, 12, '2017-12-17 00:00:00', '2017-12-14 21:09:22', '2017-12-14 21:09:22', NULL, 30),
(89, 79, 13, '2017-12-17 00:00:00', '2017-12-14 21:09:22', '2017-12-14 21:09:22', NULL, 0),
(90, 79, 13, '2017-12-17 00:00:00', '2017-12-14 21:09:23', '2017-12-14 21:09:23', NULL, 30),
(91, 79, 14, '2017-12-17 00:00:00', '2017-12-14 21:09:23', '2017-12-14 21:09:23', NULL, 0),
(92, 79, 14, '2017-12-17 00:00:00', '2017-12-14 21:09:24', '2017-12-14 21:09:24', NULL, 30),
(93, 79, 15, '2017-12-17 00:00:00', '2017-12-14 21:09:24', '2017-12-14 21:09:24', NULL, 0),
(94, 79, 15, '2017-12-17 00:00:00', '2017-12-14 21:09:25', '2017-12-14 21:09:25', NULL, 30),
(95, 79, 16, '2017-12-17 00:00:00', '2017-12-14 21:09:26', '2017-12-14 21:09:26', NULL, 0),
(96, 79, 16, '2017-12-17 00:00:00', '2017-12-14 21:09:26', '2017-12-14 21:09:26', NULL, 30),
(97, 79, 17, '2017-12-17 00:00:00', '2017-12-14 21:09:27', '2017-12-14 21:09:27', NULL, 0),
(98, 79, 17, '2017-12-17 00:00:00', '2017-12-14 21:09:28', '2017-12-14 21:09:28', NULL, 30),
(99, 79, 18, '2017-12-17 00:00:00', '2017-12-14 21:09:29', '2017-12-14 21:09:29', NULL, 0),
(100, 79, 18, '2017-12-17 00:00:00', '2017-12-14 21:09:30', '2017-12-14 21:09:30', NULL, 30),
(101, 79, 19, '2017-12-17 00:00:00', '2017-12-14 21:09:30', '2017-12-14 21:09:30', NULL, 0),
(102, 79, 19, '2017-12-17 00:00:00', '2017-12-14 21:09:31', '2017-12-14 21:09:31', NULL, 30),
(103, 79, 20, '2017-12-17 00:00:00', '2017-12-14 21:09:31', '2017-12-14 21:09:31', NULL, 0),
(104, 79, 22, '2017-12-17 00:00:00', '2017-12-14 21:09:33', '2017-12-14 21:09:33', NULL, 0),
(105, 79, 21, '2017-12-17 00:00:00', '2017-12-14 21:09:33', '2017-12-14 21:09:33', NULL, 30),
(106, 79, 21, '2017-12-17 00:00:00', '2017-12-14 21:09:34', '2017-12-14 21:09:34', NULL, 0),
(107, 79, 20, '2017-12-17 00:00:00', '2017-12-14 21:09:34', '2017-12-14 21:09:34', NULL, 30),
(108, 79, 17, '2017-12-18 00:00:00', '2017-12-14 21:09:44', '2017-12-14 21:09:44', NULL, 30),
(109, 79, 18, '2017-12-18 00:00:00', '2017-12-14 21:09:44', '2017-12-14 21:09:44', NULL, 0),
(110, 79, 18, '2017-12-18 00:00:00', '2017-12-14 21:09:46', '2017-12-14 21:09:46', NULL, 30),
(111, 79, 19, '2017-12-18 00:00:00', '2017-12-14 21:09:47', '2017-12-14 21:09:47', NULL, 0),
(112, 79, 19, '2017-12-18 00:00:00', '2017-12-14 21:09:47', '2017-12-14 21:09:47', NULL, 30),
(113, 79, 20, '2017-12-18 00:00:00', '2017-12-14 21:09:48', '2017-12-14 21:09:48', NULL, 0),
(114, 79, 20, '2017-12-18 00:00:00', '2017-12-14 21:09:49', '2017-12-14 21:09:49', NULL, 30),
(115, 79, 21, '2017-12-18 00:00:00', '2017-12-14 21:09:49', '2017-12-14 21:09:49', NULL, 0),
(116, 79, 21, '2017-12-18 00:00:00', '2017-12-14 21:09:50', '2017-12-14 21:09:50', NULL, 30),
(117, 79, 17, '2017-12-19 00:00:00', '2017-12-14 21:10:00', '2017-12-14 21:10:00', NULL, 30),
(118, 79, 18, '2017-12-19 00:00:00', '2017-12-14 21:10:01', '2017-12-14 21:10:01', NULL, 0),
(119, 79, 18, '2017-12-19 00:00:00', '2017-12-14 21:10:02', '2017-12-14 21:10:02', NULL, 30),
(120, 79, 19, '2017-12-19 00:00:00', '2017-12-14 21:10:03', '2017-12-14 21:10:03', NULL, 0),
(121, 79, 19, '2017-12-19 00:00:00', '2017-12-14 21:10:04', '2017-12-14 21:10:04', NULL, 30),
(122, 79, 20, '2017-12-19 00:00:00', '2017-12-14 21:10:04', '2017-12-14 21:10:04', NULL, 0),
(123, 79, 20, '2017-12-19 00:00:00', '2017-12-14 21:10:06', '2017-12-14 21:10:06', NULL, 30),
(124, 79, 21, '2017-12-19 00:00:00', '2017-12-14 21:10:06', '2017-12-14 21:10:06', NULL, 0),
(125, 79, 21, '2017-12-19 00:00:00', '2017-12-14 21:10:07', '2017-12-14 21:10:07', NULL, 30),
(126, 79, 7, '2017-12-20 00:00:00', '2017-12-14 21:10:12', '2017-12-14 21:10:12', NULL, 0),
(127, 79, 7, '2017-12-20 00:00:00', '2017-12-14 21:10:12', '2017-12-14 21:10:12', NULL, 30),
(128, 79, 8, '2017-12-20 00:00:00', '2017-12-14 21:10:13', '2017-12-14 21:10:13', NULL, 0),
(129, 79, 8, '2017-12-20 00:00:00', '2017-12-14 21:10:13', '2017-12-14 21:10:13', NULL, 30),
(130, 79, 9, '2017-12-20 00:00:00', '2017-12-14 21:10:14', '2017-12-14 21:10:14', NULL, 0),
(131, 79, 9, '2017-12-20 00:00:00', '2017-12-14 21:10:32', '2017-12-14 21:10:32', NULL, 30),
(132, 79, 10, '2017-12-20 00:00:00', '2017-12-14 21:10:33', '2017-12-14 21:10:33', NULL, 0),
(133, 79, 10, '2017-12-20 00:00:00', '2017-12-14 21:10:34', '2017-12-14 21:10:34', NULL, 30),
(134, 79, 11, '2017-12-20 00:00:00', '2017-12-14 21:10:35', '2017-12-14 21:10:35', NULL, 30),
(135, 79, 11, '2017-12-20 00:00:00', '2017-12-14 21:10:36', '2017-12-14 21:10:36', NULL, 0),
(136, 79, 12, '2017-12-20 00:00:00', '2017-12-14 21:10:36', '2017-12-14 21:10:36', NULL, 0),
(137, 79, 12, '2017-12-20 00:00:00', '2017-12-14 21:10:37', '2017-12-14 21:10:37', NULL, 30),
(138, 79, 13, '2017-12-20 00:00:00', '2017-12-14 21:10:38', '2017-12-14 21:10:38', NULL, 0),
(139, 79, 13, '2017-12-20 00:00:00', '2017-12-14 21:10:39', '2017-12-14 21:10:39', NULL, 30),
(140, 79, 14, '2017-12-20 00:00:00', '2017-12-14 21:10:40', '2017-12-14 21:10:40', NULL, 0),
(141, 79, 14, '2017-12-20 00:00:00', '2017-12-14 21:10:40', '2017-12-14 21:10:40', NULL, 30),
(142, 79, 7, '2017-12-21 00:00:00', '2017-12-14 21:10:50', '2017-12-14 21:10:50', NULL, 0),
(143, 79, 7, '2017-12-21 00:00:00', '2017-12-14 21:10:51', '2017-12-14 21:10:51', NULL, 30),
(144, 79, 8, '2017-12-21 00:00:00', '2017-12-14 21:10:52', '2017-12-14 21:10:52', NULL, 0),
(145, 79, 8, '2017-12-21 00:00:00', '2017-12-14 21:10:52', '2017-12-14 21:10:52', NULL, 30),
(146, 79, 9, '2017-12-21 00:00:00', '2017-12-14 21:10:53', '2017-12-14 21:10:53', NULL, 0),
(147, 79, 9, '2017-12-21 00:00:00', '2017-12-14 21:10:53', '2017-12-14 21:10:53', NULL, 30),
(148, 79, 10, '2017-12-21 00:00:00', '2017-12-14 21:10:54', '2017-12-14 21:10:54', NULL, 0),
(149, 79, 10, '2017-12-21 00:00:00', '2017-12-14 21:10:54', '2017-12-14 21:10:54', NULL, 30),
(150, 79, 11, '2017-12-21 00:00:00', '2017-12-14 21:10:55', '2017-12-14 21:10:55', NULL, 0),
(151, 79, 11, '2017-12-21 00:00:00', '2017-12-14 21:10:56', '2017-12-14 21:10:56', NULL, 30),
(152, 79, 12, '2017-12-21 00:00:00', '2017-12-14 21:10:57', '2017-12-14 21:10:57', NULL, 0),
(153, 79, 12, '2017-12-21 00:00:00', '2017-12-14 21:10:58', '2017-12-14 21:10:58', NULL, 30),
(154, 79, 13, '2017-12-21 00:00:00', '2017-12-14 21:10:58', '2017-12-14 21:10:58', NULL, 0),
(155, 79, 13, '2017-12-21 00:00:00', '2017-12-14 21:11:00', '2017-12-14 21:11:00', NULL, 30),
(157, 79, 18, '2017-12-21 00:00:00', '2017-12-14 21:11:08', '2017-12-14 21:11:08', NULL, 0),
(158, 79, 17, '2017-12-21 00:00:00', '2017-12-14 21:11:09', '2017-12-14 21:11:09', NULL, 30),
(159, 79, 18, '2017-12-21 00:00:00', '2017-12-14 21:11:10', '2017-12-14 21:11:10', NULL, 30),
(160, 79, 19, '2017-12-21 00:00:00', '2017-12-14 21:11:11', '2017-12-14 21:11:11', NULL, 0),
(161, 79, 19, '2017-12-21 00:00:00', '2017-12-14 21:11:11', '2017-12-14 21:11:11', NULL, 30),
(162, 79, 20, '2017-12-21 00:00:00', '2017-12-14 21:11:12', '2017-12-14 21:11:12', NULL, 0),
(163, 79, 20, '2017-12-21 00:00:00', '2017-12-14 21:11:13', '2017-12-14 21:11:13', NULL, 30),
(164, 79, 21, '2017-12-21 00:00:00', '2017-12-14 21:11:13', '2017-12-14 21:11:13', NULL, 0),
(165, 79, 21, '2017-12-21 00:00:00', '2017-12-14 21:11:15', '2017-12-14 21:11:15', NULL, 30),
(166, 79, 7, '2017-12-22 00:00:00', '2017-12-14 21:11:24', '2017-12-14 21:11:24', NULL, 0),
(167, 79, 7, '2017-12-22 00:00:00', '2017-12-14 21:11:25', '2017-12-14 21:11:25', NULL, 30),
(168, 79, 8, '2017-12-22 00:00:00', '2017-12-14 21:11:25', '2017-12-14 21:11:25', NULL, 0),
(169, 79, 8, '2017-12-22 00:00:00', '2017-12-14 21:11:26', '2017-12-14 21:11:26', NULL, 30),
(170, 79, 9, '2017-12-22 00:00:00', '2017-12-14 21:11:27', '2017-12-14 21:11:27', NULL, 0),
(171, 79, 9, '2017-12-22 00:00:00', '2017-12-14 21:11:27', '2017-12-14 21:11:27', NULL, 30),
(172, 79, 10, '2017-12-22 00:00:00', '2017-12-14 21:11:28', '2017-12-14 21:11:28', NULL, 0),
(173, 79, 10, '2017-12-22 00:00:00', '2017-12-14 21:11:28', '2017-12-14 21:11:28', NULL, 30),
(174, 79, 11, '2017-12-22 00:00:00', '2017-12-14 21:11:29', '2017-12-14 21:11:29', NULL, 0),
(175, 79, 11, '2017-12-22 00:00:00', '2017-12-14 21:11:31', '2017-12-14 21:11:31', NULL, 30),
(176, 79, 12, '2017-12-22 00:00:00', '2017-12-14 21:11:31', '2017-12-14 21:11:31', NULL, 0),
(177, 79, 12, '2017-12-22 00:00:00', '2017-12-14 21:11:32', '2017-12-14 21:11:32', NULL, 30),
(178, 79, 13, '2017-12-22 00:00:00', '2017-12-14 21:11:33', '2017-12-14 21:11:33', NULL, 0),
(179, 79, 13, '2017-12-22 00:00:00', '2017-12-14 21:11:33', '2017-12-14 21:11:33', NULL, 30),
(180, 79, 14, '2017-12-22 00:00:00', '2017-12-14 21:11:34', '2017-12-14 21:11:34', NULL, 0),
(186, 79, 18, '2017-12-22 00:00:00', '2017-12-14 21:12:10', '2017-12-14 21:12:10', NULL, 0),
(187, 79, 18, '2017-12-22 00:00:00', '2017-12-14 21:12:11', '2017-12-14 21:12:11', NULL, 30),
(188, 79, 19, '2017-12-22 00:00:00', '2017-12-14 21:12:12', '2017-12-14 21:12:12', NULL, 0),
(189, 79, 19, '2017-12-22 00:00:00', '2017-12-14 21:12:12', '2017-12-14 21:12:12', NULL, 30),
(190, 79, 22, '2017-12-22 00:00:00', '2017-12-14 21:12:13', '2017-12-14 21:12:13', NULL, 0),
(191, 79, 21, '2017-12-22 00:00:00', '2017-12-14 21:12:14', '2017-12-14 21:12:14', NULL, 30),
(192, 79, 21, '2017-12-22 00:00:00', '2017-12-14 21:12:14', '2017-12-14 21:12:14', NULL, 0),
(193, 79, 20, '2017-12-22 00:00:00', '2017-12-14 21:12:15', '2017-12-14 21:12:15', NULL, 30),
(194, 79, 20, '2017-12-22 00:00:00', '2017-12-14 21:12:16', '2017-12-14 21:12:16', NULL, 0),
(196, 79, 12, '2017-12-23 00:00:00', '2017-12-14 21:12:25', '2017-12-14 21:12:25', NULL, 0),
(197, 79, 12, '2017-12-23 00:00:00', '2017-12-14 21:12:26', '2017-12-14 21:12:26', NULL, 30),
(198, 79, 13, '2017-12-23 00:00:00', '2017-12-14 21:12:26', '2017-12-14 21:12:26', NULL, 0),
(199, 79, 13, '2017-12-23 00:00:00', '2017-12-14 21:12:28', '2017-12-14 21:12:28', NULL, 30),
(200, 79, 14, '2017-12-23 00:00:00', '2017-12-14 21:12:28', '2017-12-14 21:12:28', NULL, 0),
(201, 79, 14, '2017-12-23 00:00:00', '2017-12-14 21:12:29', '2017-12-14 21:12:29', NULL, 30),
(202, 79, 15, '2017-12-23 00:00:00', '2017-12-14 21:12:29', '2017-12-14 21:12:29', NULL, 0),
(203, 79, 15, '2017-12-23 00:00:00', '2017-12-14 21:12:30', '2017-12-14 21:12:30', NULL, 30),
(204, 79, 16, '2017-12-23 00:00:00', '2017-12-14 21:12:31', '2017-12-14 21:12:31', NULL, 0),
(205, 79, 16, '2017-12-23 00:00:00', '2017-12-14 21:12:31', '2017-12-14 21:12:31', NULL, 30),
(206, 79, 17, '2017-12-23 00:00:00', '2017-12-14 21:12:32', '2017-12-14 21:12:32', NULL, 0),
(207, 79, 17, '2017-12-23 00:00:00', '2017-12-14 21:12:32', '2017-12-14 21:12:32', NULL, 30),
(208, 79, 18, '2017-12-23 00:00:00', '2017-12-14 21:12:33', '2017-12-14 21:12:33', NULL, 0),
(209, 79, 18, '2017-12-23 00:00:00', '2017-12-14 21:12:33', '2017-12-14 21:12:33', NULL, 30),
(210, 79, 19, '2017-12-23 00:00:00', '2017-12-14 21:12:34', '2017-12-14 21:12:34', NULL, 0),
(211, 79, 19, '2017-12-23 00:00:00', '2017-12-14 21:12:35', '2017-12-14 21:12:35', NULL, 30),
(212, 79, 20, '2017-12-24 00:00:00', '2017-12-14 21:12:48', '2017-12-14 21:12:48', NULL, 0),
(213, 79, 20, '2017-12-24 00:00:00', '2017-12-14 21:12:49', '2017-12-14 21:12:49', NULL, 30),
(214, 79, 21, '2017-12-24 00:00:00', '2017-12-14 21:12:50', '2017-12-14 21:12:50', NULL, 0),
(215, 79, 21, '2017-12-24 00:00:00', '2017-12-14 21:12:50', '2017-12-14 21:12:50', NULL, 30),
(216, 79, 22, '2017-12-24 00:00:00', '2017-12-14 21:12:51', '2017-12-14 21:12:51', NULL, 0),
(217, 79, 7, '2017-12-25 00:00:00', '2017-12-14 21:12:58', '2017-12-14 21:12:58', NULL, 0),
(218, 79, 7, '2017-12-25 00:00:00', '2017-12-14 21:12:58', '2017-12-14 21:12:58', NULL, 30),
(219, 79, 8, '2017-12-25 00:00:00', '2017-12-14 21:12:59', '2017-12-14 21:12:59', NULL, 0),
(220, 79, 8, '2017-12-25 00:00:00', '2017-12-14 21:12:59', '2017-12-14 21:12:59', NULL, 30),
(221, 79, 9, '2017-12-25 00:00:00', '2017-12-14 21:13:00', '2017-12-14 21:13:00', NULL, 0),
(222, 79, 9, '2017-12-25 00:00:00', '2017-12-14 21:13:02', '2017-12-14 21:13:02', NULL, 30),
(223, 79, 10, '2017-12-25 00:00:00', '2017-12-14 21:13:02', '2017-12-14 21:13:02', NULL, 0),
(224, 79, 10, '2017-12-25 00:00:00', '2017-12-14 21:13:03', '2017-12-14 21:13:03', NULL, 30),
(225, 79, 11, '2017-12-25 00:00:00', '2017-12-14 21:13:03', '2017-12-14 21:13:03', NULL, 0),
(226, 79, 11, '2017-12-25 00:00:00', '2017-12-14 21:13:04', '2017-12-14 21:13:04', NULL, 30),
(227, 79, 12, '2017-12-25 00:00:00', '2017-12-14 21:13:05', '2017-12-14 21:13:05', NULL, 0),
(228, 79, 12, '2017-12-25 00:00:00', '2017-12-14 21:13:05', '2017-12-14 21:13:05', NULL, 30),
(229, 79, 13, '2017-12-25 00:00:00', '2017-12-14 21:13:06', '2017-12-14 21:13:06', NULL, 0),
(230, 79, 13, '2017-12-25 00:00:00', '2017-12-14 21:13:07', '2017-12-14 21:13:07', NULL, 30),
(231, 79, 14, '2017-12-25 00:00:00', '2017-12-14 21:13:08', '2017-12-14 21:13:08', NULL, 0),
(232, 79, 14, '2017-12-25 00:00:00', '2017-12-14 21:13:09', '2017-12-14 21:13:09', NULL, 30),
(233, 79, 15, '2017-12-25 00:00:00', '2017-12-14 21:13:09', '2017-12-14 21:13:09', NULL, 0),
(234, 79, 15, '2017-12-25 00:00:00', '2017-12-14 21:13:10', '2017-12-14 21:13:10', NULL, 30),
(235, 79, 16, '2017-12-25 00:00:00', '2017-12-14 21:13:10', '2017-12-14 21:13:10', NULL, 0),
(236, 79, 16, '2017-12-25 00:00:00', '2017-12-14 21:13:11', '2017-12-14 21:13:11', NULL, 30),
(237, 79, 17, '2017-12-25 00:00:00', '2017-12-14 21:13:11', '2017-12-14 21:13:11', NULL, 0),
(238, 79, 17, '2017-12-25 00:00:00', '2017-12-14 21:13:12', '2017-12-14 21:13:12', NULL, 30),
(239, 79, 18, '2017-12-25 00:00:00', '2017-12-14 21:13:12', '2017-12-14 21:13:12', NULL, 0),
(240, 79, 18, '2017-12-25 00:00:00', '2017-12-14 21:13:13', '2017-12-14 21:13:13', NULL, 30),
(241, 79, 19, '2017-12-25 00:00:00', '2017-12-14 21:13:13', '2017-12-14 21:13:13', NULL, 0),
(242, 79, 21, '2017-12-25 00:00:00', '2017-12-14 21:13:15', '2017-12-14 21:13:15', NULL, 30),
(243, 79, 21, '2017-12-25 00:00:00', '2017-12-14 21:13:15', '2017-12-14 21:13:15', NULL, 0),
(244, 79, 20, '2017-12-25 00:00:00', '2017-12-14 21:13:16', '2017-12-14 21:13:16', NULL, 30),
(245, 79, 20, '2017-12-25 00:00:00', '2017-12-14 21:13:16', '2017-12-14 21:13:16', NULL, 0),
(246, 79, 19, '2017-12-25 00:00:00', '2017-12-14 21:13:17', '2017-12-14 21:13:17', NULL, 30),
(247, 79, 21, '2017-12-26 00:00:00', '2017-12-14 21:13:18', '2017-12-14 21:13:18', NULL, 30),
(248, 79, 21, '2017-12-26 00:00:00', '2017-12-14 21:13:18', '2017-12-14 21:13:18', NULL, 0),
(249, 79, 20, '2017-12-26 00:00:00', '2017-12-14 21:13:19', '2017-12-14 21:13:19', NULL, 30),
(250, 79, 20, '2017-12-26 00:00:00', '2017-12-14 21:13:19', '2017-12-14 21:13:19', NULL, 0),
(251, 79, 19, '2017-12-26 00:00:00', '2017-12-14 21:13:20', '2017-12-14 21:13:20', NULL, 30),
(252, 79, 19, '2017-12-26 00:00:00', '2017-12-14 21:13:21', '2017-12-14 21:13:21', NULL, 0),
(253, 79, 18, '2017-12-26 00:00:00', '2017-12-14 21:13:21', '2017-12-14 21:13:21', NULL, 30),
(254, 79, 18, '2017-12-26 00:00:00', '2017-12-14 21:13:22', '2017-12-14 21:13:22', NULL, 0),
(255, 79, 17, '2017-12-26 00:00:00', '2017-12-14 21:13:23', '2017-12-14 21:13:23', NULL, 30),
(256, 79, 17, '2017-12-26 00:00:00', '2017-12-14 21:13:23', '2017-12-14 21:13:23', NULL, 0),
(257, 79, 16, '2017-12-26 00:00:00', '2017-12-14 21:13:24', '2017-12-14 21:13:24', NULL, 30),
(258, 79, 16, '2017-12-26 00:00:00', '2017-12-14 21:13:25', '2017-12-14 21:13:25', NULL, 0),
(259, 79, 15, '2017-12-26 00:00:00', '2017-12-14 21:13:26', '2017-12-14 21:13:26', NULL, 30),
(260, 79, 15, '2017-12-26 00:00:00', '2017-12-14 21:13:26', '2017-12-14 21:13:26', NULL, 0),
(261, 79, 14, '2017-12-26 00:00:00', '2017-12-14 21:13:27', '2017-12-14 21:13:27', NULL, 30),
(262, 79, 14, '2017-12-26 00:00:00', '2017-12-14 21:13:27', '2017-12-14 21:13:27', NULL, 0),
(263, 79, 13, '2017-12-26 00:00:00', '2017-12-14 21:13:29', '2017-12-14 21:13:29', NULL, 30),
(264, 79, 13, '2017-12-26 00:00:00', '2017-12-14 21:13:30', '2017-12-14 21:13:30', NULL, 0),
(265, 79, 12, '2017-12-26 00:00:00', '2017-12-14 21:13:30', '2017-12-14 21:13:30', NULL, 30),
(266, 79, 12, '2017-12-26 00:00:00', '2017-12-14 21:13:31', '2017-12-14 21:13:31', NULL, 0),
(267, 79, 11, '2017-12-26 00:00:00', '2017-12-14 21:13:31', '2017-12-14 21:13:31', NULL, 30),
(268, 79, 11, '2017-12-26 00:00:00', '2017-12-14 21:13:32', '2017-12-14 21:13:32', NULL, 0),
(269, 79, 10, '2017-12-26 00:00:00', '2017-12-14 21:13:32', '2017-12-14 21:13:32', NULL, 30),
(270, 79, 10, '2017-12-26 00:00:00', '2017-12-14 21:13:33', '2017-12-14 21:13:33', NULL, 0),
(271, 79, 7, '2017-12-26 00:00:00', '2017-12-14 21:13:34', '2017-12-14 21:13:34', NULL, 0),
(272, 79, 7, '2017-12-26 00:00:00', '2017-12-14 21:13:35', '2017-12-14 21:13:35', NULL, 30),
(273, 79, 8, '2017-12-26 00:00:00', '2017-12-14 21:13:36', '2017-12-14 21:13:36', NULL, 0),
(274, 79, 8, '2017-12-26 00:00:00', '2017-12-14 21:13:37', '2017-12-14 21:13:37', NULL, 30),
(275, 79, 9, '2017-12-26 00:00:00', '2017-12-14 21:13:37', '2017-12-14 21:13:37', NULL, 0),
(276, 79, 9, '2017-12-26 00:00:00', '2017-12-14 21:13:38', '2017-12-14 21:13:38', NULL, 30),
(277, 79, 7, '2017-12-27 00:00:00', '2017-12-14 21:13:39', '2017-12-14 21:13:39', NULL, 0),
(278, 79, 7, '2017-12-27 00:00:00', '2017-12-14 21:13:39', '2017-12-14 21:13:39', NULL, 30),
(279, 79, 8, '2017-12-27 00:00:00', '2017-12-14 21:13:40', '2017-12-14 21:13:40', NULL, 30),
(280, 79, 8, '2017-12-27 00:00:00', '2017-12-14 21:13:41', '2017-12-14 21:13:41', NULL, 0),
(281, 79, 9, '2017-12-27 00:00:00', '2017-12-14 21:13:42', '2017-12-14 21:13:42', NULL, 0),
(282, 79, 9, '2017-12-27 00:00:00', '2017-12-14 21:13:42', '2017-12-14 21:13:42', NULL, 30),
(283, 79, 10, '2017-12-27 00:00:00', '2017-12-14 21:13:43', '2017-12-14 21:13:43', NULL, 0),
(284, 79, 10, '2017-12-27 00:00:00', '2017-12-14 21:13:44', '2017-12-14 21:13:44', NULL, 30),
(285, 79, 11, '2017-12-27 00:00:00', '2017-12-14 21:13:44', '2017-12-14 21:13:44', NULL, 0),
(286, 79, 11, '2017-12-27 00:00:00', '2017-12-14 21:13:45', '2017-12-14 21:13:45', NULL, 30),
(287, 79, 12, '2017-12-27 00:00:00', '2017-12-14 21:13:46', '2017-12-14 21:13:46', NULL, 0),
(288, 79, 12, '2017-12-27 00:00:00', '2017-12-14 21:13:47', '2017-12-14 21:13:47', NULL, 30),
(289, 79, 13, '2017-12-27 00:00:00', '2017-12-14 21:13:49', '2017-12-14 21:13:49', NULL, 0),
(290, 79, 13, '2017-12-27 00:00:00', '2017-12-14 21:13:50', '2017-12-14 21:13:50', NULL, 30),
(291, 79, 14, '2017-12-27 00:00:00', '2017-12-14 21:13:50', '2017-12-14 21:13:50', NULL, 0),
(292, 79, 14, '2017-12-27 00:00:00', '2017-12-14 21:13:51', '2017-12-14 21:13:51', NULL, 30),
(293, 79, 14, '2017-12-28 00:00:00', '2017-12-14 21:13:52', '2017-12-14 21:13:52', NULL, 30),
(294, 79, 14, '2017-12-28 00:00:00', '2017-12-14 21:13:52', '2017-12-14 21:13:52', NULL, 0),
(295, 79, 13, '2017-12-28 00:00:00', '2017-12-14 21:13:53', '2017-12-14 21:13:53', NULL, 30),
(296, 79, 13, '2017-12-28 00:00:00', '2017-12-14 21:13:54', '2017-12-14 21:13:54', NULL, 0),
(297, 79, 12, '2017-12-28 00:00:00', '2017-12-14 21:13:54', '2017-12-14 21:13:54', NULL, 30),
(298, 79, 12, '2017-12-28 00:00:00', '2017-12-14 21:13:55', '2017-12-14 21:13:55', NULL, 0),
(299, 79, 11, '2017-12-28 00:00:00', '2017-12-14 21:13:55', '2017-12-14 21:13:55', NULL, 30),
(300, 79, 11, '2017-12-28 00:00:00', '2017-12-14 21:13:56', '2017-12-14 21:13:56', NULL, 0),
(301, 79, 10, '2017-12-28 00:00:00', '2017-12-14 21:13:56', '2017-12-14 21:13:56', NULL, 30),
(302, 79, 10, '2017-12-28 00:00:00', '2017-12-14 21:13:57', '2017-12-14 21:13:57', NULL, 0),
(303, 79, 9, '2017-12-28 00:00:00', '2017-12-14 21:13:58', '2017-12-14 21:13:58', NULL, 30),
(304, 79, 9, '2017-12-28 00:00:00', '2017-12-14 21:13:59', '2017-12-14 21:13:59', NULL, 0),
(305, 79, 8, '2017-12-28 00:00:00', '2017-12-14 21:13:59', '2017-12-14 21:13:59', NULL, 30),
(306, 79, 8, '2017-12-28 00:00:00', '2017-12-14 21:14:00', '2017-12-14 21:14:00', NULL, 0),
(307, 79, 7, '2017-12-28 00:00:00', '2017-12-14 21:14:00', '2017-12-14 21:14:00', NULL, 30),
(308, 79, 7, '2017-12-28 00:00:00', '2017-12-14 21:14:01', '2017-12-14 21:14:01', NULL, 0),
(309, 79, 7, '2017-12-29 00:00:00', '2017-12-14 21:14:02', '2017-12-14 21:14:02', NULL, 0),
(310, 79, 7, '2017-12-29 00:00:00', '2017-12-14 21:14:02', '2017-12-14 21:14:02', NULL, 30),
(311, 79, 8, '2017-12-29 00:00:00', '2017-12-14 21:14:03', '2017-12-14 21:14:03', NULL, 0),
(312, 79, 8, '2017-12-29 00:00:00', '2017-12-14 21:14:04', '2017-12-14 21:14:04', NULL, 30),
(313, 79, 9, '2017-12-29 00:00:00', '2017-12-14 21:14:04', '2017-12-14 21:14:04', NULL, 0),
(314, 79, 9, '2017-12-29 00:00:00', '2017-12-14 21:14:05', '2017-12-14 21:14:05', NULL, 30),
(315, 79, 10, '2017-12-29 00:00:00', '2017-12-14 21:14:06', '2017-12-14 21:14:06', NULL, 0),
(316, 79, 10, '2017-12-29 00:00:00', '2017-12-14 21:14:06', '2017-12-14 21:14:06', NULL, 30),
(317, 79, 11, '2017-12-29 00:00:00', '2017-12-14 21:14:07', '2017-12-14 21:14:07', NULL, 0),
(318, 79, 11, '2017-12-29 00:00:00', '2017-12-14 21:14:07', '2017-12-14 21:14:07', NULL, 30),
(319, 79, 12, '2017-12-29 00:00:00', '2017-12-14 21:14:08', '2017-12-14 21:14:08', NULL, 0),
(320, 79, 12, '2017-12-29 00:00:00', '2017-12-14 21:14:09', '2017-12-14 21:14:09', NULL, 30),
(321, 79, 13, '2017-12-29 00:00:00', '2017-12-14 21:14:09', '2017-12-14 21:14:09', NULL, 0),
(322, 79, 13, '2017-12-29 00:00:00', '2017-12-14 21:14:10', '2017-12-14 21:14:10', NULL, 30),
(323, 79, 14, '2017-12-29 00:00:00', '2017-12-14 21:14:10', '2017-12-14 21:14:10', NULL, 0),
(324, 79, 14, '2017-12-29 00:00:00', '2017-12-14 21:14:11', '2017-12-14 21:14:11', NULL, 30),
(325, 79, 15, '2017-12-29 00:00:00', '2017-12-14 21:14:12', '2017-12-14 21:14:12', NULL, 0),
(326, 79, 15, '2017-12-28 00:00:00', '2017-12-14 21:14:12', '2017-12-14 21:14:12', NULL, 0),
(327, 79, 15, '2017-12-28 00:00:00', '2017-12-14 21:14:14', '2017-12-14 21:14:14', NULL, 30),
(328, 79, 16, '2017-12-28 00:00:00', '2017-12-14 21:14:15', '2017-12-14 21:14:15', NULL, 0),
(329, 79, 16, '2017-12-28 00:00:00', '2017-12-14 21:14:16', '2017-12-14 21:14:16', NULL, 30),
(330, 79, 17, '2017-12-28 00:00:00', '2017-12-14 21:14:16', '2017-12-14 21:14:16', NULL, 0),
(331, 79, 17, '2017-12-28 00:00:00', '2017-12-14 21:14:17', '2017-12-14 21:14:17', NULL, 30),
(332, 79, 18, '2017-12-28 00:00:00', '2017-12-14 21:14:17', '2017-12-14 21:14:17', NULL, 0),
(333, 79, 18, '2017-12-28 00:00:00', '2017-12-14 21:14:18', '2017-12-14 21:14:18', NULL, 30),
(334, 79, 15, '2017-12-29 00:00:00', '2017-12-14 21:14:20', '2017-12-14 21:14:20', NULL, 30),
(335, 79, 16, '2017-12-29 00:00:00', '2017-12-14 21:14:21', '2017-12-14 21:14:21', NULL, 0),
(336, 79, 16, '2017-12-29 00:00:00', '2017-12-14 21:14:21', '2017-12-14 21:14:21', NULL, 30),
(337, 79, 17, '2017-12-29 00:00:00', '2017-12-14 21:14:22', '2017-12-14 21:14:22', NULL, 0),
(338, 79, 17, '2017-12-29 00:00:00', '2017-12-14 21:14:22', '2017-12-14 21:14:22', NULL, 30),
(339, 79, 18, '2017-12-29 00:00:00', '2017-12-14 21:14:23', '2017-12-14 21:14:23', NULL, 0),
(340, 79, 18, '2017-12-29 00:00:00', '2017-12-14 21:14:23', '2017-12-14 21:14:23', NULL, 30),
(341, 79, 19, '2017-12-29 00:00:00', '2017-12-14 21:14:24', '2017-12-14 21:14:24', NULL, 0),
(342, 79, 19, '2017-12-29 00:00:00', '2017-12-14 21:14:25', '2017-12-14 21:14:25', NULL, 30),
(343, 79, 20, '2017-12-29 00:00:00', '2017-12-14 21:14:26', '2017-12-14 21:14:26', NULL, 0),
(344, 79, 20, '2017-12-29 00:00:00', '2017-12-14 21:14:26', '2017-12-14 21:14:26', NULL, 30),
(345, 79, 21, '2017-12-29 00:00:00', '2017-12-14 21:14:27', '2017-12-14 21:14:27', NULL, 0),
(346, 79, 21, '2017-12-29 00:00:00', '2017-12-14 21:14:27', '2017-12-14 21:14:27', NULL, 30),
(347, 79, 22, '2017-12-29 00:00:00', '2017-12-14 21:14:28', '2017-12-14 21:14:28', NULL, 0),
(348, 79, 21, '2017-12-28 00:00:00', '2017-12-14 21:14:29', '2017-12-14 21:14:29', NULL, 30),
(349, 79, 21, '2017-12-28 00:00:00', '2017-12-14 21:14:29', '2017-12-14 21:14:29', NULL, 0),
(350, 79, 20, '2017-12-28 00:00:00', '2017-12-14 21:14:30', '2017-12-14 21:14:30', NULL, 30),
(351, 79, 20, '2017-12-28 00:00:00', '2017-12-14 21:14:31', '2017-12-14 21:14:31', NULL, 0),
(352, 79, 19, '2017-12-28 00:00:00', '2017-12-14 21:14:31', '2017-12-14 21:14:31', NULL, 30),
(353, 79, 19, '2017-12-28 00:00:00', '2017-12-14 21:14:32', '2017-12-14 21:14:32', NULL, 0),
(354, 79, 7, '2017-12-30 00:00:00', '2017-12-14 21:14:36', '2017-12-14 21:14:36', NULL, 0),
(355, 79, 7, '2017-12-30 00:00:00', '2017-12-14 21:14:37', '2017-12-14 21:14:37', NULL, 30),
(356, 79, 8, '2017-12-30 00:00:00', '2017-12-14 21:14:38', '2017-12-14 21:14:38', NULL, 0),
(357, 79, 8, '2017-12-30 00:00:00', '2017-12-14 21:14:38', '2017-12-14 21:14:38', NULL, 30),
(358, 79, 9, '2017-12-30 00:00:00', '2017-12-14 21:14:39', '2017-12-14 21:14:39', NULL, 0),
(359, 79, 9, '2017-12-30 00:00:00', '2017-12-14 21:14:41', '2017-12-14 21:14:41', NULL, 30),
(360, 79, 10, '2017-12-30 00:00:00', '2017-12-14 21:14:42', '2017-12-14 21:14:42', NULL, 0),
(361, 79, 10, '2017-12-30 00:00:00', '2017-12-14 21:14:42', '2017-12-14 21:14:42', NULL, 30),
(362, 79, 11, '2017-12-30 00:00:00', '2017-12-14 21:14:43', '2017-12-14 21:14:43', NULL, 0),
(363, 79, 11, '2017-12-30 00:00:00', '2017-12-14 21:14:43', '2017-12-14 21:14:43', NULL, 30),
(364, 79, 12, '2017-12-30 00:00:00', '2017-12-14 21:14:44', '2017-12-14 21:14:44', NULL, 0),
(365, 79, 12, '2017-12-30 00:00:00', '2017-12-14 21:14:44', '2017-12-14 21:14:44', NULL, 30),
(366, 79, 13, '2017-12-30 00:00:00', '2017-12-14 21:14:45', '2017-12-14 21:14:45', NULL, 0),
(367, 79, 13, '2017-12-30 00:00:00', '2017-12-14 21:14:45', '2017-12-14 21:14:45', NULL, 30),
(368, 79, 14, '2017-12-30 00:00:00', '2017-12-14 21:14:46', '2017-12-14 21:14:46', NULL, 0),
(369, 79, 14, '2017-12-30 00:00:00', '2017-12-14 21:14:46', '2017-12-14 21:14:46', NULL, 30),
(370, 79, 15, '2017-12-30 00:00:00', '2017-12-14 21:14:47', '2017-12-14 21:14:47', NULL, 0),
(371, 79, 15, '2017-12-31 00:00:00', '2017-12-14 21:14:48', '2017-12-14 21:14:48', NULL, 0),
(372, 79, 14, '2017-12-31 00:00:00', '2017-12-14 21:14:49', '2017-12-14 21:14:49', NULL, 30),
(373, 79, 14, '2017-12-31 00:00:00', '2017-12-14 21:14:49', '2017-12-14 21:14:49', NULL, 0),
(374, 79, 13, '2017-12-31 00:00:00', '2017-12-14 21:14:50', '2017-12-14 21:14:50', NULL, 30),
(375, 79, 13, '2017-12-31 00:00:00', '2017-12-14 21:14:50', '2017-12-14 21:14:50', NULL, 0),
(376, 79, 12, '2017-12-31 00:00:00', '2017-12-14 21:14:51', '2017-12-14 21:14:51', NULL, 30),
(377, 79, 12, '2017-12-31 00:00:00', '2017-12-14 21:14:51', '2017-12-14 21:14:51', NULL, 0),
(378, 79, 11, '2017-12-31 00:00:00', '2017-12-14 21:14:52', '2017-12-14 21:14:52', NULL, 30),
(379, 79, 11, '2017-12-31 00:00:00', '2017-12-14 21:14:52', '2017-12-14 21:14:52', NULL, 0),
(380, 79, 10, '2017-12-31 00:00:00', '2017-12-14 21:14:53', '2017-12-14 21:14:53', NULL, 30),
(381, 79, 10, '2017-12-31 00:00:00', '2017-12-14 21:14:53', '2017-12-14 21:14:53', NULL, 0),
(382, 79, 9, '2017-12-31 00:00:00', '2017-12-14 21:14:54', '2017-12-14 21:14:54', NULL, 30),
(383, 79, 9, '2017-12-31 00:00:00', '2017-12-14 21:14:54', '2017-12-14 21:14:54', NULL, 0),
(384, 79, 8, '2017-12-31 00:00:00', '2017-12-14 21:14:55', '2017-12-14 21:14:55', NULL, 30),
(385, 79, 8, '2017-12-31 00:00:00', '2017-12-14 21:14:56', '2017-12-14 21:14:56', NULL, 0),
(386, 79, 7, '2017-12-31 00:00:00', '2017-12-14 21:14:56', '2017-12-14 21:14:56', NULL, 30),
(387, 79, 7, '2017-12-31 00:00:00', '2017-12-14 21:14:57', '2017-12-14 21:14:57', NULL, 0),
(388, 79, 7, '2018-01-01 00:00:00', '2017-12-14 21:14:57', '2017-12-14 21:14:57', NULL, 0),
(389, 79, 7, '2018-01-01 00:00:00', '2017-12-14 21:14:58', '2017-12-14 21:14:58', NULL, 30),
(390, 79, 8, '2018-01-01 00:00:00', '2017-12-14 21:14:59', '2017-12-14 21:14:59', NULL, 0),
(391, 79, 8, '2018-01-01 00:00:00', '2017-12-14 21:15:00', '2017-12-14 21:15:00', NULL, 30),
(392, 79, 9, '2018-01-01 00:00:00', '2017-12-14 21:15:00', '2017-12-14 21:15:00', NULL, 0),
(393, 79, 9, '2018-01-01 00:00:00', '2017-12-14 21:15:01', '2017-12-14 21:15:01', NULL, 30),
(394, 79, 10, '2018-01-01 00:00:00', '2017-12-14 21:15:01', '2017-12-14 21:15:01', NULL, 0),
(395, 79, 10, '2018-01-01 00:00:00', '2017-12-14 21:15:02', '2017-12-14 21:15:02', NULL, 30),
(396, 79, 11, '2018-01-01 00:00:00', '2017-12-14 21:15:03', '2017-12-14 21:15:03', NULL, 0),
(397, 79, 11, '2018-01-01 00:00:00', '2017-12-14 21:15:03', '2017-12-14 21:15:03', NULL, 30),
(398, 79, 12, '2018-01-01 00:00:00', '2017-12-14 21:15:04', '2017-12-14 21:15:04', NULL, 0),
(399, 79, 12, '2018-01-01 00:00:00', '2017-12-14 21:15:04', '2017-12-14 21:15:04', NULL, 30),
(400, 79, 13, '2018-01-01 00:00:00', '2017-12-14 21:15:05', '2017-12-14 21:15:05', NULL, 0),
(401, 79, 13, '2018-01-01 00:00:00', '2017-12-14 21:15:05', '2017-12-14 21:15:05', NULL, 30),
(402, 79, 14, '2018-01-01 00:00:00', '2017-12-14 21:15:06', '2017-12-14 21:15:06', NULL, 0),
(403, 79, 14, '2018-01-01 00:00:00', '2017-12-14 21:15:06', '2017-12-14 21:15:06', NULL, 30),
(404, 79, 15, '2018-01-01 00:00:00', '2017-12-14 21:15:07', '2017-12-14 21:15:07', NULL, 0),
(405, 79, 7, '2018-01-02 00:00:00', '2017-12-14 21:15:09', '2017-12-14 21:15:09', NULL, 0),
(406, 79, 7, '2018-01-02 00:00:00', '2017-12-14 21:15:10', '2017-12-14 21:15:10', NULL, 30),
(407, 79, 8, '2018-01-02 00:00:00', '2017-12-14 21:15:10', '2017-12-14 21:15:10', NULL, 0),
(408, 79, 8, '2018-01-02 00:00:00', '2017-12-14 21:15:11', '2017-12-14 21:15:11', NULL, 30),
(409, 79, 9, '2018-01-02 00:00:00', '2017-12-14 21:15:11', '2017-12-14 21:15:11', NULL, 0),
(410, 79, 9, '2018-01-02 00:00:00', '2017-12-14 21:15:12', '2017-12-14 21:15:12', NULL, 30),
(411, 79, 10, '2018-01-02 00:00:00', '2017-12-14 21:15:12', '2017-12-14 21:15:12', NULL, 0),
(412, 79, 10, '2018-01-02 00:00:00', '2017-12-14 21:15:13', '2017-12-14 21:15:13', NULL, 30),
(413, 79, 11, '2018-01-02 00:00:00', '2017-12-14 21:15:13', '2017-12-14 21:15:13', NULL, 0),
(414, 79, 11, '2018-01-02 00:00:00', '2017-12-14 21:15:14', '2017-12-14 21:15:14', NULL, 30),
(415, 79, 12, '2018-01-02 00:00:00', '2017-12-14 21:15:15', '2017-12-14 21:15:15', NULL, 0),
(416, 79, 12, '2018-01-02 00:00:00', '2017-12-14 21:15:15', '2017-12-14 21:15:15', NULL, 30),
(417, 79, 13, '2018-01-02 00:00:00', '2017-12-14 21:15:16', '2017-12-14 21:15:16', NULL, 0),
(418, 79, 13, '2018-01-02 00:00:00', '2017-12-14 21:15:17', '2017-12-14 21:15:17', NULL, 30),
(419, 79, 14, '2018-01-02 00:00:00', '2017-12-14 21:15:18', '2017-12-14 21:15:18', NULL, 0),
(420, 79, 14, '2018-01-02 00:00:00', '2017-12-14 21:15:19', '2017-12-14 21:15:19', NULL, 30),
(421, 79, 15, '2018-01-02 00:00:00', '2017-12-14 21:15:20', '2017-12-14 21:15:20', NULL, 0),
(422, 79, 15, '2017-12-30 00:00:00', '2017-12-14 21:15:25', '2017-12-14 21:15:25', NULL, 30),
(423, 79, 16, '2017-12-30 00:00:00', '2017-12-14 21:15:25', '2017-12-14 21:15:25', NULL, 0),
(424, 79, 16, '2017-12-30 00:00:00', '2017-12-14 21:15:26', '2017-12-14 21:15:26', NULL, 30),
(425, 79, 17, '2017-12-30 00:00:00', '2017-12-14 21:15:27', '2017-12-14 21:15:27', NULL, 0),
(426, 79, 17, '2017-12-30 00:00:00', '2017-12-14 21:15:27', '2017-12-14 21:15:27', NULL, 30),
(427, 79, 18, '2017-12-30 00:00:00', '2017-12-14 21:15:28', '2017-12-14 21:15:28', NULL, 0),
(428, 79, 18, '2017-12-30 00:00:00', '2017-12-14 21:15:28', '2017-12-14 21:15:28', NULL, 30),
(429, 79, 19, '2017-12-30 00:00:00', '2017-12-14 21:15:29', '2017-12-14 21:15:29', NULL, 0),
(430, 79, 19, '2017-12-30 00:00:00', '2017-12-14 21:15:30', '2017-12-14 21:15:30', NULL, 30),
(431, 79, 20, '2017-12-30 00:00:00', '2017-12-14 21:15:31', '2017-12-14 21:15:31', NULL, 0),
(432, 79, 20, '2017-12-30 00:00:00', '2017-12-14 21:15:31', '2017-12-14 21:15:31', NULL, 30),
(433, 79, 21, '2017-12-30 00:00:00', '2017-12-14 21:15:32', '2017-12-14 21:15:32', NULL, 0),
(434, 79, 21, '2017-12-30 00:00:00', '2017-12-14 21:15:33', '2017-12-14 21:15:33', NULL, 30),
(435, 79, 22, '2017-12-30 00:00:00', '2017-12-14 21:15:33', '2017-12-14 21:15:33', NULL, 0),
(436, 79, 15, '2017-12-31 00:00:00', '2017-12-14 21:15:35', '2017-12-14 21:15:35', NULL, 30),
(437, 79, 16, '2017-12-31 00:00:00', '2017-12-14 21:15:35', '2017-12-14 21:15:35', NULL, 0),
(438, 79, 16, '2017-12-31 00:00:00', '2017-12-14 21:15:36', '2017-12-14 21:15:36', NULL, 30),
(439, 79, 17, '2017-12-31 00:00:00', '2017-12-14 21:15:36', '2017-12-14 21:15:36', NULL, 0),
(440, 79, 17, '2017-12-31 00:00:00', '2017-12-14 21:15:37', '2017-12-14 21:15:37', NULL, 30),
(441, 79, 18, '2017-12-31 00:00:00', '2017-12-14 21:15:38', '2017-12-14 21:15:38', NULL, 0),
(442, 79, 18, '2017-12-31 00:00:00', '2017-12-14 21:15:39', '2017-12-14 21:15:39', NULL, 30),
(443, 79, 19, '2017-12-31 00:00:00', '2017-12-14 21:15:40', '2017-12-14 21:15:40', NULL, 0),
(444, 79, 19, '2017-12-31 00:00:00', '2017-12-14 21:15:41', '2017-12-14 21:15:41', NULL, 30),
(445, 79, 20, '2017-12-31 00:00:00', '2017-12-14 21:15:41', '2017-12-14 21:15:41', NULL, 0),
(446, 79, 20, '2017-12-31 00:00:00', '2017-12-14 21:15:42', '2017-12-14 21:15:42', NULL, 30),
(447, 79, 21, '2017-12-31 00:00:00', '2017-12-14 21:15:42', '2017-12-14 21:15:42', NULL, 0),
(448, 79, 21, '2017-12-31 00:00:00', '2017-12-14 21:15:43', '2017-12-14 21:15:43', NULL, 30),
(449, 79, 22, '2017-12-31 00:00:00', '2017-12-14 21:15:43', '2017-12-14 21:15:43', NULL, 0),
(450, 79, 15, '2018-01-01 00:00:00', '2017-12-14 21:15:44', '2017-12-14 21:15:44', NULL, 30),
(451, 79, 16, '2018-01-01 00:00:00', '2017-12-14 21:15:45', '2017-12-14 21:15:45', NULL, 0),
(452, 79, 16, '2018-01-01 00:00:00', '2017-12-14 21:15:46', '2017-12-14 21:15:46', NULL, 30),
(453, 79, 17, '2018-01-01 00:00:00', '2017-12-14 21:15:46', '2017-12-14 21:15:46', NULL, 0),
(454, 79, 17, '2018-01-01 00:00:00', '2017-12-14 21:15:47', '2017-12-14 21:15:47', NULL, 30),
(455, 79, 18, '2018-01-01 00:00:00', '2017-12-14 21:15:47', '2017-12-14 21:15:47', NULL, 0),
(456, 79, 18, '2018-01-01 00:00:00', '2017-12-14 21:15:48', '2017-12-14 21:15:48', NULL, 30),
(457, 79, 19, '2018-01-01 00:00:00', '2017-12-14 21:15:48', '2017-12-14 21:15:48', NULL, 0),
(458, 79, 19, '2018-01-01 00:00:00', '2017-12-14 21:15:49', '2017-12-14 21:15:49', NULL, 30),
(459, 79, 20, '2018-01-01 00:00:00', '2017-12-14 21:15:50', '2017-12-14 21:15:50', NULL, 0),
(460, 79, 20, '2018-01-01 00:00:00', '2017-12-14 21:15:51', '2017-12-14 21:15:51', NULL, 30),
(461, 79, 21, '2018-01-01 00:00:00', '2017-12-14 21:15:51', '2017-12-14 21:15:51', NULL, 0),
(462, 79, 21, '2018-01-01 00:00:00', '2017-12-14 21:15:52', '2017-12-14 21:15:52', NULL, 30),
(463, 79, 21, '2018-01-02 00:00:00', '2017-12-14 21:15:52', '2017-12-14 21:15:52', NULL, 30),
(464, 79, 21, '2018-01-02 00:00:00', '2017-12-14 21:15:53', '2017-12-14 21:15:53', NULL, 0),
(465, 79, 20, '2018-01-02 00:00:00', '2017-12-14 21:15:53', '2017-12-14 21:15:53', NULL, 30),
(466, 79, 20, '2018-01-02 00:00:00', '2017-12-14 21:15:54', '2017-12-14 21:15:54', NULL, 0),
(467, 79, 19, '2018-01-02 00:00:00', '2017-12-14 21:15:55', '2017-12-14 21:15:55', NULL, 0),
(468, 79, 19, '2018-01-02 00:00:00', '2017-12-14 21:15:56', '2017-12-14 21:15:56', NULL, 30),
(469, 79, 18, '2018-01-02 00:00:00', '2017-12-14 21:15:56', '2017-12-14 21:15:56', NULL, 30),
(470, 79, 18, '2018-01-02 00:00:00', '2017-12-14 21:15:57', '2017-12-14 21:15:57', NULL, 0),
(471, 79, 17, '2018-01-02 00:00:00', '2017-12-14 21:15:57', '2017-12-14 21:15:57', NULL, 30),
(472, 79, 17, '2018-01-02 00:00:00', '2017-12-14 21:15:58', '2017-12-14 21:15:58', NULL, 0),
(473, 79, 16, '2018-01-02 00:00:00', '2017-12-14 21:15:58', '2017-12-14 21:15:58', NULL, 30),
(474, 79, 16, '2018-01-02 00:00:00', '2017-12-14 21:15:59', '2017-12-14 21:15:59', NULL, 0),
(475, 79, 15, '2018-01-02 00:00:00', '2017-12-14 21:15:59', '2017-12-14 21:15:59', NULL, 30),
(476, 76, 10, '2017-12-28 00:00:00', '2017-12-18 09:34:41', '2017-12-18 09:34:41', NULL, 30),
(477, 76, 11, '2017-12-28 00:00:00', '2017-12-18 09:34:45', '2017-12-18 09:34:45', NULL, 0),
(478, 76, 11, '2017-12-28 00:00:00', '2017-12-18 09:34:50', '2017-12-18 09:34:50', NULL, 30),
(479, 76, 12, '2017-12-28 00:00:00', '2017-12-18 09:34:50', '2017-12-18 09:34:50', NULL, 0),
(480, 76, 12, '2017-12-28 00:00:00', '2017-12-18 09:34:51', '2017-12-18 09:34:51', NULL, 30),
(481, 76, 13, '2017-12-28 00:00:00', '2017-12-18 09:34:52', '2017-12-18 09:34:52', NULL, 0),
(482, 76, 13, '2017-12-28 00:00:00', '2017-12-18 09:34:53', '2017-12-18 09:34:53', NULL, 30),
(483, 76, 14, '2017-12-28 00:00:00', '2017-12-18 09:34:54', '2017-12-18 09:34:54', NULL, 0),
(484, 76, 14, '2017-12-28 00:00:00', '2017-12-18 09:34:54', '2017-12-18 09:34:54', NULL, 30),
(485, 76, 15, '2017-12-28 00:00:00', '2017-12-18 09:34:55', '2017-12-18 09:34:55', NULL, 0),
(486, 76, 15, '2017-12-28 00:00:00', '2017-12-18 09:34:56', '2017-12-18 09:34:56', NULL, 30),
(487, 76, 17, '2017-12-28 00:00:00', '2017-12-18 09:34:57', '2017-12-18 09:34:57', NULL, 0),
(488, 76, 16, '2017-12-28 00:00:00', '2017-12-18 09:34:58', '2017-12-18 09:34:58', NULL, 30),
(489, 76, 16, '2017-12-28 00:00:00', '2017-12-18 09:34:58', '2017-12-18 09:34:58', NULL, 0),
(490, 76, 10, '2017-12-21 00:00:00', '2017-12-20 13:15:18', '2017-12-20 13:15:18', NULL, 30),
(491, 76, 11, '2017-12-21 00:00:00', '2017-12-20 13:15:23', '2017-12-20 13:15:23', NULL, 0),
(492, 76, 11, '2017-12-21 00:00:00', '2017-12-20 13:15:23', '2017-12-20 13:15:23', NULL, 30),
(493, 76, 12, '2017-12-21 00:00:00', '2017-12-20 13:15:25', '2017-12-20 13:15:25', NULL, 0),
(494, 76, 12, '2017-12-21 00:00:00', '2017-12-20 13:15:26', '2017-12-20 13:15:26', NULL, 30),
(495, 76, 13, '2017-12-21 00:00:00', '2017-12-20 13:15:29', '2017-12-20 13:15:29', NULL, 0),
(498, 76, 10, '2017-12-20 00:00:00', '2017-12-20 13:16:48', '2017-12-20 13:16:48', NULL, 30),
(499, 76, 11, '2017-12-20 00:00:00', '2017-12-20 13:16:50', '2017-12-20 13:16:50', NULL, 0),
(500, 76, 11, '2017-12-20 00:00:00', '2017-12-20 13:16:50', '2017-12-20 13:16:50', NULL, 30),
(501, 76, 12, '2017-12-20 00:00:00', '2017-12-20 13:16:52', '2017-12-20 13:16:52', NULL, 0),
(502, 76, 12, '2017-12-20 00:00:00', '2017-12-20 13:16:53', '2017-12-20 13:16:53', NULL, 30),
(503, 76, 16, '2017-12-20 00:00:00', '2017-12-20 13:16:54', '2017-12-20 13:16:54', NULL, 30),
(504, 76, 16, '2017-12-20 00:00:00', '2017-12-20 13:16:55', '2017-12-20 13:16:55', NULL, 0),
(505, 76, 15, '2017-12-20 00:00:00', '2017-12-20 13:16:56', '2017-12-20 13:16:56', NULL, 30),
(506, 76, 15, '2017-12-20 00:00:00', '2017-12-20 13:16:56', '2017-12-20 13:16:56', NULL, 0),
(507, 76, 14, '2017-12-20 00:00:00', '2017-12-20 13:16:58', '2017-12-20 13:16:58', NULL, 30),
(508, 76, 14, '2017-12-20 00:00:00', '2017-12-20 13:16:59', '2017-12-20 13:16:59', NULL, 0),
(509, 76, 13, '2017-12-20 00:00:00', '2017-12-20 13:17:00', '2017-12-20 13:17:00', NULL, 30),
(510, 76, 13, '2017-12-20 00:00:00', '2017-12-20 13:17:01', '2017-12-20 13:17:01', NULL, 0),
(511, 76, 17, '2017-12-20 00:00:00', '2017-12-20 13:17:03', '2017-12-20 13:17:03', NULL, 0),
(512, 76, 10, '2017-12-27 00:00:00', '2017-12-20 13:17:10', '2017-12-20 13:17:10', NULL, 30),
(513, 76, 11, '2017-12-27 00:00:00', '2017-12-20 13:17:11', '2017-12-20 13:17:11', NULL, 0),
(514, 76, 11, '2017-12-27 00:00:00', '2017-12-20 13:17:12', '2017-12-20 13:17:12', NULL, 30),
(515, 76, 12, '2017-12-27 00:00:00', '2017-12-20 13:17:12', '2017-12-20 13:17:12', NULL, 0),
(516, 76, 12, '2017-12-27 00:00:00', '2017-12-20 13:17:13', '2017-12-20 13:17:13', NULL, 30),
(517, 76, 13, '2017-12-27 00:00:00', '2017-12-20 13:17:14', '2017-12-20 13:17:14', NULL, 0),
(518, 76, 13, '2017-12-27 00:00:00', '2017-12-20 13:17:14', '2017-12-20 13:17:14', NULL, 30),
(519, 76, 14, '2017-12-27 00:00:00', '2017-12-20 13:17:15', '2017-12-20 13:17:15', NULL, 0),
(520, 76, 14, '2017-12-27 00:00:00', '2017-12-20 13:17:16', '2017-12-20 13:17:16', NULL, 30),
(521, 76, 15, '2017-12-27 00:00:00', '2017-12-20 13:17:17', '2017-12-20 13:17:17', NULL, 0),
(522, 76, 15, '2017-12-27 00:00:00', '2017-12-20 13:17:18', '2017-12-20 13:17:18', NULL, 30),
(523, 76, 16, '2017-12-27 00:00:00', '2017-12-20 13:17:19', '2017-12-20 13:17:19', NULL, 0),
(524, 76, 16, '2017-12-27 00:00:00', '2017-12-20 13:17:19', '2017-12-20 13:17:19', NULL, 30),
(525, 76, 17, '2017-12-27 00:00:00', '2017-12-20 13:17:21', '2017-12-20 13:17:21', NULL, 0),
(526, 76, 10, '2018-01-11 00:00:00', '2017-12-20 13:17:39', '2017-12-20 13:17:39', NULL, 30),
(527, 76, 11, '2018-01-11 00:00:00', '2017-12-20 13:17:40', '2017-12-20 13:17:40', NULL, 0),
(528, 76, 11, '2018-01-11 00:00:00', '2017-12-20 13:17:41', '2017-12-20 13:17:41', NULL, 30),
(529, 76, 12, '2018-01-11 00:00:00', '2017-12-20 13:17:42', '2017-12-20 13:17:42', NULL, 0),
(530, 76, 12, '2018-01-11 00:00:00', '2017-12-20 13:17:43', '2017-12-20 13:17:43', NULL, 30),
(531, 76, 13, '2018-01-11 00:00:00', '2017-12-20 13:17:45', '2017-12-20 13:17:45', NULL, 0),
(532, 76, 13, '2018-01-11 00:00:00', '2017-12-20 13:17:46', '2017-12-20 13:17:46', NULL, 30),
(533, 76, 14, '2018-01-11 00:00:00', '2017-12-20 13:17:46', '2017-12-20 13:17:46', NULL, 0),
(534, 76, 10, '2018-01-10 00:00:00', '2017-12-20 13:17:48', '2017-12-20 13:17:48', NULL, 30),
(535, 76, 11, '2018-01-10 00:00:00', '2017-12-20 13:17:49', '2017-12-20 13:17:49', NULL, 0),
(536, 76, 11, '2018-01-10 00:00:00', '2017-12-20 13:17:49', '2017-12-20 13:17:49', NULL, 30),
(537, 76, 12, '2018-01-10 00:00:00', '2017-12-20 13:17:50', '2017-12-20 13:17:50', NULL, 0),
(538, 76, 12, '2018-01-10 00:00:00', '2017-12-20 13:17:51', '2017-12-20 13:17:51', NULL, 30),
(539, 76, 13, '2018-01-10 00:00:00', '2017-12-20 13:17:51', '2017-12-20 13:17:51', NULL, 0),
(540, 76, 13, '2018-01-10 00:00:00', '2017-12-20 13:17:52', '2017-12-20 13:17:52', NULL, 30),
(541, 76, 14, '2018-01-10 00:00:00', '2017-12-20 13:17:52', '2017-12-20 13:17:52', NULL, 0),
(542, 76, 14, '2018-01-10 00:00:00', '2017-12-20 13:17:53', '2017-12-20 13:17:53', NULL, 30),
(543, 76, 15, '2018-01-10 00:00:00', '2017-12-20 13:17:54', '2017-12-20 13:17:54', NULL, 0),
(544, 76, 15, '2018-01-10 00:00:00', '2017-12-20 13:17:54', '2017-12-20 13:17:54', NULL, 30),
(545, 76, 16, '2018-01-10 00:00:00', '2017-12-20 13:17:55', '2017-12-20 13:17:55', NULL, 0),
(546, 76, 16, '2018-01-10 00:00:00', '2017-12-20 13:17:56', '2017-12-20 13:17:56', NULL, 30),
(547, 76, 17, '2018-01-10 00:00:00', '2017-12-20 13:17:56', '2017-12-20 13:17:56', NULL, 0),
(548, 76, 17, '2018-01-11 00:00:00', '2017-12-20 13:17:57', '2017-12-20 13:17:57', NULL, 0),
(549, 76, 16, '2018-01-11 00:00:00', '2017-12-20 13:17:57', '2017-12-20 13:17:57', NULL, 30),
(550, 76, 16, '2018-01-11 00:00:00', '2017-12-20 13:17:58', '2017-12-20 13:17:58', NULL, 0),
(551, 76, 15, '2018-01-11 00:00:00', '2017-12-20 13:17:59', '2017-12-20 13:17:59', NULL, 30),
(552, 76, 15, '2018-01-11 00:00:00', '2017-12-20 13:17:59', '2017-12-20 13:17:59', NULL, 0),
(553, 76, 14, '2018-01-11 00:00:00', '2017-12-20 13:18:01', '2017-12-20 13:18:01', NULL, 30),
(554, 76, 17, '2018-01-09 00:00:00', '2017-12-20 13:18:02', '2017-12-20 13:18:02', NULL, 0),
(555, 76, 16, '2018-01-09 00:00:00', '2017-12-20 13:18:02', '2017-12-20 13:18:02', NULL, 30),
(556, 76, 16, '2018-01-09 00:00:00', '2017-12-20 13:18:04', '2017-12-20 13:18:04', NULL, 0),
(557, 76, 15, '2018-01-09 00:00:00', '2017-12-20 13:18:04', '2017-12-20 13:18:04', NULL, 30),
(558, 76, 15, '2018-01-09 00:00:00', '2017-12-20 13:18:05', '2017-12-20 13:18:05', NULL, 0),
(559, 76, 14, '2018-01-09 00:00:00', '2017-12-20 13:18:05', '2017-12-20 13:18:05', NULL, 30),
(560, 76, 14, '2018-01-09 00:00:00', '2017-12-20 13:18:06', '2017-12-20 13:18:06', NULL, 0),
(561, 76, 13, '2018-01-09 00:00:00', '2017-12-20 13:18:07', '2017-12-20 13:18:07', NULL, 30),
(562, 76, 13, '2018-01-09 00:00:00', '2017-12-20 13:18:07', '2017-12-20 13:18:07', NULL, 0),
(563, 76, 12, '2018-01-09 00:00:00', '2017-12-20 13:18:08', '2017-12-20 13:18:08', NULL, 30),
(564, 76, 12, '2018-01-09 00:00:00', '2017-12-20 13:18:09', '2017-12-20 13:18:09', NULL, 0),
(565, 76, 11, '2018-01-09 00:00:00', '2017-12-20 13:18:09', '2017-12-20 13:18:09', NULL, 30),
(566, 76, 11, '2018-01-09 00:00:00', '2017-12-20 13:18:10', '2017-12-20 13:18:10', NULL, 0),
(567, 76, 10, '2018-01-09 00:00:00', '2017-12-20 13:18:11', '2017-12-20 13:18:11', NULL, 30),
(568, 76, 10, '2017-12-22 00:00:00', '2017-12-20 13:19:48', '2017-12-20 13:19:48', NULL, 30),
(569, 76, 11, '2017-12-22 00:00:00', '2017-12-20 13:19:52', '2017-12-20 13:19:52', NULL, 0),
(570, 76, 11, '2017-12-22 00:00:00', '2017-12-20 13:19:53', '2017-12-20 13:19:53', NULL, 30),
(571, 76, 12, '2017-12-22 00:00:00', '2017-12-20 13:19:53', '2017-12-20 13:19:53', NULL, 0),
(572, 76, 12, '2017-12-22 00:00:00', '2017-12-20 13:19:54', '2017-12-20 13:19:54', NULL, 30),
(573, 76, 13, '2017-12-22 00:00:00', '2017-12-20 13:19:54', '2017-12-20 13:19:54', NULL, 0),
(574, 76, 13, '2017-12-22 00:00:00', '2017-12-20 13:19:55', '2017-12-20 13:19:55', NULL, 30),
(575, 76, 14, '2017-12-22 00:00:00', '2017-12-20 13:19:56', '2017-12-20 13:19:56', NULL, 0),
(576, 76, 14, '2017-12-22 00:00:00', '2017-12-20 13:19:56', '2017-12-20 13:19:56', NULL, 30),
(577, 76, 15, '2017-12-22 00:00:00', '2017-12-20 13:19:57', '2017-12-20 13:19:57', NULL, 0),
(578, 76, 15, '2017-12-22 00:00:00', '2017-12-20 13:19:58', '2017-12-20 13:19:58', NULL, 30),
(579, 76, 16, '2017-12-22 00:00:00', '2017-12-20 13:19:59', '2017-12-20 13:19:59', NULL, 0),
(580, 76, 18, '2017-12-22 00:00:00', '2017-12-20 13:20:01', '2017-12-20 13:20:01', NULL, 0),
(581, 76, 17, '2017-12-22 00:00:00', '2017-12-20 13:20:02', '2017-12-20 13:20:02', NULL, 30),
(582, 76, 17, '2017-12-22 00:00:00', '2017-12-20 13:20:02', '2017-12-20 13:20:02', NULL, 0),
(583, 76, 16, '2017-12-22 00:00:00', '2017-12-20 13:20:03', '2017-12-20 13:20:03', NULL, 30),
(584, 76, 10, '2017-12-23 00:00:00', '2017-12-20 13:20:07', '2017-12-20 13:20:07', NULL, 0),
(585, 76, 10, '2017-12-23 00:00:00', '2017-12-20 13:20:08', '2017-12-20 13:20:08', NULL, 30),
(586, 76, 11, '2017-12-23 00:00:00', '2017-12-20 13:20:09', '2017-12-20 13:20:09', NULL, 0),
(587, 76, 11, '2017-12-23 00:00:00', '2017-12-20 13:20:09', '2017-12-20 13:20:09', NULL, 30),
(588, 76, 12, '2017-12-23 00:00:00', '2017-12-20 13:20:10', '2017-12-20 13:20:10', NULL, 0),
(589, 76, 12, '2017-12-23 00:00:00', '2017-12-20 13:20:11', '2017-12-20 13:20:11', NULL, 30),
(590, 76, 13, '2017-12-23 00:00:00', '2017-12-20 13:20:11', '2017-12-20 13:20:11', NULL, 0),
(591, 76, 10, '2017-12-24 00:00:00', '2017-12-20 13:20:12', '2017-12-20 13:20:12', NULL, 0);
INSERT INTO `agenda` (`id`, `user_id`, `heure`, `date`, `created_at`, `updated_at`, `booking_id`, `minute`) VALUES
(592, 76, 10, '2017-12-24 00:00:00', '2017-12-20 13:20:13', '2017-12-20 13:20:13', NULL, 30),
(593, 76, 11, '2017-12-24 00:00:00', '2017-12-20 13:20:14', '2017-12-20 13:20:14', NULL, 0),
(594, 76, 11, '2017-12-24 00:00:00', '2017-12-20 13:20:14', '2017-12-20 13:20:14', NULL, 30),
(595, 76, 12, '2017-12-24 00:00:00', '2017-12-20 13:20:15', '2017-12-20 13:20:15', NULL, 0),
(596, 76, 12, '2017-12-24 00:00:00', '2017-12-20 13:20:15', '2017-12-20 13:20:15', NULL, 30),
(597, 76, 13, '2017-12-24 00:00:00', '2017-12-20 13:20:16', '2017-12-20 13:20:16', NULL, 0),
(598, 76, 13, '2017-12-24 00:00:00', '2017-12-20 13:20:16', '2017-12-20 13:20:16', NULL, 30),
(599, 76, 14, '2017-12-24 00:00:00', '2017-12-20 13:20:17', '2017-12-20 13:20:17', NULL, 0),
(600, 76, 13, '2017-12-23 00:00:00', '2017-12-20 13:20:18', '2017-12-20 13:20:18', NULL, 30),
(601, 76, 14, '2017-12-23 00:00:00', '2017-12-20 13:20:18', '2017-12-20 13:20:18', NULL, 0),
(602, 76, 14, '2017-12-23 00:00:00', '2017-12-20 13:20:19', '2017-12-20 13:20:19', NULL, 30),
(603, 76, 15, '2017-12-23 00:00:00', '2017-12-20 13:20:20', '2017-12-20 13:20:20', NULL, 0),
(604, 76, 15, '2017-12-24 00:00:00', '2017-12-20 13:20:20', '2017-12-20 13:20:20', NULL, 0),
(605, 76, 14, '2017-12-24 00:00:00', '2017-12-20 13:20:21', '2017-12-20 13:20:21', NULL, 30),
(606, 76, 10, '2017-12-25 00:00:00', '2017-12-20 13:20:22', '2017-12-20 13:20:22', NULL, 30),
(607, 76, 11, '2017-12-25 00:00:00', '2017-12-20 13:20:23', '2017-12-20 13:20:23', NULL, 0),
(608, 76, 11, '2017-12-25 00:00:00', '2017-12-20 13:20:23', '2017-12-20 13:20:23', NULL, 30),
(609, 76, 12, '2017-12-25 00:00:00', '2017-12-20 13:20:24', '2017-12-20 13:20:24', NULL, 0),
(610, 76, 12, '2017-12-25 00:00:00', '2017-12-20 13:20:24', '2017-12-20 13:20:24', NULL, 30),
(611, 76, 13, '2017-12-25 00:00:00', '2017-12-20 13:20:25', '2017-12-20 13:20:25', NULL, 0),
(612, 76, 13, '2017-12-25 00:00:00', '2017-12-20 13:20:27', '2017-12-20 13:20:27', NULL, 30),
(613, 76, 14, '2017-12-25 00:00:00', '2017-12-20 13:20:27', '2017-12-20 13:20:27', NULL, 0),
(614, 76, 14, '2017-12-25 00:00:00', '2017-12-20 13:20:28', '2017-12-20 13:20:28', NULL, 30),
(615, 76, 15, '2017-12-25 00:00:00', '2017-12-20 13:20:28', '2017-12-20 13:20:28', NULL, 0),
(616, 76, 15, '2017-12-25 00:00:00', '2017-12-20 13:20:31', '2017-12-20 13:20:31', NULL, 30),
(617, 76, 16, '2017-12-25 00:00:00', '2017-12-20 13:20:32', '2017-12-20 13:20:32', NULL, 0),
(618, 76, 16, '2017-12-25 00:00:00', '2017-12-20 13:20:32', '2017-12-20 13:20:32', NULL, 30),
(619, 76, 16, '2017-12-26 00:00:00', '2017-12-20 13:20:33', '2017-12-20 13:20:33', NULL, 30),
(620, 76, 16, '2017-12-24 00:00:00', '2017-12-20 13:20:33', '2017-12-20 13:20:33', NULL, 30),
(621, 76, 16, '2017-12-24 00:00:00', '2017-12-20 13:20:34', '2017-12-20 13:20:34', NULL, 0),
(622, 76, 15, '2017-12-24 00:00:00', '2017-12-20 13:20:35', '2017-12-20 13:20:35', NULL, 30),
(623, 76, 15, '2017-12-23 00:00:00', '2017-12-20 13:20:37', '2017-12-20 13:20:37', NULL, 30),
(624, 76, 16, '2017-12-23 00:00:00', '2017-12-20 13:20:37', '2017-12-20 13:20:37', NULL, 0),
(625, 76, 16, '2017-12-23 00:00:00', '2017-12-20 13:20:38', '2017-12-20 13:20:38', NULL, 30),
(626, 76, 17, '2017-12-23 00:00:00', '2017-12-20 13:20:39', '2017-12-20 13:20:39', NULL, 0),
(627, 76, 17, '2017-12-23 00:00:00', '2017-12-20 13:20:40', '2017-12-20 13:20:40', NULL, 30),
(628, 76, 18, '2017-12-23 00:00:00', '2017-12-20 13:20:40', '2017-12-20 13:20:40', NULL, 0),
(629, 76, 18, '2017-12-23 00:00:00', '2017-12-20 13:20:41', '2017-12-20 13:20:41', NULL, 30),
(630, 76, 19, '2017-12-23 00:00:00', '2017-12-20 13:20:42', '2017-12-20 13:20:42', NULL, 0),
(631, 76, 19, '2017-12-23 00:00:00', '2017-12-20 13:20:43', '2017-12-20 13:20:43', NULL, 30),
(632, 76, 19, '2017-12-24 00:00:00', '2017-12-20 13:20:44', '2017-12-20 13:20:44', NULL, 30),
(633, 76, 19, '2017-12-25 00:00:00', '2017-12-20 13:20:44', '2017-12-20 13:20:44', NULL, 30),
(634, 76, 19, '2017-12-25 00:00:00', '2017-12-20 13:20:45', '2017-12-20 13:20:45', NULL, 0),
(635, 76, 19, '2017-12-24 00:00:00', '2017-12-20 13:20:46', '2017-12-20 13:20:46', NULL, 0),
(636, 76, 18, '2017-12-24 00:00:00', '2017-12-20 13:20:46', '2017-12-20 13:20:46', NULL, 30),
(637, 76, 18, '2017-12-25 00:00:00', '2017-12-20 13:20:47', '2017-12-20 13:20:47', NULL, 30),
(638, 76, 18, '2017-12-25 00:00:00', '2017-12-20 13:20:47', '2017-12-20 13:20:47', NULL, 0),
(639, 76, 18, '2017-12-24 00:00:00', '2017-12-20 13:20:48', '2017-12-20 13:20:48', NULL, 0),
(640, 76, 17, '2017-12-24 00:00:00', '2017-12-20 13:20:49', '2017-12-20 13:20:49', NULL, 30),
(641, 76, 17, '2017-12-25 00:00:00', '2017-12-20 13:20:49', '2017-12-20 13:20:49', NULL, 30),
(642, 76, 17, '2017-12-25 00:00:00', '2017-12-20 13:20:50', '2017-12-20 13:20:50', NULL, 0),
(643, 76, 17, '2017-12-24 00:00:00', '2017-12-20 13:20:51', '2017-12-20 13:20:51', NULL, 0),
(644, 76, 21, '2017-12-24 00:00:00', '2017-12-20 13:20:53', '2017-12-20 13:20:53', NULL, 30),
(645, 76, 21, '2017-12-23 00:00:00', '2017-12-20 13:20:54', '2017-12-20 13:20:54', NULL, 30),
(646, 76, 21, '2017-12-23 00:00:00', '2017-12-20 13:20:55', '2017-12-20 13:20:55', NULL, 0),
(647, 76, 21, '2017-12-24 00:00:00', '2017-12-20 13:20:55', '2017-12-20 13:20:55', NULL, 0),
(648, 76, 20, '2017-12-24 00:00:00', '2017-12-20 13:20:56', '2017-12-20 13:20:56', NULL, 30),
(649, 76, 20, '2017-12-23 00:00:00', '2017-12-20 13:20:57', '2017-12-20 13:20:57', NULL, 30),
(650, 76, 20, '2017-12-23 00:00:00', '2017-12-20 13:20:58', '2017-12-20 13:20:58', NULL, 0),
(651, 76, 20, '2017-12-24 00:00:00', '2017-12-20 13:20:59', '2017-12-20 13:20:59', NULL, 0),
(652, 76, 11, '2017-12-26 00:00:00', '2017-12-20 13:21:02', '2017-12-20 13:21:02', NULL, 0),
(653, 76, 10, '2017-12-26 00:00:00', '2017-12-20 13:21:02', '2017-12-20 13:21:02', NULL, 30),
(654, 76, 11, '2017-12-26 00:00:00', '2017-12-20 13:21:03', '2017-12-20 13:21:03', NULL, 30),
(655, 76, 12, '2017-12-26 00:00:00', '2017-12-20 13:21:04', '2017-12-20 13:21:04', NULL, 0),
(656, 76, 12, '2017-12-26 00:00:00', '2017-12-20 13:21:05', '2017-12-20 13:21:05', NULL, 30),
(657, 76, 13, '2017-12-26 00:00:00', '2017-12-20 13:21:05', '2017-12-20 13:21:05', NULL, 0),
(658, 76, 13, '2017-12-26 00:00:00', '2017-12-20 13:21:06', '2017-12-20 13:21:06', NULL, 30),
(659, 76, 14, '2017-12-26 00:00:00', '2017-12-20 13:21:06', '2017-12-20 13:21:06', NULL, 0),
(660, 76, 14, '2017-12-26 00:00:00', '2017-12-20 13:21:07', '2017-12-20 13:21:07', NULL, 30),
(661, 76, 16, '2017-12-26 00:00:00', '2017-12-20 13:21:09', '2017-12-20 13:21:09', NULL, 0),
(662, 76, 15, '2017-12-26 00:00:00', '2017-12-20 13:21:09', '2017-12-20 13:21:09', NULL, 30),
(663, 76, 15, '2017-12-26 00:00:00', '2017-12-20 13:21:10', '2017-12-20 13:21:10', NULL, 0),
(664, 76, 19, '2017-12-26 00:00:00', '2017-12-20 13:21:34', '2017-12-20 13:21:34', NULL, 30),
(665, 76, 19, '2017-12-26 00:00:00', '2017-12-20 13:21:34', '2017-12-20 13:21:34', NULL, 0),
(666, 76, 18, '2017-12-26 00:00:00', '2017-12-20 13:21:35', '2017-12-20 13:21:35', NULL, 30),
(667, 76, 18, '2017-12-26 00:00:00', '2017-12-20 13:21:36', '2017-12-20 13:21:36', NULL, 0),
(668, 76, 17, '2017-12-26 00:00:00', '2017-12-20 13:21:36', '2017-12-20 13:21:36', NULL, 30),
(669, 76, 17, '2017-12-26 00:00:00', '2017-12-20 13:21:37', '2017-12-20 13:21:37', NULL, 0),
(670, 76, 19, '2017-12-27 00:00:00', '2017-12-20 13:21:39', '2017-12-20 13:21:39', NULL, 30),
(671, 76, 19, '2017-12-27 00:00:00', '2017-12-20 13:21:40', '2017-12-20 13:21:40', NULL, 0),
(672, 76, 18, '2017-12-27 00:00:00', '2017-12-20 13:21:41', '2017-12-20 13:21:41', NULL, 30),
(673, 76, 18, '2017-12-27 00:00:00', '2017-12-20 13:21:42', '2017-12-20 13:21:42', NULL, 0),
(674, 76, 17, '2017-12-27 00:00:00', '2017-12-20 13:21:42', '2017-12-20 13:21:42', NULL, 30),
(675, 76, 10, '2017-12-29 00:00:00', '2017-12-20 13:21:50', '2017-12-20 13:21:50', NULL, 30),
(676, 76, 11, '2017-12-29 00:00:00', '2017-12-20 13:21:50', '2017-12-20 13:21:50', NULL, 0),
(677, 76, 11, '2017-12-29 00:00:00', '2017-12-20 13:21:51', '2017-12-20 13:21:51', NULL, 30),
(678, 76, 12, '2017-12-29 00:00:00', '2017-12-20 13:21:52', '2017-12-20 13:21:52', NULL, 0),
(679, 76, 12, '2017-12-29 00:00:00', '2017-12-20 13:21:52', '2017-12-20 13:21:52', NULL, 30),
(680, 76, 13, '2017-12-29 00:00:00', '2017-12-20 13:21:53', '2017-12-20 13:21:53', NULL, 0),
(681, 76, 13, '2017-12-29 00:00:00', '2017-12-20 13:22:02', '2017-12-20 13:22:02', NULL, 30),
(682, 76, 17, '2017-12-28 00:00:00', '2017-12-20 13:22:03', '2017-12-20 13:22:03', NULL, 30),
(683, 76, 18, '2017-12-28 00:00:00', '2017-12-20 13:22:04', '2017-12-20 13:22:04', NULL, 0),
(684, 76, 18, '2017-12-28 00:00:00', '2017-12-20 13:22:05', '2017-12-20 13:22:05', NULL, 30),
(685, 76, 19, '2017-12-28 00:00:00', '2017-12-20 13:22:06', '2017-12-20 13:22:06', NULL, 0),
(686, 76, 19, '2017-12-28 00:00:00', '2017-12-20 13:22:06', '2017-12-20 13:22:06', NULL, 30),
(687, 76, 10, '2017-12-31 00:00:00', '2017-12-20 13:22:09', '2017-12-20 13:22:09', NULL, 0),
(688, 76, 10, '2017-12-31 00:00:00', '2017-12-20 13:22:10', '2017-12-20 13:22:10', NULL, 30),
(689, 76, 11, '2017-12-31 00:00:00', '2017-12-20 13:22:11', '2017-12-20 13:22:11', NULL, 0),
(690, 76, 11, '2017-12-31 00:00:00', '2017-12-20 13:22:12', '2017-12-20 13:22:12', NULL, 30),
(691, 76, 12, '2017-12-31 00:00:00', '2017-12-20 13:22:12', '2017-12-20 13:22:12', NULL, 0),
(692, 76, 12, '2017-12-31 00:00:00', '2017-12-20 13:22:13', '2017-12-20 13:22:13', NULL, 30),
(693, 76, 14, '2017-12-31 00:00:00', '2017-12-20 13:22:14', '2017-12-20 13:22:14', NULL, 0),
(694, 76, 13, '2017-12-31 00:00:00', '2017-12-20 13:22:15', '2017-12-20 13:22:15', NULL, 30),
(695, 76, 13, '2017-12-31 00:00:00', '2017-12-20 13:22:15', '2017-12-20 13:22:15', NULL, 0),
(696, 76, 15, '2017-12-31 00:00:00', '2017-12-20 13:22:17', '2017-12-20 13:22:17', NULL, 0),
(697, 76, 14, '2017-12-31 00:00:00', '2017-12-20 13:22:17', '2017-12-20 13:22:17', NULL, 30),
(698, 76, 15, '2017-12-31 00:00:00', '2017-12-20 13:22:18', '2017-12-20 13:22:18', NULL, 30),
(699, 76, 10, '2018-01-01 00:00:00', '2017-12-20 13:22:20', '2017-12-20 13:22:20', NULL, 30),
(700, 76, 11, '2018-01-01 00:00:00', '2017-12-20 13:22:21', '2017-12-20 13:22:21', NULL, 0),
(701, 76, 11, '2018-01-01 00:00:00', '2017-12-20 13:22:22', '2017-12-20 13:22:22', NULL, 30),
(702, 76, 12, '2018-01-01 00:00:00', '2017-12-20 13:22:23', '2017-12-20 13:22:23', NULL, 0),
(703, 76, 12, '2018-01-01 00:00:00', '2017-12-20 13:22:25', '2017-12-20 13:22:25', NULL, 30),
(704, 76, 13, '2018-01-01 00:00:00', '2017-12-20 13:22:25', '2017-12-20 13:22:25', NULL, 0),
(705, 76, 13, '2018-01-01 00:00:00', '2017-12-20 13:22:26', '2017-12-20 13:22:26', NULL, 30),
(706, 76, 14, '2018-01-01 00:00:00', '2017-12-20 13:22:26', '2017-12-20 13:22:26', NULL, 0),
(707, 76, 14, '2018-01-01 00:00:00', '2017-12-20 13:22:27', '2017-12-20 13:22:27', NULL, 30),
(708, 76, 15, '2018-01-01 00:00:00', '2017-12-20 13:22:28', '2017-12-20 13:22:28', NULL, 0),
(709, 76, 15, '2018-01-01 00:00:00', '2017-12-20 13:22:29', '2017-12-20 13:22:29', NULL, 30),
(710, 76, 16, '2017-12-31 00:00:00', '2017-12-20 13:22:30', '2017-12-20 13:22:30', NULL, 0),
(711, 76, 16, '2018-01-01 00:00:00', '2017-12-20 13:22:31', '2017-12-20 13:22:31', NULL, 0),
(712, 76, 16, '2018-01-01 00:00:00', '2017-12-20 13:22:32', '2017-12-20 13:22:32', NULL, 30),
(713, 76, 16, '2017-12-31 00:00:00', '2017-12-20 13:22:32', '2017-12-20 13:22:32', NULL, 30),
(714, 76, 17, '2017-12-31 00:00:00', '2017-12-20 13:22:33', '2017-12-20 13:22:33', NULL, 0),
(715, 76, 17, '2018-01-01 00:00:00', '2017-12-20 13:22:34', '2017-12-20 13:22:34', NULL, 0),
(716, 76, 17, '2018-01-01 00:00:00', '2017-12-20 13:22:34', '2017-12-20 13:22:34', NULL, 30),
(717, 76, 17, '2017-12-31 00:00:00', '2017-12-20 13:22:35', '2017-12-20 13:22:35', NULL, 30),
(718, 76, 18, '2017-12-31 00:00:00', '2017-12-20 13:22:35', '2017-12-20 13:22:35', NULL, 0),
(719, 76, 18, '2018-01-01 00:00:00', '2017-12-20 13:22:36', '2017-12-20 13:22:36', NULL, 0),
(720, 76, 18, '2018-01-01 00:00:00', '2017-12-20 13:22:37', '2017-12-20 13:22:37', NULL, 30),
(721, 76, 18, '2017-12-31 00:00:00', '2017-12-20 13:22:37', '2017-12-20 13:22:37', NULL, 30),
(722, 76, 19, '2017-12-31 00:00:00', '2017-12-20 13:22:38', '2017-12-20 13:22:38', NULL, 0),
(723, 76, 19, '2018-01-01 00:00:00', '2017-12-20 13:22:40', '2017-12-20 13:22:40', NULL, 0),
(724, 76, 19, '2018-01-01 00:00:00', '2017-12-20 13:22:42', '2017-12-20 13:22:42', NULL, 30),
(725, 76, 19, '2017-12-31 00:00:00', '2017-12-20 13:22:42', '2017-12-20 13:22:42', NULL, 30),
(726, 76, 20, '2017-12-31 00:00:00', '2017-12-20 13:22:43', '2017-12-20 13:22:43', NULL, 0),
(727, 76, 20, '2017-12-31 00:00:00', '2017-12-20 13:22:44', '2017-12-20 13:22:44', NULL, 30),
(728, 76, 21, '2017-12-31 00:00:00', '2017-12-20 13:22:45', '2017-12-20 13:22:45', NULL, 0),
(729, 76, 21, '2017-12-31 00:00:00', '2017-12-20 13:22:46', '2017-12-20 13:22:46', NULL, 30),
(730, 76, 10, '2018-01-06 00:00:00', '2017-12-20 13:22:57', '2017-12-20 13:22:57', NULL, 0),
(731, 76, 19, '2018-01-05 00:00:00', '2017-12-20 13:22:59', '2017-12-20 13:22:59', NULL, 30),
(732, 76, 19, '2018-01-05 00:00:00', '2017-12-20 13:23:00', '2017-12-20 13:23:00', NULL, 0),
(733, 76, 18, '2018-01-05 00:00:00', '2017-12-20 13:23:01', '2017-12-20 13:23:01', NULL, 30),
(734, 76, 18, '2018-01-05 00:00:00', '2017-12-20 13:23:01', '2017-12-20 13:23:01', NULL, 0),
(735, 76, 17, '2018-01-05 00:00:00', '2017-12-20 13:23:04', '2017-12-20 13:23:04', NULL, 30),
(736, 76, 10, '2018-01-06 00:00:00', '2017-12-20 13:23:06', '2017-12-20 13:23:06', NULL, 30),
(737, 76, 10, '2018-01-07 00:00:00', '2017-12-20 13:23:07', '2017-12-20 13:23:07', NULL, 0),
(738, 76, 10, '2018-01-07 00:00:00', '2017-12-20 13:23:08', '2017-12-20 13:23:08', NULL, 30),
(739, 76, 10, '2018-01-08 00:00:00', '2017-12-20 13:23:08', '2017-12-20 13:23:08', NULL, 30),
(740, 76, 11, '2018-01-08 00:00:00', '2017-12-20 13:23:09', '2017-12-20 13:23:09', NULL, 0),
(741, 76, 11, '2018-01-07 00:00:00', '2017-12-20 13:23:10', '2017-12-20 13:23:10', NULL, 0),
(742, 76, 11, '2018-01-06 00:00:00', '2017-12-20 13:23:10', '2017-12-20 13:23:10', NULL, 0),
(743, 76, 11, '2018-01-06 00:00:00', '2017-12-20 13:23:11', '2017-12-20 13:23:11', NULL, 30),
(744, 76, 11, '2018-01-07 00:00:00', '2017-12-20 13:23:11', '2017-12-20 13:23:11', NULL, 30),
(745, 76, 11, '2018-01-08 00:00:00', '2017-12-20 13:23:12', '2017-12-20 13:23:12', NULL, 30),
(746, 76, 12, '2018-01-08 00:00:00', '2017-12-20 13:23:13', '2017-12-20 13:23:13', NULL, 0),
(747, 76, 12, '2018-01-07 00:00:00', '2017-12-20 13:23:13', '2017-12-20 13:23:13', NULL, 0),
(748, 76, 12, '2018-01-06 00:00:00', '2017-12-20 13:23:14', '2017-12-20 13:23:14', NULL, 0),
(749, 76, 12, '2018-01-07 00:00:00', '2017-12-20 13:23:16', '2017-12-20 13:23:16', NULL, 30),
(750, 76, 12, '2018-01-08 00:00:00', '2017-12-20 13:23:16', '2017-12-20 13:23:16', NULL, 30),
(751, 76, 13, '2018-01-08 00:00:00', '2017-12-20 13:23:17', '2017-12-20 13:23:17', NULL, 0),
(752, 76, 13, '2018-01-07 00:00:00', '2017-12-20 13:23:17', '2017-12-20 13:23:17', NULL, 0),
(753, 76, 12, '2018-01-06 00:00:00', '2017-12-20 13:23:18', '2017-12-20 13:23:18', NULL, 30),
(754, 76, 13, '2018-01-06 00:00:00', '2017-12-20 13:23:19', '2017-12-20 13:23:19', NULL, 0),
(755, 76, 13, '2018-01-06 00:00:00', '2017-12-20 13:23:19', '2017-12-20 13:23:19', NULL, 30),
(756, 76, 13, '2018-01-07 00:00:00', '2017-12-20 13:23:20', '2017-12-20 13:23:20', NULL, 30),
(757, 76, 13, '2018-01-08 00:00:00', '2017-12-20 13:23:20', '2017-12-20 13:23:20', NULL, 30),
(758, 76, 14, '2018-01-08 00:00:00', '2017-12-20 13:23:21', '2017-12-20 13:23:21', NULL, 0),
(759, 76, 14, '2018-01-07 00:00:00', '2017-12-20 13:23:21', '2017-12-20 13:23:21', NULL, 0),
(760, 76, 14, '2018-01-06 00:00:00', '2017-12-20 13:23:22', '2017-12-20 13:23:22', NULL, 0),
(761, 76, 14, '2018-01-06 00:00:00', '2017-12-20 13:23:23', '2017-12-20 13:23:23', NULL, 30),
(762, 76, 14, '2018-01-07 00:00:00', '2017-12-20 13:23:25', '2017-12-20 13:23:25', NULL, 30),
(763, 76, 14, '2018-01-08 00:00:00', '2017-12-20 13:23:26', '2017-12-20 13:23:26', NULL, 30),
(764, 76, 15, '2018-01-08 00:00:00', '2017-12-20 13:23:26', '2017-12-20 13:23:26', NULL, 0),
(765, 76, 15, '2018-01-07 00:00:00', '2017-12-20 13:23:27', '2017-12-20 13:23:27', NULL, 0),
(766, 76, 15, '2018-01-06 00:00:00', '2017-12-20 13:23:28', '2017-12-20 13:23:28', NULL, 0),
(767, 76, 15, '2018-01-06 00:00:00', '2017-12-20 13:23:28', '2017-12-20 13:23:28', NULL, 30),
(768, 76, 15, '2018-01-07 00:00:00', '2017-12-20 13:23:29', '2017-12-20 13:23:29', NULL, 30),
(769, 76, 15, '2018-01-08 00:00:00', '2017-12-20 13:23:30', '2017-12-20 13:23:30', NULL, 30),
(770, 76, 10, '2018-01-12 00:00:00', '2017-12-20 13:23:35', '2017-12-20 13:23:35', NULL, 30),
(771, 76, 11, '2018-01-12 00:00:00', '2017-12-20 13:23:35', '2017-12-20 13:23:35', NULL, 0),
(772, 76, 16, '2018-01-06 00:00:00', '2017-12-20 13:23:37', '2017-12-20 13:23:37', NULL, 0),
(773, 76, 16, '2018-01-07 00:00:00', '2017-12-20 13:23:37', '2017-12-20 13:23:37', NULL, 0),
(774, 76, 16, '2018-01-08 00:00:00', '2017-12-20 13:23:38', '2017-12-20 13:23:38', NULL, 0),
(775, 76, 17, '2018-01-08 00:00:00', '2017-12-20 13:23:39', '2017-12-20 13:23:39', NULL, 0),
(776, 76, 16, '2018-01-08 00:00:00', '2017-12-20 13:23:41', '2017-12-20 13:23:41', NULL, 30),
(777, 76, 17, '2018-01-06 00:00:00', '2017-12-20 13:23:44', '2017-12-20 13:23:44', NULL, 0),
(778, 76, 16, '2018-01-06 00:00:00', '2017-12-20 13:23:44', '2017-12-20 13:23:44', NULL, 30),
(779, 76, 16, '2018-01-07 00:00:00', '2017-12-20 13:23:45', '2017-12-20 13:23:45', NULL, 30),
(780, 76, 17, '2018-01-07 00:00:00', '2017-12-20 13:23:46', '2017-12-20 13:23:46', NULL, 0),
(781, 76, 17, '2018-01-08 00:00:00', '2017-12-20 13:23:46', '2017-12-20 13:23:46', NULL, 30),
(782, 76, 17, '2018-01-07 00:00:00', '2017-12-20 13:23:47', '2017-12-20 13:23:47', NULL, 30),
(783, 76, 17, '2018-01-09 00:00:00', '2017-12-20 13:23:48', '2017-12-20 13:23:48', NULL, 30),
(784, 76, 17, '2018-01-10 00:00:00', '2017-12-20 13:23:48', '2017-12-20 13:23:48', NULL, 30),
(785, 76, 17, '2018-01-11 00:00:00', '2017-12-20 13:23:49', '2017-12-20 13:23:49', NULL, 30),
(786, 76, 17, '2018-01-06 00:00:00', '2017-12-20 13:23:50', '2017-12-20 13:23:50', NULL, 30),
(787, 76, 18, '2018-01-06 00:00:00', '2017-12-20 13:23:51', '2017-12-20 13:23:51', NULL, 0),
(788, 76, 18, '2018-01-07 00:00:00', '2017-12-20 13:23:51', '2017-12-20 13:23:51', NULL, 0),
(789, 76, 18, '2018-01-08 00:00:00', '2017-12-20 13:23:52', '2017-12-20 13:23:52', NULL, 0),
(790, 76, 18, '2018-01-09 00:00:00', '2017-12-20 13:23:52', '2017-12-20 13:23:52', NULL, 0),
(791, 76, 18, '2018-01-10 00:00:00', '2017-12-20 13:23:53', '2017-12-20 13:23:53', NULL, 0),
(792, 76, 18, '2018-01-11 00:00:00', '2017-12-20 13:23:54', '2017-12-20 13:23:54', NULL, 0),
(793, 76, 18, '2018-01-12 00:00:00', '2017-12-20 13:23:54', '2017-12-20 13:23:54', NULL, 0),
(794, 76, 21, '2018-01-06 00:00:00', '2017-12-20 13:23:57', '2017-12-20 13:23:57', NULL, 30),
(795, 76, 21, '2018-01-06 00:00:00', '2017-12-20 13:23:57', '2017-12-20 13:23:57', NULL, 0),
(796, 76, 20, '2018-01-06 00:00:00', '2017-12-20 13:23:58', '2017-12-20 13:23:58', NULL, 30),
(797, 76, 20, '2018-01-06 00:00:00', '2017-12-20 13:23:58', '2017-12-20 13:23:58', NULL, 0),
(798, 76, 19, '2018-01-06 00:00:00', '2017-12-20 13:23:59', '2017-12-20 13:23:59', NULL, 30),
(799, 76, 19, '2018-01-06 00:00:00', '2017-12-20 13:23:59', '2017-12-20 13:23:59', NULL, 0),
(800, 76, 18, '2018-01-06 00:00:00', '2017-12-20 13:24:00', '2017-12-20 13:24:00', NULL, 30),
(801, 76, 21, '2018-01-07 00:00:00', '2017-12-20 13:24:01', '2017-12-20 13:24:01', NULL, 30),
(802, 76, 21, '2018-01-07 00:00:00', '2017-12-20 13:24:03', '2017-12-20 13:24:03', NULL, 0),
(803, 76, 20, '2018-01-07 00:00:00', '2017-12-20 13:24:03', '2017-12-20 13:24:03', NULL, 30),
(804, 76, 20, '2018-01-07 00:00:00', '2017-12-20 13:24:05', '2017-12-20 13:24:05', NULL, 0),
(805, 76, 19, '2018-01-07 00:00:00', '2017-12-20 13:24:05', '2017-12-20 13:24:05', NULL, 30),
(806, 76, 19, '2018-01-07 00:00:00', '2017-12-20 13:24:06', '2017-12-20 13:24:06', NULL, 0),
(807, 76, 19, '2018-01-08 00:00:00', '2017-12-20 13:24:06', '2017-12-20 13:24:06', NULL, 30),
(808, 76, 19, '2018-01-08 00:00:00', '2017-12-20 13:24:07', '2017-12-20 13:24:07', NULL, 0),
(809, 76, 18, '2018-01-08 00:00:00', '2017-12-20 13:24:08', '2017-12-20 13:24:08', NULL, 30),
(810, 76, 18, '2018-01-07 00:00:00', '2017-12-20 13:24:09', '2017-12-20 13:24:09', NULL, 30),
(811, 76, 19, '2018-01-09 00:00:00', '2017-12-20 13:24:10', '2017-12-20 13:24:10', NULL, 30),
(812, 76, 19, '2018-01-10 00:00:00', '2017-12-20 13:24:11', '2017-12-20 13:24:11', NULL, 30),
(813, 76, 19, '2018-01-10 00:00:00', '2017-12-20 13:24:12', '2017-12-20 13:24:12', NULL, 0),
(814, 76, 18, '2018-01-10 00:00:00', '2017-12-20 13:24:12', '2017-12-20 13:24:12', NULL, 30),
(815, 76, 18, '2018-01-09 00:00:00', '2017-12-20 13:24:13', '2017-12-20 13:24:13', NULL, 30),
(816, 76, 19, '2018-01-09 00:00:00', '2017-12-20 13:24:14', '2017-12-20 13:24:14', NULL, 0),
(817, 76, 19, '2018-01-11 00:00:00', '2017-12-20 13:24:15', '2017-12-20 13:24:15', NULL, 30),
(818, 76, 19, '2018-01-11 00:00:00', '2017-12-20 13:24:15', '2017-12-20 13:24:15', NULL, 0),
(819, 76, 18, '2018-01-11 00:00:00', '2017-12-20 13:24:17', '2017-12-20 13:24:17', NULL, 30),
(820, 76, 19, '2018-01-12 00:00:00', '2017-12-20 13:24:17', '2017-12-20 13:24:17', NULL, 30),
(821, 76, 19, '2018-01-12 00:00:00', '2017-12-20 13:24:18', '2017-12-20 13:24:18', NULL, 0),
(822, 76, 18, '2018-01-12 00:00:00', '2017-12-20 13:24:19', '2017-12-20 13:24:19', NULL, 30),
(823, 76, 17, '2018-01-12 00:00:00', '2017-12-20 13:24:20', '2017-12-20 13:24:20', NULL, 30),
(824, 76, 17, '2018-01-12 00:00:00', '2017-12-20 13:24:20', '2017-12-20 13:24:20', NULL, 0),
(825, 76, 16, '2018-01-12 00:00:00', '2017-12-20 13:24:21', '2017-12-20 13:24:21', NULL, 30),
(826, 76, 16, '2018-01-12 00:00:00', '2017-12-20 13:24:22', '2017-12-20 13:24:22', NULL, 0),
(827, 76, 15, '2018-01-12 00:00:00', '2017-12-20 13:24:23', '2017-12-20 13:24:23', NULL, 30),
(828, 76, 15, '2018-01-12 00:00:00', '2017-12-20 13:24:23', '2017-12-20 13:24:23', NULL, 0),
(829, 76, 14, '2018-01-12 00:00:00', '2017-12-20 13:24:24', '2017-12-20 13:24:24', NULL, 30),
(830, 76, 14, '2018-01-12 00:00:00', '2017-12-20 13:24:25', '2017-12-20 13:24:25', NULL, 0),
(831, 76, 11, '2018-01-12 00:00:00', '2017-12-20 13:24:34', '2017-12-20 13:24:34', NULL, 30),
(832, 76, 12, '2018-01-12 00:00:00', '2017-12-20 13:24:34', '2017-12-20 13:24:34', NULL, 0),
(833, 76, 12, '2018-01-12 00:00:00', '2017-12-20 13:24:35', '2017-12-20 13:24:35', NULL, 30),
(834, 76, 13, '2018-01-12 00:00:00', '2017-12-20 13:24:35', '2017-12-20 13:24:35', NULL, 0),
(835, 76, 13, '2018-01-12 00:00:00', '2017-12-20 13:24:36', '2017-12-20 13:24:36', NULL, 30),
(836, 76, 10, '2018-01-13 00:00:00', '2017-12-20 13:24:40', '2017-12-20 13:24:40', NULL, 0),
(837, 76, 10, '2018-01-13 00:00:00', '2017-12-20 13:24:41', '2017-12-20 13:24:41', NULL, 30),
(838, 76, 11, '2018-01-13 00:00:00', '2017-12-20 13:24:41', '2017-12-20 13:24:41', NULL, 0),
(839, 76, 11, '2018-01-13 00:00:00', '2017-12-20 13:24:42', '2017-12-20 13:24:42', NULL, 30),
(840, 76, 12, '2018-01-13 00:00:00', '2017-12-20 13:24:43', '2017-12-20 13:24:43', NULL, 0),
(841, 76, 12, '2018-01-13 00:00:00', '2017-12-20 13:24:44', '2017-12-20 13:24:44', NULL, 30),
(842, 76, 13, '2018-01-13 00:00:00', '2017-12-20 13:24:44', '2017-12-20 13:24:44', NULL, 0),
(843, 76, 13, '2018-01-13 00:00:00', '2017-12-20 13:24:45', '2017-12-20 13:24:45', NULL, 30),
(844, 76, 14, '2018-01-13 00:00:00', '2017-12-20 13:24:46', '2017-12-20 13:24:46', NULL, 0),
(845, 76, 14, '2018-01-13 00:00:00', '2017-12-20 13:24:47', '2017-12-20 13:24:47', NULL, 30),
(846, 76, 15, '2018-01-13 00:00:00', '2017-12-20 13:24:47', '2017-12-20 13:24:47', NULL, 0),
(847, 76, 15, '2018-01-13 00:00:00', '2017-12-20 13:24:48', '2017-12-20 13:24:48', NULL, 30),
(848, 76, 16, '2018-01-13 00:00:00', '2017-12-20 13:24:49', '2017-12-20 13:24:49', NULL, 0),
(849, 76, 16, '2018-01-13 00:00:00', '2017-12-20 13:24:50', '2017-12-20 13:24:50', NULL, 30),
(850, 76, 17, '2018-01-13 00:00:00', '2017-12-20 13:24:52', '2017-12-20 13:24:52', NULL, 30),
(851, 76, 17, '2018-01-13 00:00:00', '2017-12-20 13:24:52', '2017-12-20 13:24:52', NULL, 0),
(852, 76, 18, '2018-01-13 00:00:00', '2017-12-20 13:24:53', '2017-12-20 13:24:53', NULL, 0),
(853, 76, 18, '2018-01-13 00:00:00', '2017-12-20 13:24:53', '2017-12-20 13:24:53', NULL, 30),
(854, 76, 10, '2018-01-20 00:00:00', '2017-12-20 13:24:59', '2017-12-20 13:24:59', NULL, 0),
(855, 76, 19, '2018-01-13 00:00:00', '2017-12-20 13:25:01', '2017-12-20 13:25:01', NULL, 0),
(856, 76, 19, '2018-01-13 00:00:00', '2017-12-20 13:25:02', '2017-12-20 13:25:02', NULL, 30),
(857, 76, 20, '2018-01-13 00:00:00', '2017-12-20 13:25:03', '2017-12-20 13:25:03', NULL, 0),
(858, 76, 20, '2018-01-13 00:00:00', '2017-12-20 13:25:03', '2017-12-20 13:25:03', NULL, 30),
(859, 76, 21, '2018-01-13 00:00:00', '2017-12-20 13:25:04', '2017-12-20 13:25:04', NULL, 0),
(860, 76, 21, '2018-01-13 00:00:00', '2017-12-20 13:25:05', '2017-12-20 13:25:05', NULL, 30),
(861, 76, 21, '2018-01-20 00:00:00', '2017-12-20 13:25:07', '2017-12-20 13:25:07', NULL, 30),
(862, 76, 21, '2018-01-20 00:00:00', '2017-12-20 13:25:08', '2017-12-20 13:25:08', NULL, 0),
(863, 76, 20, '2018-01-20 00:00:00', '2017-12-20 13:25:08', '2017-12-20 13:25:08', NULL, 30),
(864, 76, 19, '2018-01-20 00:00:00', '2017-12-20 13:25:09', '2017-12-20 13:25:09', NULL, 0),
(865, 76, 19, '2018-01-20 00:00:00', '2017-12-20 13:25:10', '2017-12-20 13:25:10', NULL, 30),
(866, 76, 20, '2018-01-20 00:00:00', '2017-12-20 13:25:11', '2017-12-20 13:25:11', NULL, 0),
(867, 76, 18, '2018-01-20 00:00:00', '2017-12-20 13:25:13', '2017-12-20 13:25:13', NULL, 30),
(868, 76, 18, '2018-01-20 00:00:00', '2017-12-20 13:25:14', '2017-12-20 13:25:14', NULL, 0),
(869, 76, 17, '2018-01-20 00:00:00', '2017-12-20 13:25:14', '2017-12-20 13:25:14', NULL, 30),
(870, 76, 17, '2018-01-20 00:00:00', '2017-12-20 13:25:15', '2017-12-20 13:25:15', NULL, 0),
(871, 76, 16, '2018-01-20 00:00:00', '2017-12-20 13:25:15', '2017-12-20 13:25:15', NULL, 30),
(872, 76, 16, '2018-01-20 00:00:00', '2017-12-20 13:25:16', '2017-12-20 13:25:16', NULL, 0),
(873, 76, 13, '2018-01-20 00:00:00', '2017-12-20 13:25:17', '2017-12-20 13:25:17', NULL, 30),
(874, 76, 14, '2018-01-20 00:00:00', '2017-12-20 13:25:18', '2017-12-20 13:25:18', NULL, 0),
(875, 76, 14, '2018-01-20 00:00:00', '2017-12-20 13:25:19', '2017-12-20 13:25:19', NULL, 30),
(876, 76, 15, '2018-01-20 00:00:00', '2017-12-20 13:25:20', '2017-12-20 13:25:20', NULL, 0),
(877, 76, 15, '2018-01-20 00:00:00', '2017-12-20 13:25:21', '2017-12-20 13:25:21', NULL, 30),
(878, 76, 10, '2018-01-20 00:00:00', '2017-12-20 13:25:23', '2017-12-20 13:25:23', NULL, 30),
(879, 76, 11, '2018-01-20 00:00:00', '2017-12-20 13:25:24', '2017-12-20 13:25:24', NULL, 0),
(880, 76, 11, '2018-01-20 00:00:00', '2017-12-20 13:25:25', '2017-12-20 13:25:25', NULL, 30),
(881, 76, 12, '2018-01-20 00:00:00', '2017-12-20 13:25:25', '2017-12-20 13:25:25', NULL, 0),
(882, 76, 12, '2018-01-20 00:00:00', '2017-12-20 13:25:26', '2017-12-20 13:25:26', NULL, 30),
(883, 76, 13, '2018-01-20 00:00:00', '2017-12-20 13:25:26', '2017-12-20 13:25:26', NULL, 0),
(885, 62, 14, '2017-12-22 00:00:00', '2017-12-21 14:20:37', '2017-12-21 14:20:37', NULL, 30),
(886, 62, 15, '2017-12-22 00:00:00', '2017-12-21 14:20:38', '2017-12-21 14:20:38', NULL, 0),
(887, 62, 15, '2017-12-22 00:00:00', '2017-12-21 14:20:39', '2017-12-21 14:20:39', NULL, 30),
(888, 62, 16, '2017-12-22 00:00:00', '2017-12-21 14:20:40', '2017-12-21 14:20:40', NULL, 0),
(889, 62, 16, '2017-12-22 00:00:00', '2017-12-21 14:20:41', '2017-12-21 14:20:41', NULL, 30),
(890, 62, 17, '2017-12-22 00:00:00', '2017-12-21 14:20:42', '2017-12-21 14:20:42', NULL, 0),
(891, 62, 17, '2017-12-22 00:00:00', '2017-12-21 14:20:43', '2017-12-21 14:20:43', NULL, 30),
(892, 62, 18, '2017-12-22 00:00:00', '2017-12-21 14:20:44', '2017-12-21 14:20:44', NULL, 0),
(893, 62, 18, '2017-12-22 00:00:00', '2017-12-21 14:20:45', '2017-12-21 14:20:45', NULL, 30),
(894, 62, 19, '2017-12-22 00:00:00', '2017-12-21 14:20:46', '2017-12-21 14:20:46', NULL, 0),
(895, 62, 19, '2017-12-22 00:00:00', '2017-12-21 14:20:47', '2017-12-21 14:20:47', NULL, 30),
(896, 62, 20, '2017-12-22 00:00:00', '2017-12-21 14:20:48', '2017-12-21 14:20:48', NULL, 0),
(897, 62, 20, '2017-12-22 00:00:00', '2017-12-21 14:20:51', '2017-12-21 14:20:51', NULL, 30),
(898, 62, 21, '2017-12-22 00:00:00', '2017-12-21 14:20:52', '2017-12-21 14:20:52', NULL, 0),
(899, 62, 21, '2017-12-22 00:00:00', '2017-12-21 14:20:53', '2017-12-21 14:20:53', NULL, 30),
(900, 62, 22, '2017-12-22 00:00:00', '2017-12-21 14:20:54', '2017-12-21 14:20:54', NULL, 0),
(901, 62, 14, '2017-12-23 00:00:00', '2017-12-21 14:21:00', '2017-12-21 14:21:00', NULL, 30),
(902, 62, 15, '2017-12-23 00:00:00', '2017-12-21 14:21:01', '2017-12-21 14:21:01', NULL, 0),
(903, 62, 15, '2017-12-23 00:00:00', '2017-12-21 14:21:02', '2017-12-21 14:21:02', NULL, 30),
(904, 62, 16, '2017-12-23 00:00:00', '2017-12-21 14:21:03', '2017-12-21 14:21:03', NULL, 0),
(905, 62, 16, '2017-12-23 00:00:00', '2017-12-21 14:21:04', '2017-12-21 14:21:04', NULL, 30),
(906, 62, 17, '2017-12-23 00:00:00', '2017-12-21 14:21:05', '2017-12-21 14:21:05', NULL, 0),
(907, 62, 17, '2017-12-23 00:00:00', '2017-12-21 14:21:06', '2017-12-21 14:21:06', NULL, 30),
(908, 62, 18, '2017-12-23 00:00:00', '2017-12-21 14:21:07', '2017-12-21 14:21:07', NULL, 0),
(909, 62, 18, '2017-12-23 00:00:00', '2017-12-21 14:21:08', '2017-12-21 14:21:08', NULL, 30),
(910, 62, 19, '2017-12-23 00:00:00', '2017-12-21 14:21:09', '2017-12-21 14:21:09', NULL, 0),
(911, 62, 19, '2017-12-23 00:00:00', '2017-12-21 14:21:10', '2017-12-21 14:21:10', NULL, 30),
(912, 62, 20, '2017-12-23 00:00:00', '2017-12-21 14:21:11', '2017-12-21 14:21:11', NULL, 0),
(913, 62, 20, '2017-12-23 00:00:00', '2017-12-21 14:21:12', '2017-12-21 14:21:12', NULL, 30),
(914, 62, 21, '2017-12-23 00:00:00', '2017-12-21 14:21:15', '2017-12-21 14:21:15', NULL, 0),
(915, 62, 21, '2017-12-23 00:00:00', '2017-12-21 14:21:16', '2017-12-21 14:21:16', NULL, 30),
(916, 62, 22, '2017-12-23 00:00:00', '2017-12-21 14:21:17', '2017-12-21 14:21:17', NULL, 0),
(917, 62, 10, '2017-12-25 00:00:00', '2017-12-21 14:21:48', '2017-12-21 14:21:48', NULL, 30),
(918, 62, 11, '2017-12-25 00:00:00', '2017-12-21 14:21:49', '2017-12-21 14:21:49', NULL, 0),
(919, 62, 11, '2017-12-25 00:00:00', '2017-12-21 14:21:50', '2017-12-21 14:21:50', NULL, 30),
(920, 62, 12, '2017-12-25 00:00:00', '2017-12-21 14:21:51', '2017-12-21 14:21:51', NULL, 0),
(921, 62, 12, '2017-12-25 00:00:00', '2017-12-21 14:21:52', '2017-12-21 14:21:52', NULL, 30),
(922, 62, 13, '2017-12-25 00:00:00', '2017-12-21 14:21:53', '2017-12-21 14:21:53', NULL, 0),
(923, 62, 13, '2017-12-25 00:00:00', '2017-12-21 14:21:54', '2017-12-21 14:21:54', NULL, 30),
(924, 62, 14, '2017-12-25 00:00:00', '2017-12-21 14:21:55', '2017-12-21 14:21:55', NULL, 0),
(925, 62, 14, '2017-12-25 00:00:00', '2017-12-21 14:21:57', '2017-12-21 14:21:57', NULL, 30),
(926, 62, 15, '2017-12-25 00:00:00', '2017-12-21 14:22:04', '2017-12-21 14:22:04', NULL, 0),
(927, 62, 15, '2017-12-25 00:00:00', '2017-12-21 14:22:06', '2017-12-21 14:22:06', NULL, 30),
(928, 62, 16, '2017-12-25 00:00:00', '2017-12-21 14:22:07', '2017-12-21 14:22:07', NULL, 0),
(929, 62, 16, '2017-12-25 00:00:00', '2017-12-21 14:22:08', '2017-12-21 14:22:08', NULL, 30),
(930, 62, 17, '2017-12-25 00:00:00', '2017-12-21 14:22:11', '2017-12-21 14:22:11', NULL, 0),
(931, 62, 17, '2017-12-25 00:00:00', '2017-12-21 14:22:13', '2017-12-21 14:22:13', NULL, 30),
(932, 62, 18, '2017-12-25 00:00:00', '2017-12-21 14:22:14', '2017-12-21 14:22:14', NULL, 0),
(933, 62, 18, '2017-12-25 00:00:00', '2017-12-21 14:22:37', '2017-12-21 14:22:37', NULL, 30),
(937, 62, 16, '2017-12-29 00:00:00', '2017-12-21 14:24:10', '2017-12-21 14:24:10', NULL, 30),
(938, 62, 17, '2017-12-29 00:00:00', '2017-12-21 14:24:11', '2017-12-21 14:24:11', NULL, 0),
(939, 62, 17, '2017-12-29 00:00:00', '2017-12-21 14:24:12', '2017-12-21 14:24:12', NULL, 30),
(940, 62, 18, '2017-12-29 00:00:00', '2017-12-21 14:24:13', '2017-12-21 14:24:13', NULL, 0),
(941, 62, 18, '2017-12-29 00:00:00', '2017-12-21 14:24:14', '2017-12-21 14:24:14', NULL, 30),
(942, 62, 19, '2017-12-29 00:00:00', '2017-12-21 14:24:15', '2017-12-21 14:24:15', NULL, 0),
(943, 62, 19, '2017-12-29 00:00:00', '2017-12-21 14:24:16', '2017-12-21 14:24:16', NULL, 30),
(944, 62, 20, '2017-12-29 00:00:00', '2017-12-21 14:24:17', '2017-12-21 14:24:17', NULL, 0),
(945, 62, 20, '2017-12-29 00:00:00', '2017-12-21 14:24:18', '2017-12-21 14:24:18', NULL, 30),
(946, 62, 21, '2017-12-29 00:00:00', '2017-12-21 14:24:19', '2017-12-21 14:24:19', NULL, 0),
(947, 62, 21, '2017-12-29 00:00:00', '2017-12-21 14:24:20', '2017-12-21 14:24:20', NULL, 30),
(948, 62, 22, '2017-12-29 00:00:00', '2017-12-21 14:24:21', '2017-12-21 14:24:21', NULL, 0),
(949, 62, 16, '2017-12-29 00:00:00', '2017-12-21 14:24:42', '2017-12-21 14:24:42', NULL, 0),
(950, 62, 16, '2017-12-30 00:00:00', '2017-12-21 14:24:49', '2017-12-21 14:24:49', NULL, 0),
(951, 62, 16, '2017-12-30 00:00:00', '2017-12-21 14:24:50', '2017-12-21 14:24:50', NULL, 30),
(952, 62, 17, '2017-12-30 00:00:00', '2017-12-21 14:24:51', '2017-12-21 14:24:51', NULL, 0),
(953, 62, 17, '2017-12-30 00:00:00', '2017-12-21 14:24:52', '2017-12-21 14:24:52', NULL, 30),
(954, 62, 18, '2017-12-30 00:00:00', '2017-12-21 14:24:53', '2017-12-21 14:24:53', NULL, 0),
(955, 62, 18, '2017-12-30 00:00:00', '2017-12-21 14:24:54', '2017-12-21 14:24:54', NULL, 30),
(956, 62, 19, '2017-12-30 00:00:00', '2017-12-21 14:24:55', '2017-12-21 14:24:55', NULL, 0),
(957, 62, 19, '2017-12-30 00:00:00', '2017-12-21 14:24:56', '2017-12-21 14:24:56', NULL, 30),
(958, 62, 20, '2017-12-30 00:00:00', '2017-12-21 14:24:57', '2017-12-21 14:24:57', NULL, 0),
(959, 62, 20, '2017-12-30 00:00:00', '2017-12-21 14:24:58', '2017-12-21 14:24:58', NULL, 30),
(960, 62, 21, '2017-12-30 00:00:00', '2017-12-21 14:24:58', '2017-12-21 14:24:58', NULL, 0),
(961, 62, 21, '2017-12-30 00:00:00', '2017-12-21 14:24:59', '2017-12-21 14:24:59', NULL, 30),
(962, 62, 22, '2017-12-30 00:00:00', '2017-12-21 14:25:00', '2017-12-21 14:25:00', NULL, 0),
(965, 62, 9, '2018-01-19 00:00:00', '2017-12-21 14:26:56', '2017-12-21 14:26:56', NULL, 0),
(966, 62, 9, '2018-01-19 00:00:00', '2017-12-21 14:27:05', '2017-12-21 14:27:05', NULL, 30),
(967, 62, 10, '2018-01-19 00:00:00', '2017-12-21 14:27:06', '2017-12-21 14:27:06', NULL, 0),
(968, 62, 10, '2018-01-19 00:00:00', '2017-12-21 14:27:09', '2017-12-21 14:27:09', NULL, 30),
(969, 62, 11, '2018-01-19 00:00:00', '2017-12-21 14:27:09', '2017-12-21 14:27:09', NULL, 0),
(970, 62, 11, '2018-01-19 00:00:00', '2017-12-21 14:27:10', '2017-12-21 14:27:10', NULL, 30),
(971, 62, 12, '2018-01-19 00:00:00', '2017-12-21 14:27:11', '2017-12-21 14:27:11', NULL, 0),
(972, 62, 12, '2018-01-19 00:00:00', '2017-12-21 14:27:12', '2017-12-21 14:27:12', NULL, 30),
(973, 62, 13, '2018-01-19 00:00:00', '2017-12-21 14:27:13', '2017-12-21 14:27:13', NULL, 0),
(974, 62, 13, '2018-01-19 00:00:00', '2017-12-21 14:27:14', '2017-12-21 14:27:14', NULL, 30),
(975, 62, 14, '2018-01-19 00:00:00', '2017-12-21 14:27:15', '2017-12-21 14:27:15', NULL, 0),
(976, 62, 14, '2018-01-19 00:00:00', '2017-12-21 14:27:16', '2017-12-21 14:27:16', NULL, 30),
(977, 62, 15, '2018-01-19 00:00:00', '2017-12-21 14:27:17', '2017-12-21 14:27:17', NULL, 0),
(978, 62, 15, '2018-01-19 00:00:00', '2017-12-21 14:27:17', '2017-12-21 14:27:17', NULL, 30),
(979, 62, 16, '2018-01-19 00:00:00', '2017-12-21 14:27:18', '2017-12-21 14:27:18', NULL, 0),
(980, 62, 16, '2018-01-19 00:00:00', '2017-12-21 14:27:22', '2017-12-21 14:27:22', NULL, 30),
(981, 62, 17, '2018-01-19 00:00:00', '2017-12-21 14:27:23', '2017-12-21 14:27:23', NULL, 0),
(982, 62, 17, '2018-01-19 00:00:00', '2017-12-21 14:27:24', '2017-12-21 14:27:24', NULL, 30),
(983, 62, 18, '2018-01-19 00:00:00', '2017-12-21 14:27:25', '2017-12-21 14:27:25', NULL, 0),
(984, 62, 18, '2018-01-19 00:00:00', '2017-12-21 14:27:26', '2017-12-21 14:27:26', NULL, 30),
(985, 62, 19, '2018-01-19 00:00:00', '2017-12-21 14:27:30', '2017-12-21 14:27:30', NULL, 0),
(986, 62, 19, '2018-01-19 00:00:00', '2017-12-21 14:27:33', '2017-12-21 14:27:33', NULL, 30),
(987, 76, 19, '2018-01-25 00:00:00', '2018-01-23 12:45:45', '2018-01-23 12:45:45', NULL, 30),
(988, 76, 19, '2018-01-25 00:00:00', '2018-01-23 12:45:46', '2018-01-23 12:45:46', NULL, 0),
(989, 76, 18, '2018-01-25 00:00:00', '2018-01-23 12:45:47', '2018-01-23 12:45:47', NULL, 30),
(990, 76, 16, '2018-01-27 00:00:00', '2018-01-23 12:46:04', '2018-01-23 12:46:04', NULL, 0),
(991, 76, 15, '2018-01-27 00:00:00', '2018-01-23 12:46:05', '2018-01-23 12:46:05', NULL, 30),
(992, 76, 14, '2018-01-27 00:00:00', '2018-01-23 12:46:09', '2018-01-23 12:46:09', NULL, 30),
(993, 76, 15, '2018-01-27 00:00:00', '2018-01-23 12:46:10', '2018-01-23 12:46:10', NULL, 0),
(994, 76, 16, '2018-01-27 00:00:00', '2018-01-23 12:46:11', '2018-01-23 12:46:11', NULL, 30),
(995, 76, 17, '2018-01-27 00:00:00', '2018-01-23 12:46:12', '2018-01-23 12:46:12', NULL, 0),
(996, 76, 17, '2018-01-27 00:00:00', '2018-01-23 12:46:12', '2018-01-23 12:46:12', NULL, 30),
(997, 76, 14, '2018-01-27 00:00:00', '2018-01-23 12:46:14', '2018-01-23 12:46:14', NULL, 0),
(998, 76, 18, '2018-01-27 00:00:00', '2018-01-23 12:46:15', '2018-01-23 12:46:15', NULL, 0),
(999, 76, 18, '2018-01-27 00:00:00', '2018-01-23 12:46:17', '2018-01-23 12:46:17', NULL, 30),
(1000, 76, 19, '2018-01-27 00:00:00', '2018-01-23 12:46:18', '2018-01-23 12:46:18', NULL, 0),
(1001, 76, 19, '2018-01-27 00:00:00', '2018-01-23 12:46:18', '2018-01-23 12:46:18', NULL, 30),
(1002, 76, 21, '2018-01-27 00:00:00', '2018-01-23 12:46:20', '2018-01-23 12:46:20', NULL, 30),
(1003, 76, 21, '2018-01-27 00:00:00', '2018-01-23 12:46:21', '2018-01-23 12:46:21', NULL, 0),
(1004, 76, 20, '2018-01-27 00:00:00', '2018-01-23 12:46:22', '2018-01-23 12:46:22', NULL, 30),
(1005, 76, 20, '2018-01-27 00:00:00', '2018-01-23 12:46:22', '2018-01-23 12:46:22', NULL, 0),
(1006, 76, 11, '2018-01-30 00:00:00', '2018-01-23 12:46:29', '2018-01-23 12:46:29', NULL, 0),
(1007, 76, 10, '2018-01-30 00:00:00', '2018-01-23 12:46:29', '2018-01-23 12:46:29', NULL, 30),
(1008, 76, 11, '2018-01-30 00:00:00', '2018-01-23 12:46:30', '2018-01-23 12:46:30', NULL, 30),
(1009, 76, 12, '2018-01-30 00:00:00', '2018-01-23 12:46:31', '2018-01-23 12:46:31', NULL, 0),
(1010, 76, 12, '2018-01-30 00:00:00', '2018-01-23 12:46:32', '2018-01-23 12:46:32', NULL, 30),
(1011, 76, 13, '2018-01-30 00:00:00', '2018-01-23 12:46:32', '2018-01-23 12:46:32', NULL, 0),
(1012, 76, 13, '2018-01-30 00:00:00', '2018-01-23 12:46:33', '2018-01-23 12:46:33', NULL, 30),
(1013, 76, 14, '2018-01-30 00:00:00', '2018-01-23 12:46:34', '2018-01-23 12:46:34', NULL, 0),
(1014, 76, 14, '2018-01-30 00:00:00', '2018-01-23 12:46:34', '2018-01-23 12:46:34', NULL, 30),
(1015, 76, 15, '2018-01-30 00:00:00', '2018-01-23 12:46:35', '2018-01-23 12:46:35', NULL, 0),
(1016, 76, 15, '2018-01-30 00:00:00', '2018-01-23 12:46:36', '2018-01-23 12:46:36', NULL, 30),
(1017, 76, 16, '2018-01-30 00:00:00', '2018-01-23 12:46:36', '2018-01-23 12:46:36', NULL, 0),
(1018, 76, 16, '2018-01-30 00:00:00', '2018-01-23 12:46:37', '2018-01-23 12:46:37', NULL, 30),
(1019, 76, 17, '2018-01-30 00:00:00', '2018-01-23 12:46:38', '2018-01-23 12:46:38', NULL, 0),
(1020, 76, 17, '2018-01-30 00:00:00', '2018-01-23 12:46:39', '2018-01-23 12:46:39', NULL, 30),
(1021, 76, 18, '2018-01-30 00:00:00', '2018-01-23 12:46:40', '2018-01-23 12:46:40', NULL, 0),
(1022, 76, 18, '2018-01-30 00:00:00', '2018-01-23 12:46:41', '2018-01-23 12:46:41', NULL, 30),
(1023, 76, 19, '2018-01-30 00:00:00', '2018-01-23 12:46:45', '2018-01-23 12:46:45', NULL, 30),
(1024, 76, 19, '2018-01-30 00:00:00', '2018-01-23 12:46:46', '2018-01-23 12:46:46', NULL, 0),
(1025, 76, 10, '2018-01-31 00:00:00', '2018-01-23 12:46:52', '2018-01-23 12:46:52', NULL, 30),
(1026, 76, 10, '2018-02-01 00:00:00', '2018-01-23 12:46:53', '2018-01-23 12:46:53', NULL, 30),
(1027, 76, 10, '2018-02-02 00:00:00', '2018-01-23 12:47:00', '2018-01-23 12:47:00', NULL, 30),
(1028, 76, 11, '2018-02-02 00:00:00', '2018-01-23 12:47:01', '2018-01-23 12:47:01', NULL, 0),
(1029, 76, 11, '2018-02-01 00:00:00', '2018-01-23 12:47:01', '2018-01-23 12:47:01', NULL, 0),
(1030, 76, 11, '2018-01-31 00:00:00', '2018-01-23 12:47:02', '2018-01-23 12:47:02', NULL, 0),
(1031, 76, 11, '2018-01-31 00:00:00', '2018-01-23 12:47:03', '2018-01-23 12:47:03', NULL, 30),
(1032, 76, 11, '2018-02-01 00:00:00', '2018-01-23 12:47:03', '2018-01-23 12:47:03', NULL, 30),
(1033, 76, 11, '2018-02-02 00:00:00', '2018-01-23 12:47:04', '2018-01-23 12:47:04', NULL, 30),
(1034, 76, 12, '2018-02-02 00:00:00', '2018-01-23 12:47:05', '2018-01-23 12:47:05', NULL, 0),
(1035, 76, 12, '2018-02-01 00:00:00', '2018-01-23 12:47:06', '2018-01-23 12:47:06', NULL, 0),
(1036, 76, 12, '2018-02-02 00:00:00', '2018-01-23 12:47:07', '2018-01-23 12:47:07', NULL, 30),
(1037, 76, 12, '2018-02-01 00:00:00', '2018-01-23 12:47:07', '2018-01-23 12:47:07', NULL, 30),
(1038, 76, 12, '2018-01-31 00:00:00', '2018-01-23 12:47:08', '2018-01-23 12:47:08', NULL, 30),
(1039, 76, 12, '2018-01-31 00:00:00', '2018-01-23 12:47:08', '2018-01-23 12:47:08', NULL, 0),
(1040, 76, 13, '2018-01-31 00:00:00', '2018-01-23 12:47:09', '2018-01-23 12:47:09', NULL, 0),
(1041, 76, 13, '2018-02-01 00:00:00', '2018-01-23 12:47:10', '2018-01-23 12:47:10', NULL, 0),
(1042, 76, 13, '2018-02-02 00:00:00', '2018-01-23 12:47:10', '2018-01-23 12:47:10', NULL, 0),
(1043, 76, 13, '2018-02-02 00:00:00', '2018-01-23 12:47:11', '2018-01-23 12:47:11', NULL, 30),
(1044, 76, 13, '2018-02-01 00:00:00', '2018-01-23 12:47:12', '2018-01-23 12:47:12', NULL, 30),
(1045, 76, 14, '2018-02-01 00:00:00', '2018-01-23 12:47:12', '2018-01-23 12:47:12', NULL, 0),
(1046, 76, 14, '2018-02-02 00:00:00', '2018-01-23 12:47:13', '2018-01-23 12:47:13', NULL, 0),
(1047, 76, 14, '2018-02-02 00:00:00', '2018-01-23 12:47:14', '2018-01-23 12:47:14', NULL, 30),
(1048, 76, 13, '2018-01-31 00:00:00', '2018-01-23 12:47:16', '2018-01-23 12:47:16', NULL, 30),
(1049, 76, 14, '2018-01-31 00:00:00', '2018-01-23 12:47:16', '2018-01-23 12:47:16', NULL, 0),
(1050, 76, 14, '2018-01-31 00:00:00', '2018-01-23 12:47:17', '2018-01-23 12:47:17', NULL, 30),
(1051, 76, 14, '2018-02-01 00:00:00', '2018-01-23 12:47:18', '2018-01-23 12:47:18', NULL, 30),
(1052, 76, 15, '2018-02-01 00:00:00', '2018-01-23 12:47:18', '2018-01-23 12:47:18', NULL, 0),
(1053, 76, 15, '2018-02-01 00:00:00', '2018-01-23 12:47:19', '2018-01-23 12:47:19', NULL, 30),
(1054, 76, 16, '2018-02-01 00:00:00', '2018-01-23 12:47:20', '2018-01-23 12:47:20', NULL, 30),
(1055, 76, 16, '2018-02-01 00:00:00', '2018-01-23 12:47:21', '2018-01-23 12:47:21', NULL, 0),
(1056, 76, 16, '2018-02-02 00:00:00', '2018-01-23 12:47:22', '2018-01-23 12:47:22', NULL, 30),
(1057, 76, 16, '2018-02-02 00:00:00', '2018-01-23 12:47:22', '2018-01-23 12:47:22', NULL, 0),
(1058, 76, 15, '2018-02-02 00:00:00', '2018-01-23 12:47:24', '2018-01-23 12:47:24', NULL, 30),
(1059, 76, 15, '2018-02-02 00:00:00', '2018-01-23 12:47:24', '2018-01-23 12:47:24', NULL, 0),
(1060, 76, 15, '2018-01-31 00:00:00', '2018-01-23 12:47:25', '2018-01-23 12:47:25', NULL, 0),
(1061, 76, 15, '2018-01-31 00:00:00', '2018-01-23 12:47:26', '2018-01-23 12:47:26', NULL, 30),
(1062, 76, 16, '2018-01-31 00:00:00', '2018-01-23 12:47:27', '2018-01-23 12:47:27', NULL, 0),
(1063, 76, 16, '2018-01-31 00:00:00', '2018-01-23 12:47:28', '2018-01-23 12:47:28', NULL, 30),
(1064, 76, 17, '2018-01-31 00:00:00', '2018-01-23 12:47:28', '2018-01-23 12:47:28', NULL, 0),
(1065, 76, 17, '2018-02-01 00:00:00', '2018-01-23 12:47:29', '2018-01-23 12:47:29', NULL, 0),
(1066, 76, 17, '2018-02-02 00:00:00', '2018-01-23 12:47:31', '2018-01-23 12:47:31', NULL, 30),
(1067, 76, 17, '2018-02-02 00:00:00', '2018-01-23 12:47:31', '2018-01-23 12:47:31', NULL, 0),
(1068, 76, 18, '2018-02-02 00:00:00', '2018-01-23 12:47:32', '2018-01-23 12:47:32', NULL, 0),
(1069, 76, 18, '2018-02-01 00:00:00', '2018-01-23 12:47:33', '2018-01-23 12:47:33', NULL, 0),
(1070, 76, 17, '2018-02-01 00:00:00', '2018-01-23 12:47:33', '2018-01-23 12:47:33', NULL, 30),
(1071, 76, 17, '2018-01-31 00:00:00', '2018-01-23 12:47:35', '2018-01-23 12:47:35', NULL, 30),
(1072, 76, 18, '2018-01-31 00:00:00', '2018-01-23 12:47:35', '2018-01-23 12:47:35', NULL, 0),
(1073, 76, 19, '2018-01-31 00:00:00', '2018-01-23 12:47:37', '2018-01-23 12:47:37', NULL, 30),
(1074, 76, 19, '2018-01-31 00:00:00', '2018-01-23 12:47:38', '2018-01-23 12:47:38', NULL, 0),
(1075, 76, 18, '2018-01-31 00:00:00', '2018-01-23 12:47:39', '2018-01-23 12:47:39', NULL, 30),
(1076, 76, 18, '2018-02-01 00:00:00', '2018-01-23 12:47:40', '2018-01-23 12:47:40', NULL, 30),
(1077, 76, 19, '2018-02-01 00:00:00', '2018-01-23 12:47:40', '2018-01-23 12:47:40', NULL, 0),
(1078, 76, 19, '2018-02-01 00:00:00', '2018-01-23 12:47:41', '2018-01-23 12:47:41', NULL, 30),
(1079, 76, 19, '2018-02-02 00:00:00', '2018-01-23 12:47:42', '2018-01-23 12:47:42', NULL, 30),
(1080, 76, 19, '2018-02-02 00:00:00', '2018-01-23 12:47:42', '2018-01-23 12:47:42', NULL, 0),
(1081, 76, 18, '2018-02-02 00:00:00', '2018-01-23 12:47:43', '2018-01-23 12:47:43', NULL, 30),
(1083, 76, 10, '2018-02-03 00:00:00', '2018-01-28 11:04:24', '2018-01-28 11:04:24', NULL, 0),
(1084, 76, 10, '2018-02-03 00:00:00', '2018-01-28 11:04:25', '2018-01-28 11:04:25', NULL, 30),
(1085, 76, 11, '2018-02-03 00:00:00', '2018-01-28 11:04:25', '2018-01-28 11:04:25', NULL, 0),
(1086, 76, 11, '2018-02-03 00:00:00', '2018-01-28 11:04:26', '2018-01-28 11:04:26', NULL, 30),
(1087, 76, 12, '2018-02-03 00:00:00', '2018-01-28 11:04:27', '2018-01-28 11:04:27', NULL, 0),
(1088, 76, 12, '2018-02-03 00:00:00', '2018-01-28 11:04:27', '2018-01-28 11:04:27', NULL, 30),
(1089, 76, 13, '2018-02-03 00:00:00', '2018-01-28 11:04:29', '2018-01-28 11:04:29', NULL, 30),
(1090, 76, 13, '2018-02-03 00:00:00', '2018-01-28 11:04:31', '2018-01-28 11:04:31', NULL, 0),
(1091, 76, 14, '2018-02-03 00:00:00', '2018-01-28 11:04:31', '2018-01-28 11:04:31', NULL, 0),
(1092, 76, 14, '2018-02-03 00:00:00', '2018-01-28 11:04:32', '2018-01-28 11:04:32', NULL, 30),
(1093, 76, 21, '2018-02-03 00:00:00', '2018-01-28 11:04:35', '2018-01-28 11:04:35', NULL, 30),
(1094, 76, 21, '2018-02-03 00:00:00', '2018-01-28 11:04:36', '2018-01-28 11:04:36', NULL, 0),
(1095, 76, 20, '2018-02-03 00:00:00', '2018-01-28 11:04:36', '2018-01-28 11:04:36', NULL, 30),
(1096, 76, 20, '2018-02-03 00:00:00', '2018-01-28 11:04:37', '2018-01-28 11:04:37', NULL, 0),
(1097, 76, 19, '2018-02-03 00:00:00', '2018-01-28 11:04:38', '2018-01-28 11:04:38', NULL, 30),
(1098, 76, 19, '2018-02-03 00:00:00', '2018-01-28 11:04:38', '2018-01-28 11:04:38', NULL, 0),
(1099, 76, 18, '2018-02-03 00:00:00', '2018-01-28 11:04:39', '2018-01-28 11:04:39', NULL, 30),
(1100, 76, 18, '2018-02-03 00:00:00', '2018-01-28 11:04:40', '2018-01-28 11:04:40', NULL, 0),
(1101, 76, 17, '2018-02-03 00:00:00', '2018-01-28 11:04:40', '2018-01-28 11:04:40', NULL, 30),
(1102, 76, 17, '2018-02-03 00:00:00', '2018-01-28 11:04:41', '2018-01-28 11:04:41', NULL, 0),
(1103, 76, 15, '2018-02-03 00:00:00', '2018-01-28 11:04:43', '2018-01-28 11:04:43', NULL, 0),
(1104, 76, 15, '2018-02-03 00:00:00', '2018-01-28 11:04:43', '2018-01-28 11:04:43', NULL, 30),
(1105, 76, 16, '2018-02-03 00:00:00', '2018-01-28 11:04:44', '2018-01-28 11:04:44', NULL, 0),
(1106, 76, 16, '2018-02-03 00:00:00', '2018-01-28 11:04:45', '2018-01-28 11:04:45', NULL, 30),
(1107, 76, 10, '2018-02-06 00:00:00', '2018-01-28 11:04:49', '2018-01-28 11:04:49', NULL, 30),
(1108, 76, 10, '2018-02-07 00:00:00', '2018-01-28 11:04:50', '2018-01-28 11:04:50', NULL, 30),
(1109, 76, 11, '2018-02-07 00:00:00', '2018-01-28 11:04:50', '2018-01-28 11:04:50', NULL, 0),
(1110, 76, 11, '2018-02-06 00:00:00', '2018-01-28 11:04:51', '2018-01-28 11:04:51', NULL, 0),
(1111, 76, 11, '2018-02-06 00:00:00', '2018-01-28 11:04:52', '2018-01-28 11:04:52', NULL, 30),
(1112, 76, 11, '2018-02-07 00:00:00', '2018-01-28 11:04:52', '2018-01-28 11:04:52', NULL, 30),
(1113, 76, 12, '2018-02-07 00:00:00', '2018-01-28 11:04:53', '2018-01-28 11:04:53', NULL, 0),
(1114, 76, 12, '2018-02-06 00:00:00', '2018-01-28 11:04:53', '2018-01-28 11:04:53', NULL, 0),
(1115, 76, 12, '2018-02-06 00:00:00', '2018-01-28 11:04:55', '2018-01-28 11:04:55', NULL, 30),
(1116, 76, 12, '2018-02-07 00:00:00', '2018-01-28 11:04:56', '2018-01-28 11:04:56', NULL, 30),
(1117, 76, 13, '2018-02-07 00:00:00', '2018-01-28 11:04:57', '2018-01-28 11:04:57', NULL, 0),
(1118, 76, 13, '2018-02-07 00:00:00', '2018-01-28 11:04:58', '2018-01-28 11:04:58', NULL, 30),
(1119, 76, 14, '2018-02-07 00:00:00', '2018-01-28 11:04:58', '2018-01-28 11:04:58', NULL, 0),
(1120, 76, 14, '2018-02-07 00:00:00', '2018-01-28 11:04:59', '2018-01-28 11:04:59', NULL, 30),
(1121, 76, 15, '2018-02-07 00:00:00', '2018-01-28 11:05:00', '2018-01-28 11:05:00', NULL, 0),
(1122, 76, 15, '2018-02-07 00:00:00', '2018-01-28 11:05:01', '2018-01-28 11:05:01', NULL, 30),
(1123, 76, 13, '2018-02-06 00:00:00', '2018-01-28 11:05:01', '2018-01-28 11:05:01', NULL, 0),
(1124, 76, 13, '2018-02-06 00:00:00', '2018-01-28 11:05:02', '2018-01-28 11:05:02', NULL, 30),
(1125, 76, 14, '2018-02-06 00:00:00', '2018-01-28 11:05:03', '2018-01-28 11:05:03', NULL, 0),
(1126, 76, 14, '2018-02-06 00:00:00', '2018-01-28 11:05:03', '2018-01-28 11:05:03', NULL, 30),
(1127, 76, 19, '2018-02-07 00:00:00', '2018-01-28 11:05:06', '2018-01-28 11:05:06', NULL, 30),
(1128, 76, 16, '2018-02-07 00:00:00', '2018-01-28 11:05:07', '2018-01-28 11:05:07', NULL, 0),
(1129, 76, 16, '2018-02-07 00:00:00', '2018-01-28 11:05:08', '2018-01-28 11:05:08', NULL, 30),
(1130, 76, 17, '2018-02-07 00:00:00', '2018-01-28 11:05:09', '2018-01-28 11:05:09', NULL, 0),
(1131, 76, 17, '2018-02-07 00:00:00', '2018-01-28 11:05:09', '2018-01-28 11:05:09', NULL, 30),
(1132, 76, 18, '2018-02-07 00:00:00', '2018-01-28 11:05:10', '2018-01-28 11:05:10', NULL, 0),
(1133, 76, 18, '2018-02-07 00:00:00', '2018-01-28 11:05:11', '2018-01-28 11:05:11', NULL, 30),
(1134, 76, 19, '2018-02-07 00:00:00', '2018-01-28 11:05:12', '2018-01-28 11:05:12', NULL, 0),
(1135, 76, 19, '2018-02-06 00:00:00', '2018-01-28 11:05:12', '2018-01-28 11:05:12', NULL, 30),
(1136, 76, 19, '2018-02-06 00:00:00', '2018-01-28 11:05:13', '2018-01-28 11:05:13', NULL, 0),
(1137, 76, 18, '2018-02-06 00:00:00', '2018-01-28 11:05:14', '2018-01-28 11:05:14', NULL, 30),
(1138, 76, 18, '2018-02-06 00:00:00', '2018-01-28 11:05:14', '2018-01-28 11:05:14', NULL, 0),
(1139, 76, 17, '2018-02-06 00:00:00', '2018-01-28 11:05:15', '2018-01-28 11:05:15', NULL, 30),
(1140, 76, 17, '2018-02-06 00:00:00', '2018-01-28 11:05:15', '2018-01-28 11:05:15', NULL, 0),
(1141, 76, 16, '2018-02-06 00:00:00', '2018-01-28 11:05:16', '2018-01-28 11:05:16', NULL, 30);
INSERT INTO `agenda` (`id`, `user_id`, `heure`, `date`, `created_at`, `updated_at`, `booking_id`, `minute`) VALUES
(1142, 76, 16, '2018-02-06 00:00:00', '2018-01-28 11:05:17', '2018-01-28 11:05:17', NULL, 0),
(1143, 76, 15, '2018-02-06 00:00:00', '2018-01-28 11:05:17', '2018-01-28 11:05:17', NULL, 30),
(1144, 76, 15, '2018-02-06 00:00:00', '2018-01-28 11:05:18', '2018-01-28 11:05:18', NULL, 0),
(1145, 76, 17, '2018-02-10 00:00:00', '2018-01-28 11:09:58', '2018-01-28 11:09:58', NULL, 0),
(1146, 76, 17, '2018-02-10 00:00:00', '2018-01-28 11:09:59', '2018-01-28 11:09:59', NULL, 30),
(1147, 76, 18, '2018-02-10 00:00:00', '2018-01-28 11:10:00', '2018-01-28 11:10:00', NULL, 0),
(1148, 76, 18, '2018-02-10 00:00:00', '2018-01-28 11:10:01', '2018-01-28 11:10:01', NULL, 30),
(1149, 76, 19, '2018-02-10 00:00:00', '2018-01-28 11:10:01', '2018-01-28 11:10:01', NULL, 0),
(1150, 76, 19, '2018-02-10 00:00:00', '2018-01-28 11:10:02', '2018-01-28 11:10:02', NULL, 30),
(1151, 76, 20, '2018-02-10 00:00:00', '2018-01-28 11:10:03', '2018-01-28 11:10:03', NULL, 0),
(1152, 76, 20, '2018-02-10 00:00:00', '2018-01-28 11:10:03', '2018-01-28 11:10:03', NULL, 30),
(1153, 76, 21, '2018-02-10 00:00:00', '2018-01-28 11:10:04', '2018-01-28 11:10:04', NULL, 0),
(1154, 76, 21, '2018-02-10 00:00:00', '2018-01-28 11:10:05', '2018-01-28 11:10:05', NULL, 30),
(1155, 76, 10, '2018-02-11 00:00:00', '2018-01-28 11:10:09', '2018-01-28 11:10:09', NULL, 0),
(1156, 76, 10, '2018-02-11 00:00:00', '2018-01-28 11:10:10', '2018-01-28 11:10:10', NULL, 30),
(1157, 76, 11, '2018-02-11 00:00:00', '2018-01-28 11:10:10', '2018-01-28 11:10:10', NULL, 0),
(1158, 76, 11, '2018-02-11 00:00:00', '2018-01-28 11:10:11', '2018-01-28 11:10:11', NULL, 30),
(1160, 99, 2, '2018-02-12 00:00:00', '2018-02-12 10:26:41', '2018-02-12 10:26:41', NULL, 0),
(1161, 76, 10, '2018-03-14 00:00:00', '2018-03-01 10:59:34', '2018-03-01 10:59:34', NULL, 30),
(1162, 76, 11, '2018-03-14 00:00:00', '2018-03-01 10:59:35', '2018-03-01 10:59:35', NULL, 0),
(1163, 76, 10, '2018-03-15 00:00:00', '2018-03-01 10:59:36', '2018-03-01 10:59:36', NULL, 30),
(1164, 76, 11, '2018-03-15 00:00:00', '2018-03-01 10:59:36', '2018-03-01 10:59:36', NULL, 0),
(1165, 76, 11, '2018-03-16 00:00:00', '2018-03-01 10:59:37', '2018-03-01 10:59:37', NULL, 0),
(1166, 76, 10, '2018-03-16 00:00:00', '2018-03-01 10:59:38', '2018-03-01 10:59:38', NULL, 30),
(1167, 76, 12, '2018-03-16 00:00:00', '2018-03-01 10:59:38', '2018-03-01 10:59:38', NULL, 0),
(1168, 76, 12, '2018-03-15 00:00:00', '2018-03-01 10:59:39', '2018-03-01 10:59:39', NULL, 0),
(1169, 76, 11, '2018-03-15 00:00:00', '2018-03-01 10:59:39', '2018-03-01 10:59:39', NULL, 30),
(1170, 76, 11, '2018-03-16 00:00:00', '2018-03-01 10:59:40', '2018-03-01 10:59:40', NULL, 30),
(1171, 76, 11, '2018-03-14 00:00:00', '2018-03-01 10:59:41', '2018-03-01 10:59:41', NULL, 30),
(1172, 76, 12, '2018-03-14 00:00:00', '2018-03-01 10:59:42', '2018-03-01 10:59:42', NULL, 0),
(1173, 76, 12, '2018-03-15 00:00:00', '2018-03-01 10:59:44', '2018-03-01 10:59:44', NULL, 30),
(1174, 76, 12, '2018-03-16 00:00:00', '2018-03-01 10:59:44', '2018-03-01 10:59:44', NULL, 30),
(1175, 76, 13, '2018-03-16 00:00:00', '2018-03-01 10:59:45', '2018-03-01 10:59:45', NULL, 0),
(1176, 76, 13, '2018-03-16 00:00:00', '2018-03-01 10:59:46', '2018-03-01 10:59:46', NULL, 30),
(1177, 76, 13, '2018-03-15 00:00:00', '2018-03-01 10:59:46', '2018-03-01 10:59:46', NULL, 30),
(1178, 76, 13, '2018-03-15 00:00:00', '2018-03-01 10:59:47', '2018-03-01 10:59:47', NULL, 0),
(1179, 76, 12, '2018-03-14 00:00:00', '2018-03-01 10:59:48', '2018-03-01 10:59:48', NULL, 30),
(1180, 76, 13, '2018-03-14 00:00:00', '2018-03-01 10:59:48', '2018-03-01 10:59:48', NULL, 0),
(1181, 76, 13, '2018-03-14 00:00:00', '2018-03-01 10:59:49', '2018-03-01 10:59:49', NULL, 30),
(1182, 76, 14, '2018-03-14 00:00:00', '2018-03-01 10:59:50', '2018-03-01 10:59:50', NULL, 0),
(1183, 76, 14, '2018-03-15 00:00:00', '2018-03-01 10:59:50', '2018-03-01 10:59:50', NULL, 0),
(1184, 76, 14, '2018-03-16 00:00:00', '2018-03-01 10:59:51', '2018-03-01 10:59:51', NULL, 0),
(1185, 76, 14, '2018-03-16 00:00:00', '2018-03-01 10:59:52', '2018-03-01 10:59:52', NULL, 30),
(1186, 76, 14, '2018-03-15 00:00:00', '2018-03-01 10:59:52', '2018-03-01 10:59:52', NULL, 30),
(1187, 76, 14, '2018-03-14 00:00:00', '2018-03-01 10:59:53', '2018-03-01 10:59:53', NULL, 30),
(1188, 76, 15, '2018-03-14 00:00:00', '2018-03-01 10:59:54', '2018-03-01 10:59:54', NULL, 0),
(1189, 76, 15, '2018-03-15 00:00:00', '2018-03-01 10:59:54', '2018-03-01 10:59:54', NULL, 0),
(1190, 76, 15, '2018-03-16 00:00:00', '2018-03-01 10:59:55', '2018-03-01 10:59:55', NULL, 0),
(1191, 76, 15, '2018-03-16 00:00:00', '2018-03-01 10:59:56', '2018-03-01 10:59:56', NULL, 30),
(1192, 76, 15, '2018-03-15 00:00:00', '2018-03-01 10:59:56', '2018-03-01 10:59:56', NULL, 30),
(1193, 76, 15, '2018-03-14 00:00:00', '2018-03-01 10:59:57', '2018-03-01 10:59:57', NULL, 30),
(1194, 76, 19, '2018-03-14 00:00:00', '2018-03-01 10:59:59', '2018-03-01 10:59:59', NULL, 30),
(1195, 76, 19, '2018-03-14 00:00:00', '2018-03-01 10:59:59', '2018-03-01 10:59:59', NULL, 0),
(1196, 76, 18, '2018-03-14 00:00:00', '2018-03-01 11:00:01', '2018-03-01 11:00:01', NULL, 30),
(1197, 76, 18, '2018-03-14 00:00:00', '2018-03-01 11:00:01', '2018-03-01 11:00:01', NULL, 0),
(1198, 76, 17, '2018-03-14 00:00:00', '2018-03-01 11:00:02', '2018-03-01 11:00:02', NULL, 30),
(1199, 76, 17, '2018-03-14 00:00:00', '2018-03-01 11:00:02', '2018-03-01 11:00:02', NULL, 0),
(1200, 76, 16, '2018-03-14 00:00:00', '2018-03-01 11:00:03', '2018-03-01 11:00:03', NULL, 30),
(1201, 76, 16, '2018-03-14 00:00:00', '2018-03-01 11:00:04', '2018-03-01 11:00:04', NULL, 0),
(1202, 76, 19, '2018-03-15 00:00:00', '2018-03-01 11:00:05', '2018-03-01 11:00:05', NULL, 30),
(1203, 76, 19, '2018-03-15 00:00:00', '2018-03-01 11:00:06', '2018-03-01 11:00:06', NULL, 0),
(1204, 76, 18, '2018-03-15 00:00:00', '2018-03-01 11:00:06', '2018-03-01 11:00:06', NULL, 30),
(1205, 76, 18, '2018-03-15 00:00:00', '2018-03-01 11:00:07', '2018-03-01 11:00:07', NULL, 0),
(1206, 76, 17, '2018-03-15 00:00:00', '2018-03-01 11:00:08', '2018-03-01 11:00:08', NULL, 30),
(1207, 76, 17, '2018-03-15 00:00:00', '2018-03-01 11:00:09', '2018-03-01 11:00:09', NULL, 0),
(1208, 76, 16, '2018-03-15 00:00:00', '2018-03-01 11:00:09', '2018-03-01 11:00:09', NULL, 30),
(1209, 76, 16, '2018-03-15 00:00:00', '2018-03-01 11:00:10', '2018-03-01 11:00:10', NULL, 0),
(1210, 76, 16, '2018-03-16 00:00:00', '2018-03-01 11:00:11', '2018-03-01 11:00:11', NULL, 0),
(1211, 76, 16, '2018-03-16 00:00:00', '2018-03-01 11:00:11', '2018-03-01 11:00:11', NULL, 30),
(1212, 76, 17, '2018-03-16 00:00:00', '2018-03-01 11:00:12', '2018-03-01 11:00:12', NULL, 0),
(1213, 76, 17, '2018-03-16 00:00:00', '2018-03-01 11:00:13', '2018-03-01 11:00:13', NULL, 30),
(1214, 76, 18, '2018-03-16 00:00:00', '2018-03-01 11:00:13', '2018-03-01 11:00:13', NULL, 0),
(1215, 76, 18, '2018-03-16 00:00:00', '2018-03-01 11:00:14', '2018-03-01 11:00:14', NULL, 30),
(1216, 76, 19, '2018-03-16 00:00:00', '2018-03-01 11:00:15', '2018-03-01 11:00:15', NULL, 0),
(1217, 76, 19, '2018-03-16 00:00:00', '2018-03-01 11:00:15', '2018-03-01 11:00:15', NULL, 30),
(1218, 76, 10, '2018-03-03 00:00:00', '2018-03-01 11:00:30', '2018-03-01 11:00:30', NULL, 0),
(1219, 76, 10, '2018-03-03 00:00:00', '2018-03-01 11:00:30', '2018-03-01 11:00:30', NULL, 30),
(1220, 76, 11, '2018-03-03 00:00:00', '2018-03-01 11:00:31', '2018-03-01 11:00:31', NULL, 0),
(1221, 76, 11, '2018-03-03 00:00:00', '2018-03-01 11:00:32', '2018-03-01 11:00:32', NULL, 30),
(1222, 76, 12, '2018-03-03 00:00:00', '2018-03-01 11:00:33', '2018-03-01 11:00:33', NULL, 0),
(1223, 76, 12, '2018-03-03 00:00:00', '2018-03-01 11:00:34', '2018-03-01 11:00:34', NULL, 30),
(1224, 76, 13, '2018-03-03 00:00:00', '2018-03-01 11:00:35', '2018-03-01 11:00:35', NULL, 0),
(1225, 76, 13, '2018-03-03 00:00:00', '2018-03-01 11:00:36', '2018-03-01 11:00:36', NULL, 30),
(1226, 76, 14, '2018-03-03 00:00:00', '2018-03-01 11:00:37', '2018-03-01 11:00:37', NULL, 0),
(1227, 76, 14, '2018-03-03 00:00:00', '2018-03-01 11:00:38', '2018-03-01 11:00:38', NULL, 30),
(1228, 76, 15, '2018-03-03 00:00:00', '2018-03-01 11:00:38', '2018-03-01 11:00:38', NULL, 0),
(1229, 76, 15, '2018-03-03 00:00:00', '2018-03-01 11:00:40', '2018-03-01 11:00:40', NULL, 30),
(1230, 76, 16, '2018-03-03 00:00:00', '2018-03-01 11:00:40', '2018-03-01 11:00:40', NULL, 0),
(1231, 76, 16, '2018-03-03 00:00:00', '2018-03-01 11:00:41', '2018-03-01 11:00:41', NULL, 30),
(1232, 76, 17, '2018-03-03 00:00:00', '2018-03-01 11:00:42', '2018-03-01 11:00:42', NULL, 0),
(1233, 76, 17, '2018-03-03 00:00:00', '2018-03-01 11:00:43', '2018-03-01 11:00:43', NULL, 30),
(1234, 76, 18, '2018-03-03 00:00:00', '2018-03-01 11:00:43', '2018-03-01 11:00:43', NULL, 0),
(1235, 76, 18, '2018-03-03 00:00:00', '2018-03-01 11:00:44', '2018-03-01 11:00:44', NULL, 30),
(1236, 76, 19, '2018-03-03 00:00:00', '2018-03-01 11:00:45', '2018-03-01 11:00:45', NULL, 0),
(1237, 76, 19, '2018-03-03 00:00:00', '2018-03-01 11:00:46', '2018-03-01 11:00:46', NULL, 30),
(1238, 76, 20, '2018-03-03 00:00:00', '2018-03-01 11:00:47', '2018-03-01 11:00:47', NULL, 0),
(1239, 76, 20, '2018-03-03 00:00:00', '2018-03-01 11:00:49', '2018-03-01 11:00:49', NULL, 30),
(1240, 76, 21, '2018-03-03 00:00:00', '2018-03-01 11:00:49', '2018-03-01 11:00:49', NULL, 0),
(1241, 76, 21, '2018-03-03 00:00:00', '2018-03-01 11:00:51', '2018-03-01 11:00:51', NULL, 30),
(1242, 76, 21, '2018-03-04 00:00:00', '2018-03-01 11:00:52', '2018-03-01 11:00:52', NULL, 30),
(1243, 76, 21, '2018-03-04 00:00:00', '2018-03-01 11:00:53', '2018-03-01 11:00:53', NULL, 0),
(1244, 76, 20, '2018-03-04 00:00:00', '2018-03-01 11:02:16', '2018-03-01 11:02:16', NULL, 30),
(1245, 76, 20, '2018-03-04 00:00:00', '2018-03-01 11:02:17', '2018-03-01 11:02:17', NULL, 0),
(1246, 76, 19, '2018-03-04 00:00:00', '2018-03-01 11:02:20', '2018-03-01 11:02:20', NULL, 30),
(1247, 76, 19, '2018-03-04 00:00:00', '2018-03-01 11:02:21', '2018-03-01 11:02:21', NULL, 0),
(1248, 76, 18, '2018-03-04 00:00:00', '2018-03-01 11:02:21', '2018-03-01 11:02:21', NULL, 30),
(1249, 76, 18, '2018-03-04 00:00:00', '2018-03-01 11:02:22', '2018-03-01 11:02:22', NULL, 0),
(1250, 76, 17, '2018-03-04 00:00:00', '2018-03-01 11:02:23', '2018-03-01 11:02:23', NULL, 30),
(1251, 76, 17, '2018-03-04 00:00:00', '2018-03-01 11:02:23', '2018-03-01 11:02:23', NULL, 0),
(1252, 76, 16, '2018-03-04 00:00:00', '2018-03-01 11:02:24', '2018-03-01 11:02:24', NULL, 30),
(1253, 76, 16, '2018-03-04 00:00:00', '2018-03-01 11:02:25', '2018-03-01 11:02:25', NULL, 0),
(1254, 76, 15, '2018-03-04 00:00:00', '2018-03-01 11:02:25', '2018-03-01 11:02:25', NULL, 30),
(1255, 76, 15, '2018-03-04 00:00:00', '2018-03-01 11:02:26', '2018-03-01 11:02:26', NULL, 0),
(1256, 76, 14, '2018-03-04 00:00:00', '2018-03-01 11:02:26', '2018-03-01 11:02:26', NULL, 30),
(1257, 76, 14, '2018-03-04 00:00:00', '2018-03-01 11:02:27', '2018-03-01 11:02:27', NULL, 0),
(1258, 76, 13, '2018-03-04 00:00:00', '2018-03-01 11:02:27', '2018-03-01 11:02:27', NULL, 30),
(1259, 76, 13, '2018-03-04 00:00:00', '2018-03-01 11:02:28', '2018-03-01 11:02:28', NULL, 0),
(1260, 76, 12, '2018-03-04 00:00:00', '2018-03-01 11:02:29', '2018-03-01 11:02:29', NULL, 30),
(1261, 76, 10, '2018-03-04 00:00:00', '2018-03-01 11:02:30', '2018-03-01 11:02:30', NULL, 0),
(1262, 76, 10, '2018-03-04 00:00:00', '2018-03-01 11:02:31', '2018-03-01 11:02:31', NULL, 30),
(1263, 76, 11, '2018-03-04 00:00:00', '2018-03-01 11:02:32', '2018-03-01 11:02:32', NULL, 0),
(1264, 76, 11, '2018-03-04 00:00:00', '2018-03-01 11:02:33', '2018-03-01 11:02:33', NULL, 30),
(1265, 76, 12, '2018-03-04 00:00:00', '2018-03-01 11:02:34', '2018-03-01 11:02:34', NULL, 0);

-- --------------------------------------------------------

--
-- Structure de la table `booking`
--

CREATE TABLE `booking` (
  `id` int(11) NOT NULL,
  `user_id` int(11) DEFAULT NULL,
  `seller_id` int(11) DEFAULT NULL,
  `offer_id` int(11) DEFAULT NULL,
  `statut` int(11) DEFAULT NULL,
  `price` double DEFAULT NULL,
  `commission` double DEFAULT NULL,
  `tva` double DEFAULT NULL,
  `price_ttc` double DEFAULT NULL,
  `PreauthorizationId` int(11) DEFAULT NULL,
  `date_rdv` datetime DEFAULT NULL,
  `heure_rdv` int(11) DEFAULT NULL,
  `created_at` datetime DEFAULT NULL,
  `updated_at` datetime DEFAULT NULL,
  `CardId` int(11) DEFAULT NULL,
  `minute_rdv` int(11) DEFAULT NULL,
  `code` varchar(50) COLLATE utf8_unicode_ci DEFAULT NULL,
  `code_reduc` double DEFAULT NULL
) ENGINE=InnoDB DEFAULT CHARSET=utf8 COLLATE=utf8_unicode_ci;

--
-- Déchargement des données de la table `booking`
--

INSERT INTO `booking` (`id`, `user_id`, `seller_id`, `offer_id`, `statut`, `price`, `commission`, `tva`, `price_ttc`, `PreauthorizationId`, `date_rdv`, `heure_rdv`, `created_at`, `updated_at`, `CardId`, `minute_rdv`, `code`, `code_reduc`) VALUES
(33, 83, 85, 147, 1, 35, 5, 8, 48, NULL, '2018-01-27 22:07:54', 11, '2018-01-24 22:07:54', '2018-01-24 22:07:54', NULL, 0, NULL, NULL),
(34, 98, 99, 247, 1, 160, 21, 37, 218, NULL, '2018-01-30 19:46:20', 10, '2018-01-28 19:46:20', '2018-01-28 19:46:20', NULL, 0, NULL, NULL),
(35, 98, 99, 247, 1, 160, 21, 37, 202, NULL, '2018-01-30 19:46:55', 10, '2018-01-28 19:46:55', '2018-01-28 19:46:55', NULL, 0, 'LASTSOLDES', 16),
(36, 102, 81, 109, 1, 17, 3, 4, 24, NULL, '2018-02-10 13:06:45', 16, '2018-02-10 13:06:45', '2018-02-10 13:06:45', NULL, 30, NULL, NULL),
(37, 102, 81, 94, 1, 8, 2, 2, 12, NULL, '2018-02-12 13:24:07', 18, '2018-02-10 13:24:07', '2018-02-10 13:24:07', NULL, 30, NULL, NULL),
(41, 83, 85, 160, 1, 35, 5, 8, 48, NULL, '2018-02-22 15:38:46', 9, '2018-02-19 15:38:46', '2018-02-19 15:38:46', NULL, 0, NULL, NULL);

-- --------------------------------------------------------

--
-- Structure de la table `category`
--

CREATE TABLE `category` (
  `id` int(11) NOT NULL,
  `parent_id` int(11) DEFAULT NULL,
  `no_order` int(11) DEFAULT NULL,
  `level` int(11) DEFAULT NULL,
  `is_publish` tinyint(1) DEFAULT NULL,
  `created_at` datetime DEFAULT NULL,
  `updated_at` datetime DEFAULT NULL,
  `matching` tinyint(1) DEFAULT NULL
) ENGINE=InnoDB DEFAULT CHARSET=utf8 COLLATE=utf8_unicode_ci;

--
-- Déchargement des données de la table `category`
--

INSERT INTO `category` (`id`, `parent_id`, `no_order`, `level`, `is_publish`, `created_at`, `updated_at`, `matching`) VALUES
(165, NULL, 1, 0, 1, '2017-01-03 10:24:41', '2017-02-27 15:27:15', NULL),
(166, 165, 1, 1, 1, '2017-02-27 15:19:34', '2017-04-21 09:45:06', 1),
(167, 165, 2, 1, 1, '2017-02-27 15:19:47', '2017-04-21 09:45:17', 0),
(168, 166, 1, 2, 1, '2017-02-27 15:19:59', '2017-02-27 15:19:59', NULL),
(169, 166, 2, 2, 1, '2017-02-27 15:20:11', '2017-02-27 15:20:11', NULL),
(170, 166, 3, 2, 1, '2017-02-27 15:20:21', '2017-02-27 15:20:21', NULL),
(171, 166, 4, 2, 1, '2017-02-27 15:20:29', '2017-02-27 15:20:29', NULL),
(172, 167, 1, 2, 1, '2017-02-27 15:20:44', '2017-02-27 15:20:44', NULL),
(173, 167, 2, 2, 1, '2017-02-27 15:20:50', '2017-02-27 15:20:50', NULL),
(174, 167, 3, 2, 1, '2017-02-27 15:21:06', '2017-02-27 15:21:06', NULL),
(175, 167, 4, 2, 1, '2017-02-27 15:21:14', '2017-02-27 15:21:14', NULL),
(176, 165, 3, 1, 1, '2017-02-27 15:21:35', '2017-02-27 15:21:35', NULL),
(177, 176, 2, 2, 1, '2017-02-27 15:21:53', '2017-11-19 21:18:46', 0),
(178, 176, 1, 2, 1, '2017-02-27 15:22:19', '2017-11-19 21:18:35', 0),
(179, 165, 4, 1, 1, '2017-02-27 15:22:37', '2017-02-27 15:22:37', NULL),
(180, 179, 2, 2, 1, '2017-02-27 15:22:56', '2017-11-19 21:20:13', 0),
(181, 179, 1, 2, 1, '2017-02-27 15:23:10', '2017-11-19 21:20:05', 0),
(185, 165, 6, 1, 1, '2017-02-27 15:24:15', '2017-04-04 19:33:16', 1),
(186, 185, 3, 2, 1, '2017-02-27 15:24:27', '2017-11-19 21:20:36', 0),
(187, 185, 2, 2, 1, '2017-02-27 15:24:36', '2017-02-27 15:24:36', NULL),
(188, 185, 1, 2, 1, '2017-02-27 15:24:44', '2017-11-19 21:20:27', 0),
(190, 165, 7, 1, 1, '2017-02-27 15:25:06', '2017-02-27 15:25:06', NULL),
(191, 190, 2, 2, 1, '2017-02-27 15:25:22', '2017-11-19 21:21:48', 0),
(192, 190, 5, 2, 1, '2017-02-27 15:25:39', '2017-11-19 21:27:20', 0),
(193, 190, 9, 2, 1, '2017-02-27 15:25:52', '2017-11-19 21:28:21', 0),
(194, 190, 1, 2, 1, '2017-02-27 15:26:01', '2017-11-19 21:21:30', 0),
(195, 165, 8, 1, 1, '2017-02-27 15:26:17', '2017-02-27 15:26:17', NULL),
(196, 195, 3, 2, 1, '2017-02-27 15:26:30', '2017-11-19 21:29:25', 0),
(197, 195, 2, 2, 1, '2017-02-27 15:26:38', '2017-02-27 15:26:38', NULL),
(198, 195, 1, 2, 1, '2017-02-27 15:26:46', '2017-11-19 21:29:15', 0),
(199, NULL, 2, 0, 1, '2017-02-27 15:27:02', '2017-02-27 15:27:02', NULL),
(200, 199, 1, 1, 1, '2017-02-27 15:27:28', '2017-04-21 09:44:30', 1),
(201, 200, 1, 2, 1, '2017-02-27 15:27:41', '2017-04-04 19:35:05', 0),
(202, 200, 2, 2, 1, '2017-02-27 15:27:59', '2017-04-04 19:35:15', 0),
(203, 200, 3, 2, 1, '2017-02-27 15:28:20', '2017-04-04 19:35:23', 0),
(204, 200, 4, 2, 1, '2017-02-27 15:28:32', '2017-04-04 19:35:36', 0),
(205, 200, 5, 2, 1, '2017-02-27 15:28:43', '2017-04-04 19:36:06', 0),
(206, 199, 2, 1, 1, '2017-02-27 15:28:54', '2017-04-21 09:44:40', 0),
(207, 206, 1, 2, 1, '2017-02-27 15:29:07', '2017-02-27 15:29:07', NULL),
(208, 206, 2, 2, 1, '2017-02-27 15:29:17', '2017-02-27 15:29:17', NULL),
(209, 206, 4, 2, 1, '2017-02-27 15:29:24', '2017-11-19 21:30:02', 0),
(210, 206, 3, 2, 1, '2017-02-27 15:29:31', '2017-11-19 21:30:11', 0),
(216, NULL, 3, 0, 1, '2017-02-27 15:30:49', '2017-02-27 15:30:49', NULL),
(217, 216, 1, 1, 1, '2017-02-27 15:30:59', '2017-02-27 15:30:59', NULL),
(218, 217, 1, 2, 1, '2017-02-27 15:31:13', '2017-02-27 15:31:13', NULL),
(219, 217, 2, 2, 1, '2017-02-27 15:31:21', '2017-02-27 15:31:21', NULL),
(220, 217, 3, 2, 1, '2017-02-27 15:31:28', '2017-02-27 15:31:28', NULL),
(221, 217, 4, 2, 1, '2017-02-27 15:31:42', '2017-02-27 15:31:42', NULL),
(222, 217, 5, 2, 1, '2017-02-27 15:31:54', '2017-02-27 15:31:54', NULL),
(223, 217, 6, 2, 1, '2017-02-27 15:32:04', '2017-02-27 15:32:04', NULL),
(224, 217, 7, 2, 1, '2017-02-27 15:32:13', '2017-02-27 15:32:13', NULL),
(225, 216, 2, 1, 1, '2017-02-27 15:32:27', '2017-02-27 15:32:27', NULL),
(226, 225, 1, 2, 1, '2017-02-27 15:32:38', '2017-02-27 15:32:38', NULL),
(227, 225, 2, 2, 1, '2017-02-27 15:32:47', '2017-02-27 15:32:47', NULL),
(228, 225, 3, 2, 1, '2017-02-27 15:32:57', '2017-02-27 15:32:57', NULL),
(229, 225, 4, 2, 1, '2017-02-27 15:33:06', '2017-02-27 15:33:06', NULL),
(230, 225, 5, 2, 1, '2017-02-27 15:33:15', '2017-02-27 15:33:15', NULL),
(231, 225, 6, 2, 1, '2017-02-27 15:33:26', '2017-02-27 15:33:26', NULL),
(232, 225, 7, 2, 1, '2017-02-27 15:33:40', '2017-02-27 15:33:40', NULL),
(233, 225, 8, 2, 1, '2017-02-27 15:33:48', '2017-02-27 15:33:48', NULL),
(234, 225, 9, 2, 1, '2017-02-27 15:33:56', '2017-02-27 15:33:56', NULL),
(235, 216, 3, 1, 1, '2017-02-27 15:34:10', '2017-02-27 15:34:10', NULL),
(236, 235, 1, 2, 1, '2017-02-27 15:34:29', '2017-02-27 15:34:29', NULL),
(237, 235, 2, 2, 1, '2017-02-27 15:34:39', '2017-02-27 15:34:39', NULL),
(238, 235, 3, 2, 1, '2017-02-27 15:34:55', '2017-02-27 15:34:55', NULL),
(239, 235, 4, 2, 1, '2017-02-27 15:35:11', '2017-02-27 15:35:11', NULL),
(240, 235, 5, 2, 1, '2017-02-27 15:35:21', '2017-02-27 15:35:21', NULL),
(241, 235, 6, 2, 1, '2017-02-27 15:35:30', '2017-02-27 15:35:30', NULL),
(242, 235, 7, 2, 1, '2017-02-27 15:35:42', '2017-02-27 15:35:42', NULL),
(243, 235, 8, 2, 1, '2017-02-27 15:35:51', '2017-02-27 15:35:51', NULL),
(244, 235, 9, 2, 1, '2017-02-27 15:35:59', '2017-02-27 15:35:59', NULL),
(245, 235, 10, 2, 1, '2017-02-27 15:36:08', '2017-02-27 15:36:08', NULL),
(246, 200, 6, 2, 1, '2017-04-04 19:36:13', '2017-04-04 19:36:13', 0),
(247, 179, 4, 2, 1, '2017-04-21 09:34:38', '2017-11-19 21:19:57', 0),
(248, 176, 3, 2, 1, '2017-04-21 09:36:05', '2017-11-19 21:18:13', 0),
(249, 176, 4, 2, 1, '2017-04-21 09:59:40', '2017-11-19 21:19:04', 0),
(250, 179, 3, 2, 1, '2017-04-21 10:01:14', '2017-11-19 21:19:42', 0),
(251, 190, 3, 2, 1, '2017-04-21 10:01:49', '2017-11-19 21:27:02', 0),
(252, 190, 8, 2, 1, '2017-04-21 10:01:56', '2017-11-19 21:28:28', 0),
(253, 200, 7, 2, 1, '2017-05-03 08:13:19', '2017-05-03 08:13:19', 0),
(254, 190, 7, 2, 1, '2017-11-19 21:26:16', '2017-11-19 21:26:16', 0),
(255, 190, 4, 2, 1, '2017-11-19 21:26:24', '2017-11-19 21:27:32', 0),
(256, 190, 10, 2, 1, '2017-11-19 21:26:33', '2017-11-19 21:28:42', 0),
(257, 190, 11, 2, 1, '2017-11-19 21:26:42', '2017-11-19 21:28:50', 0),
(258, 225, 10, 2, 1, '2017-11-23 13:41:02', '2017-11-23 13:41:02', 0),
(259, 225, 11, 2, 1, '2017-11-23 13:41:50', '2017-11-23 13:41:50', 0),
(260, 225, 12, 2, 1, '2017-11-23 13:42:43', '2017-11-23 13:43:08', 0),
(261, 225, 13, 2, 1, '2017-11-23 13:44:07', '2017-11-23 13:44:07', 0),
(262, 225, 14, 2, 1, '2017-11-23 13:44:51', '2017-11-23 13:44:51', 0),
(263, 225, 15, 2, 1, '2017-11-23 13:46:45', '2017-11-23 13:46:45', 0);

-- --------------------------------------------------------

--
-- Structure de la table `categorytranslation`
--

CREATE TABLE `categorytranslation` (
  `id` int(11) NOT NULL,
  `translatable_id` int(11) DEFAULT NULL,
  `title` varchar(100) COLLATE utf8_unicode_ci DEFAULT NULL,
  `stripped_title` varchar(150) COLLATE utf8_unicode_ci DEFAULT NULL,
  `locale` varchar(255) COLLATE utf8_unicode_ci NOT NULL,
  `description` longtext COLLATE utf8_unicode_ci
) ENGINE=InnoDB DEFAULT CHARSET=utf8 COLLATE=utf8_unicode_ci;

--
-- Déchargement des données de la table `categorytranslation`
--

INSERT INTO `categorytranslation` (`id`, `translatable_id`, `title`, `stripped_title`, `locale`, `description`) VALUES
(171, 165, 'Cheveux', 'cheveux', 'fr', NULL),
(172, 165, 'Yoga', 'yoga-1', 'de', NULL),
(173, 166, 'Type', 'type', 'fr', NULL),
(174, 167, 'Etat', 'etat-1', 'fr', NULL),
(175, 168, 'Lisse', 'lisse', 'fr', NULL),
(176, 169, 'Bouclé', 'boucle', 'fr', NULL),
(177, 170, 'Crépu', 'crepu', 'fr', NULL),
(178, 171, 'Frisé', 'frise', 'fr', NULL),
(179, 172, 'Normal', 'normal', 'fr', NULL),
(180, 173, 'Sec', 'sec', 'fr', NULL),
(181, 174, 'Gras', 'gras', 'fr', NULL),
(182, 175, 'Mixte', 'mixte', 'fr', NULL),
(183, 176, 'Défrisage', 'defrisage', 'fr', NULL),
(184, 177, 'Défrisés', 'defrises', 'fr', NULL),
(185, 178, 'Non défrisés', 'non-defrises', 'fr', NULL),
(186, 179, 'Permanente', 'permanente', 'fr', NULL),
(187, 180, 'Permanentés', 'permanentes', 'fr', NULL),
(188, 181, 'Non permanentés', 'non-permanentes', 'fr', NULL),
(192, 185, 'La longueur', 'la-longueur', 'fr', NULL),
(193, 186, 'Long', 'long', 'fr', NULL),
(194, 187, 'Mi-long', 'mi-long', 'fr', NULL),
(195, 188, 'Court', 'court', 'fr', NULL),
(197, 190, 'Coloration', 'coloration', 'fr', NULL),
(198, 191, 'Cheveux colorés', 'cheveux-colores', 'fr', NULL),
(199, 192, 'Mèches colorées', 'meches-colorees', 'fr', NULL),
(200, 193, 'Pointes colorées', 'pointes-colorees', 'fr', NULL),
(201, 194, 'Pas de coloration', 'pas-de-coloration', 'fr', NULL),
(202, 195, 'Cheveux blancs', 'cheveux-blancs', 'fr', NULL),
(203, 196, 'Beaucoup', 'beaucoup', 'fr', NULL),
(204, 197, 'Peu', 'peu', 'fr', NULL),
(205, 198, 'Pas du tout', 'pas-du-tout', 'fr', NULL),
(206, 199, 'Peau', 'peau', 'fr', NULL),
(207, 200, 'Teinte de peau', 'teinte-de-peau', 'fr', NULL),
(208, 201, 'Caucasienne 1', 'caucasienne-1', 'fr', NULL),
(209, 202, 'Caucasienne 2', 'caucasienne-2', 'fr', NULL),
(210, 203, 'Métisse 1', 'metisse-1', 'fr', NULL),
(211, 204, 'Métisse 2', 'metisse-2', 'fr', NULL),
(212, 205, 'Noire 1', 'noire-1', 'fr', NULL),
(213, 206, 'Etat', 'etat', 'fr', NULL),
(214, 207, 'Normal', 'normal-1', 'fr', NULL),
(215, 208, 'Sèche', 'seche', 'fr', NULL),
(216, 209, 'Grasse', 'grasse', 'fr', NULL),
(217, 210, 'Mixte', 'mixte-1', 'fr', NULL),
(223, 216, 'Préférences', 'preferences', 'fr', NULL),
(224, 217, 'Make-up', 'make-up', 'fr', NULL),
(225, 218, 'Sophistiqué', 'sophistique', 'fr', NULL),
(226, 219, 'Naturel', 'naturel', 'fr', NULL),
(227, 220, 'Nude', 'nude', 'fr', NULL),
(228, 221, 'Yeux intensifiés', 'yeux-intensifies', 'fr', NULL),
(229, 222, 'Bouche intensifiée', 'bouche-intensifiee', 'fr', NULL),
(230, 223, 'Soirée', 'soiree', 'fr', NULL),
(231, 224, 'Mariage', 'mariage', 'fr', NULL),
(232, 225, 'Coiffure', 'coiffure', 'fr', NULL),
(233, 226, 'Soins', 'soins', 'fr', NULL),
(234, 227, 'Brushing', 'brushing', 'fr', NULL),
(235, 228, 'Défrisage', 'defrisage-1', 'fr', NULL),
(236, 229, 'Tissage', 'tissage', 'fr', NULL),
(237, 230, 'Extensions', 'extensions', 'fr', NULL),
(238, 231, 'Tresses', 'tresses', 'fr', NULL),
(239, 232, 'Lacewig', 'lacewig', 'fr', NULL),
(240, 233, 'Braids', 'braids', 'fr', NULL),
(241, 234, 'Mariage', 'mariage-1', 'fr', NULL),
(242, 235, 'Esthétique', 'esthetique', 'fr', NULL),
(243, 236, 'Epilation jambes', 'epilation-jambes', 'fr', NULL),
(244, 237, 'Epilation sourcil', 'epilation-sourcil', 'fr', NULL),
(245, 238, 'Epilation maillot', 'epilation-maillot', 'fr', NULL),
(246, 239, 'Epillation aisselle', 'epillation-aisselle', 'fr', NULL),
(247, 240, 'Soins du corp', 'soins-du-corp', 'fr', NULL),
(248, 241, 'Soins du visage', 'soins-du-visage', 'fr', NULL),
(249, 242, 'Modelage corps', 'modelage-corps', 'fr', NULL),
(250, 243, 'Modelage visage', 'modelage-visage', 'fr', NULL),
(251, 244, 'Manucure', 'manucure', 'fr', NULL),
(252, 245, 'Pédicure', 'pedicure', 'fr', NULL),
(253, 246, 'Noire 2', 'noire-2', 'fr', NULL),
(254, 247, 'Depuis + de 2 mois', 'depuis-de-2-mois-3', 'fr', NULL),
(255, 248, 'Depuis + de 2 mois', 'depuis-de-2-mois-1', 'fr', NULL),
(256, 249, 'Depuis - de 2 mois', 'depuis-de-2-mois', 'fr', NULL),
(257, 250, 'Depuis - de 2 mois', 'depuis-de-2-mois-2', 'fr', NULL),
(258, 251, 'Depuis - de 2 mois', 'depuis-de-2-mois-4', 'fr', NULL),
(259, 252, 'Depuis + de 2 mois', 'depuis-de-2-mois-5', 'fr', NULL),
(260, 253, 'Noire 3', 'noire-3', 'fr', NULL),
(261, 254, 'Depuis - de 2 mois', 'depuis-de-2-mois-6', 'fr', NULL),
(262, 255, 'Depuis + de 2 mois', 'depuis-de-2-mois-7', 'fr', NULL),
(263, 256, 'Depuis - de 2 mois', 'depuis-de-2-mois-8', 'fr', NULL),
(264, 257, 'Depuis + de 2 mois', 'depuis-de-2-mois-9', 'fr', NULL),
(265, 258, 'Entretien cheveux nappy', 'entretien-cheveux-nappy', 'fr', NULL),
(266, 259, 'Soins volume', 'soins-volume', 'fr', NULL),
(267, 260, 'Coloration & technique', 'coloration-technique', 'fr', NULL),
(268, 261, 'Chignon', 'chignon', 'fr', NULL),
(269, 262, 'Lissage japonais', 'lissage-japonais', 'fr', NULL),
(270, 263, 'Lissage brésilien', 'lissage-bresilien', 'fr', NULL);

-- --------------------------------------------------------

--
-- Structure de la table `configs`
--

CREATE TABLE `configs` (
  `id` int(11) NOT NULL,
  `label` varchar(200) COLLATE utf8_unicode_ci DEFAULT NULL,
  `code` varchar(20) COLLATE utf8_unicode_ci DEFAULT NULL,
  `value` varchar(200) COLLATE utf8_unicode_ci DEFAULT NULL,
  `created_at` datetime DEFAULT NULL,
  `updated_at` datetime DEFAULT NULL
) ENGINE=InnoDB DEFAULT CHARSET=utf8 COLLATE=utf8_unicode_ci;

--
-- Déchargement des données de la table `configs`
--

INSERT INTO `configs` (`id`, `label`, `code`, `value`, `created_at`, `updated_at`) VALUES
(1, 'Langues site', 'LG_FO', 'fr', '2014-11-13 14:15:35', '2017-02-27 14:49:43'),
(2, 'Langues administration', 'LG_BO', 'fr', '2014-10-28 15:47:14', '2017-02-27 14:49:05'),
(3, 'Meta Title', 'META_TITLE', 'My Beauty booking', '2014-11-20 18:41:19', '2017-07-25 16:57:55'),
(4, 'Meta Description', 'META_DESCRIPTION', 'Le premier service beauté à domicile dédié à TOUTES les femmes. Prestation personnalisées: coiffure, maquillage, épilation, soins et massages', '2014-12-18 11:55:08', '2018-01-04 00:07:55'),
(5, 'Meta Mots clés', 'META_KEYWORDS', 'my beauty booking, coiffeuse à domicile, make up soirée, épilation à domicile, beauté à domicile, coiffure afro à domicile, coiffure pas cher, make up artists, maquilleuse, esthéticienne', '2014-12-18 11:55:34', '2018-01-04 00:10:33'),
(6, 'Taux de TVA', 'TVA', '20', '2015-01-23 14:20:54', '2016-05-03 19:12:57'),
(7, 'Taux de commission', 'COMMISSION', '13', '2017-11-05 19:51:59', '2017-11-05 19:51:59');

-- --------------------------------------------------------

--
-- Structure de la table `content`
--

CREATE TABLE `content` (
  `id` int(11) NOT NULL,
  `is_publish` tinyint(1) DEFAULT NULL,
  `created_at` datetime DEFAULT NULL,
  `updated_at` datetime DEFAULT NULL,
  `image_principale_id` int(11) DEFAULT NULL,
  `type_content_id` int(11) DEFAULT NULL,
  `category_id` int(11) DEFAULT NULL,
  `enligne_date` datetime DEFAULT NULL
) ENGINE=InnoDB DEFAULT CHARSET=utf8 COLLATE=utf8_unicode_ci;

--
-- Déchargement des données de la table `content`
--

INSERT INTO `content` (`id`, `is_publish`, `created_at`, `updated_at`, `image_principale_id`, `type_content_id`, `category_id`, `enligne_date`) VALUES
(11, 0, '2016-08-26 10:58:06', '2016-08-26 18:30:46', 57, NULL, NULL, '2016-01-01 00:00:00'),
(12, 0, '2017-04-20 17:57:17', '2017-04-20 17:57:17', 66, NULL, NULL, '2017-01-01 00:00:00'),
(13, 0, '2017-04-20 17:58:13', '2017-04-20 17:58:13', 67, NULL, NULL, '2017-01-01 00:00:00'),
(14, 0, '2017-04-20 18:03:41', '2017-04-20 18:03:41', 68, NULL, NULL, '2017-01-01 00:00:00'),
(15, 0, '2017-05-09 17:28:10', '2017-05-09 17:28:10', 69, NULL, NULL, '2017-01-01 00:00:00'),
(19, 0, '2017-08-25 18:15:55', '2017-08-25 18:15:56', 73, NULL, NULL, '2017-09-01 00:00:00');

-- --------------------------------------------------------

--
-- Structure de la table `contentcomment`
--

CREATE TABLE `contentcomment` (
  `id` int(11) NOT NULL,
  `user_id` int(11) DEFAULT NULL,
  `booking_id` int(11) DEFAULT NULL,
  `ip_address` varchar(15) COLLATE utf8_unicode_ci DEFAULT NULL,
  `note` int(11) DEFAULT NULL,
  `message` longtext COLLATE utf8_unicode_ci,
  `validate` int(11) DEFAULT NULL,
  `created_at` datetime DEFAULT NULL,
  `updated_at` datetime DEFAULT NULL,
  `vendeur_id` int(11) DEFAULT NULL
) ENGINE=InnoDB DEFAULT CHARSET=utf8 COLLATE=utf8_unicode_ci;

-- --------------------------------------------------------

--
-- Structure de la table `contentimage`
--

CREATE TABLE `contentimage` (
  `id` int(11) NOT NULL,
  `filename` varchar(255) COLLATE utf8_unicode_ci DEFAULT NULL,
  `ext` varchar(25) COLLATE utf8_unicode_ci DEFAULT NULL,
  `alt` varchar(255) COLLATE utf8_unicode_ci DEFAULT NULL,
  `created_at` datetime DEFAULT NULL,
  `updated_at` datetime DEFAULT NULL,
  `content_id` int(11) DEFAULT NULL
) ENGINE=InnoDB DEFAULT CHARSET=utf8 COLLATE=utf8_unicode_ci;

--
-- Déchargement des données de la table `contentimage`
--

INSERT INTO `contentimage` (`id`, `filename`, `ext`, `alt`, `created_at`, `updated_at`, `content_id`) VALUES
(1, 'no_image.png', 'png', NULL, '2016-02-15 14:28:23', '2017-01-02 17:41:56', NULL),
(2, 'exemple-article-blog.5314.jpg', 'jpg', NULL, '2016-02-15 15:06:21', '2016-08-05 08:53:14', NULL),
(3, 'exemple-article-blog.5257.jpg', 'jpg', NULL, '2016-02-15 15:08:56', '2016-08-05 08:52:57', NULL),
(4, 'exemple-article-blog.5118.jpg', 'jpg', NULL, '2016-02-15 15:09:28', '2016-08-05 08:51:18', NULL),
(5, 'exemple-article-blog.5103.jpg', 'jpg', NULL, '2016-02-15 15:09:52', '2016-08-05 08:51:03', NULL),
(6, 'exemple-article-blog.5049.jpg', 'jpg', NULL, '2016-02-15 15:10:18', '2016-08-05 08:50:49', NULL),
(7, 'exemple-article-blog.4959.jpg', 'jpg', NULL, '2016-02-15 15:10:43', '2016-08-05 08:49:59', NULL),
(8, NULL, NULL, NULL, '2016-03-02 21:47:41', '2016-03-02 21:47:41', NULL),
(9, 'mon-article.4952.jpg', 'jpg', NULL, '2016-03-02 21:49:52', '2016-03-02 21:49:52', NULL),
(13, 'no_image.png', NULL, NULL, '2016-03-02 21:50:51', '2016-03-02 21:50:51', NULL),
(17, 'no_image.png', NULL, NULL, '2016-03-02 21:56:04', '2016-03-02 21:56:04', NULL),
(18, 'exemple-article-blog.5714.jpg', 'jpg', NULL, '2016-03-02 21:57:14', '2016-03-02 21:57:15', NULL),
(22, 'no_image.png', NULL, NULL, '2016-03-22 15:03:02', '2016-03-22 15:03:02', NULL),
(23, 'no_image.png', NULL, NULL, '2016-05-19 17:22:38', '2016-05-19 17:22:38', NULL),
(24, 'no_image.png', NULL, NULL, '2016-05-19 17:31:09', '2016-05-19 17:31:09', NULL),
(25, 'no_image.png', NULL, NULL, '2016-05-19 17:36:21', '2016-05-19 17:36:21', NULL),
(26, 'no_image.png', NULL, NULL, '2016-05-19 17:39:28', '2016-05-19 17:39:28', NULL),
(27, 'no_image.png', NULL, NULL, '2016-05-19 17:46:42', '2016-05-19 17:46:42', NULL),
(52, 'test-macon.3824.jpg', 'jpg', NULL, '2016-08-08 14:38:24', '2016-08-08 14:38:24', NULL),
(55, 'no_image.png', NULL, NULL, '2016-08-21 10:10:35', '2016-08-21 10:10:35', NULL),
(56, 'no_image.png', NULL, NULL, '2016-08-21 10:10:55', '2016-08-21 10:10:55', NULL),
(57, 'no_image.png', NULL, NULL, '2016-08-26 10:58:06', '2016-08-26 10:58:06', NULL),
(58, 'no_image.png', NULL, NULL, '2016-09-15 12:34:15', '2016-09-15 12:34:15', NULL),
(59, 'no_image.png', NULL, NULL, '2016-09-15 14:52:21', '2016-09-15 14:52:21', NULL),
(60, 'credit-d-impot-de-30-sur-vos-travaux-de-renovation-energetique.5210.jpg', 'jpg', NULL, '2016-09-17 16:19:13', '2016-09-17 16:52:10', NULL),
(61, 'quel-permis-pour-quels-travaux.3650.jpg', 'jpg', NULL, '2016-09-17 19:39:56', '2016-09-17 23:36:50', NULL),
(62, 'cheminee-poele-a-bois-poele-a-granules.2609.jpg', 'jpg', NULL, '2016-09-18 16:52:03', '2016-09-19 19:26:09', NULL),
(65, 'no_image.png', NULL, NULL, '2016-10-10 13:11:39', '2016-10-10 13:11:39', NULL),
(66, 'no_image.png', NULL, NULL, '2017-04-20 17:57:17', '2017-04-20 17:57:17', NULL),
(67, 'no_image.png', NULL, NULL, '2017-04-20 17:58:13', '2017-04-20 17:58:13', NULL),
(68, 'no_image.png', NULL, NULL, '2017-04-20 18:03:41', '2017-04-20 18:03:41', NULL),
(69, 'no_image.png', NULL, NULL, '2017-05-09 17:28:10', '2017-05-09 17:28:10', NULL),
(70, 'no_image.png', NULL, NULL, '2017-06-01 19:56:21', '2017-06-01 19:56:21', NULL),
(71, 'no_image.png', NULL, NULL, '2017-06-01 19:57:21', '2017-06-01 19:57:21', NULL),
(72, 'no_image.png', NULL, NULL, '2017-06-01 19:57:22', '2017-06-01 19:57:22', NULL),
(73, 'no_image.png', NULL, NULL, '2017-08-25 18:15:55', '2017-08-25 18:15:55', NULL);

-- --------------------------------------------------------

--
-- Structure de la table `contenttranslation`
--

CREATE TABLE `contenttranslation` (
  `id` int(11) NOT NULL,
  `translatable_id` int(11) DEFAULT NULL,
  `title` varchar(100) COLLATE utf8_unicode_ci DEFAULT NULL,
  `stripped_title` varchar(150) COLLATE utf8_unicode_ci DEFAULT NULL,
  `description` longtext COLLATE utf8_unicode_ci,
  `locale` varchar(255) COLLATE utf8_unicode_ci NOT NULL,
  `html` longtext COLLATE utf8_unicode_ci,
  `meta_title` varchar(100) COLLATE utf8_unicode_ci DEFAULT NULL,
  `meta_description` varchar(200) COLLATE utf8_unicode_ci DEFAULT NULL,
  `meta_keywords` varchar(200) COLLATE utf8_unicode_ci DEFAULT NULL
) ENGINE=InnoDB DEFAULT CHARSET=utf8 COLLATE=utf8_unicode_ci;

--
-- Déchargement des données de la table `contenttranslation`
--

INSERT INTO `contenttranslation` (`id`, `translatable_id`, `title`, `stripped_title`, `description`, `locale`, `html`, `meta_title`, `meta_description`, `meta_keywords`) VALUES
(11, 11, 'Qui sommes-nous ?', 'qui-sommes-nous', NULL, 'fr', '<blockquote>\r\n<p style=\"text-align: center;\"><span style=\"font-family:Tahoma,Geneva,sans-serif;\"><span style=\"font-size:18px;\"><em><strong>Tout est n&eacute; de la volont&eacute; de cr&eacute;er un service de qualit&eacute; d&eacute;di&eacute; aux femmes actives, urbaines, que nous pourrions nous-m&ecirc;mes utiliser.</strong></em></span></span></p>\r\n</blockquote>\r\n\r\n<p>&nbsp;</p>\r\n\r\n<p>&nbsp;</p>\r\n\r\n<p align=\"center\" style=\"text-align:center\"><em><span style=\"font-size:16px;\"><span style=\"font-family:Tahoma,Geneva,sans-serif;\">Il &eacute;tait une fois deux amies aux profils professionnels tr&egrave;s distincts. </span></span></em></p>\r\n\r\n<p align=\"center\" style=\"text-align:center\">&nbsp;</p>\r\n\r\n<p align=\"center\" style=\"text-align:center\"><em><span style=\"font-size:16px;\"><span style=\"font-family:Tahoma,Geneva,sans-serif;\">Elles ne se ressemblent pas et ont pourtant les m&ecirc;mes envies beaut&eacute; , parfois. </span></span></em></p>\r\n\r\n<p align=\"center\" style=\"text-align:center\"><em><span style=\"font-size:16px;\"><span style=\"font-family:Tahoma,Geneva,sans-serif;\">Leurs influences peuvent &ecirc;tre identiques mais leurs maquillages, leurs coiffures ne seront jamais similaires.</span></span></em></p>\r\n\r\n<p align=\"center\" style=\"text-align:center\"><em><span style=\"font-size:16px;\"><span style=\"font-family:Tahoma,Geneva,sans-serif;\">Et pour cause;&nbsp;chaque typologie de femme a des sp&eacute;cificit&eacute;s qui lui sont propres.</span></span></em></p>\r\n\r\n<p align=\"center\" style=\"text-align:center\">&nbsp;</p>\r\n\r\n<p align=\"center\" style=\"text-align:center\"><em><span style=\"font-size:16px;\"><span style=\"font-family:Tahoma,Geneva,sans-serif;\">Pouss&eacute;es par l&rsquo;envie de&nbsp;</span></span></em><em><span style=\"font-size:16px;\"><span style=\"font-family:Tahoma,Geneva,sans-serif;\">valoriser la beaut&eacute; de toutes les femmes, </span></span></em></p>\r\n\r\n<p align=\"center\" style=\"text-align:center\"><em><span style=\"font-size:16px;\"><span style=\"font-family:Tahoma,Geneva,sans-serif;\">elles fondent My Beauty Booking.</span></span></em></p>\r\n\r\n<p align=\"center\" style=\"text-align:center\"><em><span style=\"font-size:16px;\"><span style=\"font-family:Tahoma,Geneva,sans-serif;\">Entour&eacute;es d&rsquo;une &eacute;quipe d&rsquo;experts, elles mettent en avant leurs comp&eacute;tences respectives au service de </span></span></em></p>\r\n\r\n<p align=\"center\" style=\"text-align:center\"><em><span style=\"font-size:16px;\"><span style=\"font-family:Tahoma,Geneva,sans-serif;\">cette nouvelle offre beaut&eacute;.</span></span></em></p>\r\n\r\n<p align=\"center\" style=\"text-align:center\">&nbsp;</p>\r\n\r\n<p align=\"center\" style=\"text-align:center\">&nbsp;</p>\r\n\r\n<p align=\"center\" style=\"text-align:center\"><em><strong><span style=\"font-size:16px;\"><span style=\"font-family:Tahoma,Geneva,sans-serif;\">Au plaisir de vous sublimer Mesdames.</span></span></strong></em></p>\r\n\r\n<p align=\"center\" style=\"text-align:center\">&nbsp;</p>\r\n\r\n<p>&nbsp;</p>', NULL, NULL, NULL),
(17, 11, 'Comment ça marche ?', 'comment-ca-marche', NULL, 'de', '<p>Pellentesque ut velit ipsum. Mauris eget nulla dolor. Donec sit amet tortor et ex cursus pellentesque. Phasellus laoreet enim ut mauris tincidunt, ut tempor erat ullamcorper. Proin laoreet enim vitae enim rhoncus tempor. Vivamus ultricies efficitur lectus, vel aliquam mauris sollicitudin quis. Nullam ultricies et turpis vel lacinia. Curabitur eu neque id dolor bibendum sodales eu et erat. Aenean volutpat risus id tincidunt consequat. Nulla rhoncus velit nisl, non egestas dui malesuada et. Quisque mauris sapien, commodo vitae bibendum in, mattis vitae dui.</p>\r\n\r\n<p>Suspendisse lacinia mi ut volutpat mollis. Ut lorem dui, scelerisque a nulla vitae, pellentesque egestas urna. Fusce sapien magna, laoreet vel semper in, congue tempus odio. Sed risus dui, fringilla id est at, tristique accumsan nibh. Duis tortor risus, convallis et dignissim pharetra, convallis quis augue. Nunc ut nisi nibh. Curabitur placerat in nulla eget blandit. Morbi gravida id elit tempor euismod. Mauris in neque magna. In risus urna, porta vel risus tempus, vestibulum porta nibh. Vivamus posuere dui et bibendum interdum.</p>\r\n\r\n<p>Nunc quis ipsum eu felis eleifend rhoncus. Donec est est, ornare vitae velit eu, semper pharetra nunc. Maecenas ultricies condimentum ligula eget condimentum. Aliquam erat volutpat. Vivamus dictum id justo et rutrum. In accumsan nisi vel ante congue, vel pellentesque metus vestibulum. Sed consectetur sodales leo, at pretium urna. Mauris risus dui, pellentesque et magna id, varius feugiat ex. Nam nec ligula malesuada, euismod tellus eu, fringilla tortor. Vestibulum ante ipsum primis in faucibus orci luctus et ultrices posuere cubilia Curae; Maecenas iaculis dignissim hendrerit.</p>', NULL, NULL, NULL),
(20, 12, 'Pourquoi choisir My Beauty Booking?', 'pourquoi-choisir-my-beauty-booking', NULL, 'fr', '<blockquote>\r\n<p style=\"text-align: center;\"><span style=\"font-size:18px;\"><span style=\"font-family:Tahoma,Geneva,sans-serif;\"><em><strong>Faire le choix de My Beauty Booking c&rsquo;est croire aux savoirs-faire de professionnels pour qui beaut&eacute; rime avec qualit&eacute;.</strong></em></span></span></p>\r\n\r\n<p style=\"text-align: center;\">&nbsp;</p>\r\n</blockquote>\r\n\r\n<p style=\"text-align: center;\">&nbsp;</p>\r\n\r\n<p><span style=\"font-family:Tahoma,Geneva,sans-serif;\"><span style=\"font-size:16px;\">Au del&agrave; d&rsquo;&ecirc;tre une plateforme beaut&eacute;, nous souhaitons donner aux experts beaut&eacute; qui nous entourent la place qu&rsquo;ils m&eacute;ritent. </span></span></p>\r\n\r\n<p><span style=\"font-family:Tahoma,Geneva,sans-serif;\"><span style=\"font-size:16px;\">Notre volont&eacute; est de reconna&icirc;tre et encourager l&rsquo;artisanat et le savoir-faire manuel. </span></span></p>\r\n\r\n<p><span style=\"font-family:Tahoma,Geneva,sans-serif;\"><span style=\"font-size:16px;\">Nous souhaitons valoriser les talents actuels avec l&rsquo;ambition de voir &eacute;merger les &laquo;&nbsp;grands&nbsp;&raquo; de demain.&nbsp;</span></span></p>\r\n\r\n<p>&nbsp;</p>\r\n\r\n<p align=\"center\">&nbsp;</p>\r\n\r\n<p style=\"text-align: center;\">&nbsp;</p>\r\n\r\n<p style=\"text-align: center;\"><span style=\"font-family:Tahoma,Geneva,sans-serif;\"><em><span style=\"font-size:18px;\"><strong>Quels sont vos avantages?</strong></span></em></span></p>\r\n\r\n<p align=\"center\">&nbsp;</p>\r\n\r\n<hr />\r\n<p align=\"center\">&nbsp;</p>\r\n\r\n<p>&nbsp;</p>\r\n\r\n<p><span style=\"font-family:Tahoma,Geneva,sans-serif;\"><span style=\"font-size:16px;\"><u><b>1</b></u>&nbsp; <strong>Profitez de notre vivier de client&egrave;le&nbsp;</strong>: Gr&acirc;ce &agrave; nos actions marketing, vous pouvez vous concentrer sereinement sur votre c&oelig;ur d&rsquo;activit&eacute;.</span></span></p>\r\n\r\n<p><span style=\"font-family:Tahoma,Geneva,sans-serif;\"><span style=\"font-size:16px;\"><u><b>2</b></u>&nbsp; <strong>G&eacute;rer vos disponibilit&eacute;s comme vous l&rsquo;entendez&nbsp;</strong>: Gr&acirc;ce &agrave; des plages horaires d&rsquo;activit&eacute; tr&egrave;s &eacute;tendues</span></span></p>\r\n\r\n<p><span style=\"font-family:Tahoma,Geneva,sans-serif;\"><span style=\"font-size:16px;\"><u><b>3</b></u>&nbsp; <strong>Travaillez selon vos besoins&nbsp;</strong>: Soit en activit&eacute; principale, soit en compl&eacute;ment d&rsquo;activit&eacute;</span></span></p>\r\n\r\n<p><span style=\"font-family:Tahoma,Geneva,sans-serif;\"><span style=\"font-size:16px;\"><u><b>4</b></u>&nbsp; <strong>Mettez en avant les prestations que vous pr&eacute;f&eacute;rez le plus</strong>&nbsp;: Choisissez vous-m&ecirc;me celles que vous souhaitez proposer</span></span></p>\r\n\r\n<p><span style=\"font-family:Tahoma,Geneva,sans-serif;\"><span style=\"font-size:16px;\"><u><b>5</b></u>&nbsp; <strong>Acc&eacute;dez aux pr&eacute;f&eacute;rences de vos clientes avant m&ecirc;me de les rencontrer</strong>: En ayant acc&egrave;s &agrave; la fiche profil, pouvez adaptez votre prestation en fonction</span></span></p>\r\n\r\n<p><span style=\"font-family:Tahoma,Geneva,sans-serif;\"><span style=\"font-size:16px;\"><u><b>6</b></u>&nbsp; <strong>Proposez des produits de qualit&eacute;, innovants et naturels &agrave; vos clientes</strong>&nbsp;: Nous mettons &agrave; votre disposition notre panel de marques partenaires.</span></span></p>\r\n\r\n<p>&nbsp;</p>\r\n\r\n<p><span style=\"font-size:14px;\"><span style=\"font-family:Tahoma,Geneva,sans-serif;\">Pour plus d&#39;informations, vous pouvez vous inscrire <strong><a href=\"https://www.mybeautybooking.fr/connexion/professionnel\">ici</a> </strong>ou nous faire parvenir un mail &agrave; l&#39;adresse: <strong>artists@mybeautybooking.fr</strong></span></span></p>', NULL, 'esthéticiennes indépendantes, coiffeurs indépendants, offre emploi coiffeuse, offre emploi esthéticienne, offre emploi maquilleuse, maquilleuses indépendantes, domicile beauté, my beauty booking', NULL),
(21, 13, 'Rejoindre notre réseau professionnel', 'rejoindre-notre-reseau-professionnel', NULL, 'fr', '<p style=\"text-align: center;\">&nbsp;</p>\r\n\r\n<p style=\"text-align: center;\"><em><strong><font face=\"Tahoma, Geneva, sans-serif\"><span style=\"font-size: 18px;\">Nous sommes en perp&eacute;tuelle recherche de nouveaux profils pour enrichir notre r&eacute;seau d&#39;Artists.&nbsp;</span></font></strong></em></p>\r\n\r\n<p style=\"text-align: center;\">&nbsp;</p>\r\n\r\n<p style=\"text-align: center;\">&nbsp;</p>\r\n\r\n<p><span style=\"font-family:Tahoma,Geneva,sans-serif;\"><span style=\"font-size:16px;\"><span style=\"color:black\">Si vous avez l&rsquo;un des profils suivants (H/F), contactez-nous :</span></span></span></p>\r\n\r\n<p>&nbsp;</p>\r\n\r\n<p style=\"margin-left: 40px;\"><span style=\"font-family:Tahoma,Geneva,sans-serif;\"><span style=\"font-size:16px;\"><span style=\"color:black\">- Coiffeur/euse dipl&ocirc;m&eacute;/e (classique, mixte, afro)</span></span></span></p>\r\n\r\n<p style=\"margin-left: 40px;\"><span style=\"font-family:Tahoma,Geneva,sans-serif;\"><span style=\"font-size:16px;\"><span style=\"color:black\">- Passionn&eacute;/e de coiffures &laquo; &eacute;labor&eacute;es &raquo; telles que tresses, chignons, braids, &hellip; (pas de coupe / pas de couleur)</span></span></span></p>\r\n\r\n<p style=\"margin-left: 40px;\"><span style=\"font-family:Tahoma,Geneva,sans-serif;\"><span style=\"font-size:16px;\"><span style=\"color:black\">- Maquilleur/euse&nbsp;dipl&ocirc;m&eacute;/e</span></span></span></p>\r\n\r\n<p style=\"margin-left: 40px;\"><span style=\"font-family:Tahoma,Geneva,sans-serif;\"><span style=\"font-size:16px;\"><span style=\"color:black\">- Esth&eacute;ticienne dipl&ocirc;m&eacute;e </span></span></span></p>\r\n\r\n<p style=\"margin-left: 40px;\"><span style=\"font-family:Tahoma,Geneva,sans-serif;\"><span style=\"font-size:16px;\"><span style=\"color:black\">- Proth&eacute;siste ongulaire dipl&ocirc;m&eacute;/e</span></span></span></p>\r\n\r\n<p style=\"margin-left: 40px;\"><span style=\"font-family:Tahoma,Geneva,sans-serif;\"><span style=\"font-size:16px;\"><span style=\"color:black\">- Expert/e des cils et sourcils dipl&ocirc;m&eacute;/e</span></span></span></p>\r\n\r\n<p style=\"margin-left: 40px;\"><span style=\"font-family:Tahoma,Geneva,sans-serif;\"><span style=\"font-size:16px;\"><span style=\"color:black\">- Masseur/euse dipl&ocirc;m&eacute;/e</span></span></span></p>\r\n\r\n<p style=\"margin-left: 40px;\">&nbsp;</p>\r\n\r\n<p style=\"text-align: center;\"><span style=\"font-size:26px;\"><strong><span style=\"color:#fce3dc;\">&nbsp;</span></strong></span><span style=\"font-size:36px;\"><strong><span style=\"color:#fce3dc;\"><span style=\"background-color:#000000;\">&gt;&gt;&nbsp;</span></span><u><a href=\"https://docs.google.com/forms/d/e/1FAIpQLScHK2BOA4tXJ-1fTPAfoB6S8IFMjSSpyU2Ddq3fz_vS1qHuwg/viewform\" target=\"_blank\"><span style=\"color:#fce3dc;\"><span style=\"background-color:#000000;\">J&#39;ai le profil</span></span></a></u><span style=\"color:#fce3dc;\"><span style=\"background-color:#000000;\">&nbsp;&lt;&lt;</span></span></strong></span></p>\r\n\r\n<p style=\"text-align: center;\">&nbsp;</p>\r\n\r\n<p style=\"text-align: center;\"><span style=\"font-size:12px;\">Pour plus d&rsquo;informations, vous pouvez contacter nos &eacute;quipes &agrave; l&#39;adresse :</span></p>\r\n\r\n<p style=\"text-align: center;\"><a href=\"http://mailto:artists@mybeautybooking.fr\" style=\"font-family: &quot;Comic Sans MS&quot;, cursive; font-size: 12px;\">artists@mybeautybooking.fr</a></p>', 'My Beauty Booking, le premier Home Beauty Service qui vous ressemble, vraiment.', 'BP coiffure, BP esthétique, coiffeurs, coiffeuses offre d\'emploi, esthéticiennes offre d\'emploi, esthéticiennes, make up artistes, maquilleuses, maquilleuses offre d\'emploi, beauté à domicile', NULL),
(22, 14, 'Nous rejoindre', 'nous-rejoindre', NULL, 'fr', '<blockquote>\r\n<p><span style=\"font-family:Comic Sans MS,cursive;\"><span style=\"font-size:18px;\"><strong>Envie de rejoindre nos &eacute;quipes? You&#39;re welcome!</strong></span></span></p>\r\n\r\n<p>&nbsp;</p>\r\n</blockquote>\r\n\r\n<p>&nbsp;</p>\r\n\r\n<p>&nbsp;</p>\r\n\r\n<p>&nbsp;</p>\r\n\r\n<p>&nbsp; &nbsp; &nbsp; &nbsp; &nbsp; &nbsp; &nbsp; &nbsp; &nbsp; &nbsp; &nbsp; &nbsp; &nbsp; &nbsp; &nbsp; &nbsp; &nbsp; &nbsp; &nbsp; &nbsp; &nbsp; &nbsp;&nbsp;<a href=\"https://giphy.com/gifs/SBYJYji4vxQIw/html5\"><img alt=\"Come with us It\'s pretty cool!\" src=\"/js/fileman/../../uploads/medias/giphy-downsized (1).gif\" style=\"width: 500px; height: 357px;\" /></a></p>\r\n\r\n<p>&nbsp;</p>\r\n\r\n<p style=\"text-align: center;\"><span style=\"font-size:16px;\">Pour toute demande de recrutement ou stage,&nbsp;vous pouvez nous envoyer&nbsp;votre candidature &agrave; cette adresse:</span></p>\r\n\r\n<p style=\"text-align: center;\">&nbsp;</p>\r\n\r\n<p style=\"text-align: center;\"><span style=\"font-family:Comic Sans MS,cursive;\"><span style=\"font-size:16px;\">contact@mybeautybooking.fr</span></span></p>\r\n\r\n<p style=\"text-align: center;\">&nbsp;</p>', NULL, NULL, NULL),
(23, 15, 'Nos prestations', 'nos-prestations', NULL, 'fr', '<p>&nbsp;</p>\r\n\r\n<blockquote>\r\n<p><span style=\"font-family:Tahoma,Geneva,sans-serif;\"><span style=\"font-size:16px;\"><strong>My Beauty Booking s&rsquo;efforce de rester au plus pr&egrave;s de vos besoins et </strong></span></span></p>\r\n\r\n<p><span style=\"font-family:Tahoma,Geneva,sans-serif;\"><span style=\"font-size:16px;\"><strong>des tendances en mati&egrave;re de beaut&eacute;. </strong></span></span></p>\r\n\r\n<p>&nbsp;</p>\r\n</blockquote>\r\n\r\n<p><br />\r\n&nbsp;</p>\r\n\r\n<p><span style=\"font-size:16px;\"><span style=\"font-family:Tahoma,Geneva,sans-serif;\">Retrouvez la liste de toutes les prestations disponibles ci-dessous.</span></span></p>\r\n\r\n<p>&nbsp;</p>\r\n\r\n<p>&nbsp;</p>\r\n\r\n<table align=\"center\" border=\"1\" cellpadding=\"1\" cellspacing=\"1\" style=\"width:500px;\">\r\n	<tbody>\r\n		<tr>\r\n			<td style=\"text-align: center;\"><span style=\"font-size:16px;\"><span style=\"font-family:Tahoma,Geneva,sans-serif;\"><strong>COIFFURE</strong></span></span></td>\r\n		</tr>\r\n	</tbody>\r\n</table>\r\n\r\n<p style=\"margin-bottom: 7.5pt; text-align: center;\">&nbsp;</p>\r\n\r\n<p style=\"margin-bottom:7.5pt\"><span style=\"font-size:14px;\"><span style=\"font-family:Tahoma,Geneva,sans-serif;\"><span style=\"background:white\"><b><span style=\"color:#343434\">Brushing</span></b></span></span></span></p>\r\n\r\n<ul>\r\n	<li><span style=\"font-size:14px;\"><span style=\"font-family:Tahoma,Geneva,sans-serif;\"><span style=\"background:white\"><span style=\"color:#343434\">Brushing simple</span></span></span></span></li>\r\n	<li><span style=\"font-size:14px;\"><span style=\"font-family:Tahoma,Geneva,sans-serif;\"><span style=\"background:white\"><span style=\"color:#343434\">Steampod</span></span></span></span></li>\r\n</ul>\r\n\r\n<p style=\"margin-bottom:7.5pt\">&nbsp;</p>\r\n\r\n<p style=\"margin-bottom:7.5pt\"><span style=\"font-size:14px;\"><span style=\"font-family:Tahoma,Geneva,sans-serif;\"><span style=\"background:white\"><b><span style=\"color:#343434\">Chignon et bigoudis</span></b></span></span></span></p>\r\n\r\n<ul>\r\n	<li><span style=\"font-size:14px;\"><span style=\"font-family:Tahoma,Geneva,sans-serif;\"><span style=\"background:white\"><span style=\"color:#343434\">Chignon (simple, mari&eacute;e, avec braids)</span></span></span></span></li>\r\n	<li><span style=\"font-size:14px;\"><span style=\"font-family:Tahoma,Geneva,sans-serif;\"><span style=\"background:white\"><span style=\"color:#343434\">Pose de bigoudis (simple, flexibles)</span></span></span></span></li>\r\n</ul>\r\n\r\n<p style=\"margin-left:30.0pt\">&nbsp;</p>\r\n\r\n<p style=\"margin-bottom:7.5pt\"><span style=\"font-size:14px;\"><span style=\"font-family:Tahoma,Geneva,sans-serif;\"><span style=\"background:white\"><b><span style=\"color:#343434\">Couleurs et techniques</span></b></span></span></span></p>\r\n\r\n<ul>\r\n	<li><span style=\"font-size:14px;\"><span style=\"font-family:Tahoma,Geneva,sans-serif;\"><span style=\"background:white\"><span style=\"color:#343434\">Balayage</span></span></span></span></li>\r\n	<li><span style=\"font-size:14px;\"><span style=\"font-family:Tahoma,Geneva,sans-serif;\"><span style=\"background:white\"><span style=\"color:#343434\">Couleur permanente</span></span></span></span></li>\r\n	<li><span style=\"font-size:14px;\"><span style=\"font-family:Tahoma,Geneva,sans-serif;\"><span style=\"background:white\"><span style=\"color:#343434\">Couleur semi-permanente</span></span></span></span></li>\r\n	<li><span style=\"font-size:14px;\"><span style=\"font-family:Tahoma,Geneva,sans-serif;\"><span style=\"background:white\"><span style=\"color:#343434\">Coloration sur extension/ tissage</span></span></span></span></li>\r\n	<li><span style=\"font-size:14px;\"><span style=\"font-family:Tahoma,Geneva,sans-serif;\"><span style=\"background:white\"><span style=\"color:#343434\">Couleur transformation</span></span></span></span></li>\r\n	<li><span style=\"font-size:14px;\"><span style=\"font-family:Tahoma,Geneva,sans-serif;\"><span style=\"background:white\"><span style=\"color:#343434\">Ombre Hair /Tie&amp;Dye</span></span></span></span></li>\r\n	<li><span style=\"font-size:14px;\"><span style=\"font-family:Tahoma,Geneva,sans-serif;\"><span style=\"background:white\"><span style=\"color:#343434\">Retouches racines</span></span></span></span></li>\r\n</ul>\r\n\r\n<p style=\"margin-bottom:7.5pt\">&nbsp;</p>\r\n\r\n<p style=\"margin-bottom:7.5pt\"><span style=\"font-size:14px;\"><span style=\"font-family:Tahoma,Geneva,sans-serif;\"><span style=\"background:white\"><b><span style=\"color:#343434\">Coupe</span></b></span></span></span></p>\r\n\r\n<ul>\r\n	<li><span style=\"font-size:14px;\"><span style=\"font-family:Tahoma,Geneva,sans-serif;\"><span style=\"background:white\"><span style=\"color:#343434\">Coupe pointes</span></span></span></span></li>\r\n	<li><span style=\"font-size:14px;\"><span style=\"font-family:Tahoma,Geneva,sans-serif;\"><span style=\"background:white\"><span style=\"color:#343434\">Coupe frange</span></span></span></span></li>\r\n	<li><span style=\"font-size:14px;\"><span style=\"font-family:Tahoma,Geneva,sans-serif;\"><span style=\"background:white\"><span style=\"color:#343434\">Coupe transformation</span></span></span></span></li>\r\n</ul>\r\n\r\n<p style=\"margin-bottom:7.5pt\">&nbsp;</p>\r\n\r\n<p style=\"margin-bottom:7.5pt\"><span style=\"font-size:14px;\"><span style=\"font-family:Tahoma,Geneva,sans-serif;\"><span style=\"background:white\"><b><span style=\"color:#343434\">Coiffure stylis&eacute;e afro</span></b></span></span></span></p>\r\n\r\n<ul>\r\n	<li><span style=\"font-size:14px;\"><span style=\"font-family:Tahoma,Geneva,sans-serif;\"><font color=\"#343434\">Frohawk</font></span></span></li>\r\n	<li><span style=\"font-size:14px;\"><span style=\"font-family:Tahoma,Geneva,sans-serif;\"><span style=\"background:white\"><span style=\"color:#343434\">Bantu knots</span></span></span></span></li>\r\n</ul>\r\n\r\n<p style=\"margin-bottom:7.5pt\">&nbsp;</p>\r\n\r\n<p style=\"margin-bottom:7.5pt\"><span style=\"font-size:14px;\"><span style=\"font-family:Tahoma,Geneva,sans-serif;\"><span style=\"background:white\"><b><span style=\"color:#343434\">D&eacute;frisage</span></b></span></span></span></p>\r\n\r\n<ul>\r\n	<li><span style=\"font-size:14px;\"><span style=\"font-family:Tahoma,Geneva,sans-serif;\"><span style=\"background:white\"><span style=\"color:#343434\">Int&eacute;gral</span></span></span></span></li>\r\n	<li><span style=\"font-size:14px;\"><span style=\"font-family:Tahoma,Geneva,sans-serif;\"><span style=\"background:white\"><span style=\"color:#343434\">Retouches racines</span></span></span></span></li>\r\n</ul>\r\n\r\n<p style=\"margin-bottom:7.5pt\">&nbsp;</p>\r\n\r\n<p style=\"margin-bottom:7.5pt\"><span style=\"font-size:14px;\"><span style=\"font-family:Tahoma,Geneva,sans-serif;\"><span style=\"background:white\"><b><span style=\"color:#343434\">Extension &amp; Perruque (pose uniquement)</span></b></span></span></span></p>\r\n\r\n<ul>\r\n	<li><span style=\"font-size:14px;\"><span style=\"font-family:Tahoma,Geneva,sans-serif;\"><span style=\"background:white\"><span style=\"color:#343434\">Extension (au fil, adh&eacute;sive, anneaux, k&eacute;ratine)</span></span></span></span></li>\r\n	<li><span style=\"font-size:14px;\"><span style=\"font-family:Tahoma,Geneva,sans-serif;\"><span style=\"background:white\"><span style=\"color:#343434\">Tissage (simple, ouvert, vixen) </span></span></span></span></li>\r\n	<li><span style=\"font-size:14px;\"><span style=\"font-family:Tahoma,Geneva,sans-serif;\"><span style=\"background:white\"><span style=\"color:#343434\">Lace Wig</span></span></span></span></li>\r\n	<li><span style=\"font-size:14px;\"><span style=\"font-family:Tahoma,Geneva,sans-serif;\"><span style=\"background:white\"><span style=\"color:#343434\">D&eacute;pose et soins (tissage, lacewig)</span></span></span></span></li>\r\n</ul>\r\n\r\n<p style=\"margin-bottom:7.5pt\">&nbsp;</p>\r\n\r\n<p style=\"margin-bottom:7.5pt\"><span style=\"font-size:14px;\"><span style=\"font-family:Tahoma,Geneva,sans-serif;\"><span style=\"background:white\"><b><span style=\"color:#343434\">Extension &amp; Perruque (cr&eacute;ation)</span></b></span></span></span></p>\r\n\r\n<ul>\r\n	<li><span style=\"font-size:14px;\"><span style=\"font-family:Tahoma,Geneva,sans-serif;\"><span style=\"background:white\"><span style=\"color:#343434\">Cr&eacute;ation personnalis&eacute;e</span></span></span></span></li>\r\n</ul>\r\n\r\n<p style=\"margin-bottom:7.5pt\">&nbsp;</p>\r\n\r\n<p style=\"margin-bottom:7.5pt\"><span style=\"font-size:14px;\"><span style=\"font-family:Tahoma,Geneva,sans-serif;\"><span style=\"background:white\"><b><span style=\"color:#343434\">Lissage</span></b></span></span></span></p>\r\n\r\n<ul>\r\n	<li><span style=\"font-size:14px;\"><span style=\"font-family:Tahoma,Geneva,sans-serif;\"><span style=\"background:white\"><span style=\"color:#343434\">Lissage (br&eacute;silien, japonais, cor&eacute;en)</span></span></span></span></li>\r\n</ul>\r\n\r\n<p style=\"margin-bottom:7.5pt\">&nbsp;</p>\r\n\r\n<p style=\"margin-bottom:7.5pt\"><span style=\"font-size:14px;\"><span style=\"font-family:Tahoma,Geneva,sans-serif;\"><span style=\"background:white\"><b><span style=\"color:#343434\">Mariage</span></b></span></span></span></p>\r\n\r\n<ul>\r\n	<li><span style=\"font-size:14px;\"><span style=\"font-family:Tahoma,Geneva,sans-serif;\"><span style=\"background:white\"><span style=\"color:#343434\">Chignon mariage</span></span></span></span></li>\r\n	<li><font color=\"#343434\" face=\"Tahoma, Geneva, sans-serif\"><span style=\"font-size: 14px;\">Coiffure structur&eacute;e mariage</span></font></li>\r\n</ul>\r\n\r\n<p style=\"margin-bottom:7.5pt\">&nbsp;</p>\r\n\r\n<p style=\"margin-bottom:7.5pt\"><span style=\"font-size:14px;\"><span style=\"font-family:Tahoma,Geneva,sans-serif;\"><span style=\"background:white\"><b><span style=\"color:#343434\">Permanente</span></b></span></span></span></p>\r\n\r\n<p style=\"margin-bottom:7.5pt\">&nbsp;</p>\r\n\r\n<p style=\"margin-bottom:7.5pt\"><span style=\"font-size:14px;\"><span style=\"font-family:Tahoma,Geneva,sans-serif;\"><span style=\"background:white\"><b><span style=\"color:#343434\">Soins</span></b></span></span></span></p>\r\n\r\n<ul>\r\n	<li><span style=\"font-size:14px;\"><span style=\"font-family:Tahoma,Geneva,sans-serif;\"><span style=\"background:white\"><span style=\"color:#343434\">Soins anti-pelliculaire/&nbsp;soins cuir chevelu gras</span></span></span></span></li>\r\n	<li><span style=\"font-size:14px;\"><span style=\"font-family:Tahoma,Geneva,sans-serif;\"><span style=\"background:white\"><span style=\"color:#343434\">Soins cheveux fragilis&eacute;s/ cheveux secs</span></span></span></span></li>\r\n	<li><span style=\"font-size:14px;\"><span style=\"font-family:Tahoma,Geneva,sans-serif;\"><span style=\"background:white\"><span style=\"color:#343434\">Soins r&eacute;parateur pointes&nbsp;</span></span></span></span></li>\r\n</ul>\r\n\r\n<p style=\"margin-bottom:7.5pt\">&nbsp;</p>\r\n\r\n<p style=\"margin-bottom:7.5pt\"><span style=\"font-size:14px;\"><span style=\"font-family:Tahoma,Geneva,sans-serif;\"><span style=\"background:white\"><b><span style=\"color:#343434\">Tresses simples et structur&eacute;es&nbsp;</span></b></span></span></span></p>\r\n\r\n<ul>\r\n	<li><span style=\"font-size:14px;\"><span style=\"font-family:Tahoma,Geneva,sans-serif;\"><span style=\"background:white\"><span style=\"color:#343434\">Tresses (simples</span></span></span>,&nbsp;<span style=\"font-family:Tahoma,Geneva,sans-serif;\"><span style=\"background:white\"><span style=\"color:#343434\">en &eacute;pi</span></span></span>, en cascade, &agrave; quatre brins)</span></li>\r\n</ul>\r\n\r\n<p style=\"margin-bottom:7.5pt\">&nbsp;</p>\r\n\r\n<p style=\"margin-bottom:7.5pt\"><span style=\"font-size:14px;\"><span style=\"font-family:Tahoma,Geneva,sans-serif;\"><span style=\"background:white\"><b><span style=\"color:#343434\">Tresses afro (coiffage uniquement)</span></b></span></span></span></p>\r\n\r\n<ul>\r\n	<li><span style=\"font-size:14px;\"><span style=\"font-family:Tahoma,Geneva,sans-serif;\"><span style=\"background:white\"><span style=\"color:#343434\">Box Braids&nbsp;(fines, moyennes, grosses) </span></span></span></span></li>\r\n	<li><span style=\"font-size:14px;\"><span style=\"font-family:Tahoma,Geneva,sans-serif;\"><span style=\"background:white\"><span style=\"color:#343434\">Crochet Braids&nbsp;(fines, moyennes, grosses) </span></span></span></span></li>\r\n	<li><span style=\"font-size:14px;\"><span style=\"font-family:Tahoma,Geneva,sans-serif;\">Locks&nbsp;<span style=\"background:white\"><span style=\"color:#343434\">(fines, moyennes, grosses) </span></span></span></span></li>\r\n	<li><span style=\"font-size:14px;\"><span style=\"font-family:Tahoma,Geneva,sans-serif;\"><span style=\"background:white\"><span style=\"color:#343434\">Tresses coll&eacute;es demi-t&ecirc;tes</span></span></span></span></li>\r\n	<li><span style=\"font-size:14px;\"><span style=\"font-family:Tahoma,Geneva,sans-serif;\"><span style=\"background:white\"><span style=\"color:#343434\">Tresses coll&eacute;es t&ecirc;te enti&egrave;re</span></span></span></span></li>\r\n	<li><span style=\"font-size:14px;\"><span style=\"font-family:Tahoma,Geneva,sans-serif;\"><span style=\"background:white\"><span style=\"color:#343434\">Tresses mixtes coll&eacute;es (demi-t&ecirc;tes + rajout arri&egrave;re)</span></span></span></span></li>\r\n	<li><span style=\"font-size:14px;\"><span style=\"font-family:Tahoma,Geneva,sans-serif;\"><span style=\"background:white\"><span style=\"color:#343434\">Tresses &quot;Piqu&eacute;-L&acirc;ch&eacute;&quot;&nbsp;(fines, moyennes, grosses)</span></span></span></span></li>\r\n	<li><span style=\"font-size:14px;\"><span style=\"font-family:Tahoma,Geneva,sans-serif;\"><span style=\"background:white\"><span style=\"color:#343434\">Vanilles (fines, moyennes, grosses, avec et sans rajout)</span></span></span></span></li>\r\n</ul>\r\n\r\n<p>&nbsp;</p>\r\n\r\n<p style=\"text-align: center;\">&nbsp;</p>\r\n\r\n<table align=\"center\" border=\"1\" cellpadding=\"1\" cellspacing=\"1\" style=\"width:500px;\">\r\n	<tbody>\r\n		<tr>\r\n			<td style=\"text-align: center;\"><span style=\"font-family:Tahoma,Geneva,sans-serif;\"><span style=\"font-size:18px;\"><strong>Make Up</strong></span></span></td>\r\n		</tr>\r\n	</tbody>\r\n</table>\r\n\r\n<p>&nbsp;</p>\r\n\r\n<p><span style=\"font-size:14px;\"><span style=\"font-family:Tahoma,Geneva,sans-serif;\"><b>Maquillage</b></span></span></p>\r\n\r\n<p><span style=\"font-size:14px;\"><span style=\"font-family:Tahoma,Geneva,sans-serif;\"><u>Journ&eacute;e</u></span></span></p>\r\n\r\n<ul>\r\n	<li><span style=\"font-size:14px;\"><span style=\"font-family:Tahoma,Geneva,sans-serif;\">Nude</span></span></li>\r\n	<li><span style=\"font-size:14px;\"><span style=\"font-family:Tahoma,Geneva,sans-serif;\">Sophistiqu&eacute;</span></span></li>\r\n	<li><span style=\"font-size:14px;\"><span style=\"font-family:Tahoma,Geneva,sans-serif;\">Tendance de saison</span></span></li>\r\n</ul>\r\n\r\n<p><span style=\"font-size:14px;\"><span style=\"font-family:Tahoma,Geneva,sans-serif;\"><u>Soir&eacute;e</u></span></span></p>\r\n\r\n<ul>\r\n	<li><span style=\"font-size:14px;\"><span style=\"font-family:Tahoma,Geneva,sans-serif;\">Nude chic</span></span></li>\r\n	<li><span style=\"font-size:14px;\"><span style=\"font-family:Tahoma,Geneva,sans-serif;\">Sophistiqu&eacute;</span></span></li>\r\n	<li><span style=\"font-size:14px;\"><span style=\"font-family:Tahoma,Geneva,sans-serif;\">Tendance de saison</span></span></li>\r\n</ul>\r\n\r\n<p><span style=\"font-size:14px;\"><span style=\"font-family:Tahoma,Geneva,sans-serif;\"><u>Autre</u></span></span></p>\r\n\r\n<ul>\r\n	<li><span style=\"font-size:14px;\"><span style=\"font-family:Tahoma,Geneva,sans-serif;\">Mariage</span></span></li>\r\n	<li><span style=\"font-size:14px;\"><span style=\"font-family:Tahoma,Geneva,sans-serif;\">Artistique</span></span></li>\r\n</ul>\r\n\r\n<p>&nbsp;</p>\r\n\r\n<p><span style=\"font-size:14px;\"><span style=\"font-family:Tahoma,Geneva,sans-serif;\"><b>Regard</b></span></span></p>\r\n\r\n<ul>\r\n	<li><span style=\"font-size:14px;\"><span style=\"font-family:Tahoma,Geneva,sans-serif;\">Extension de cils</span></span></li>\r\n	<li><span style=\"font-size:14px;\"><span style=\"font-family:Tahoma,Geneva,sans-serif;\">R&eacute;haussement de cils</span></span></li>\r\n	<li><span style=\"font-size:14px;\"><span style=\"font-family:Tahoma,Geneva,sans-serif;\">Restructuration des sourcils</span></span></li>\r\n</ul>\r\n\r\n<p>&nbsp;</p>\r\n\r\n<table align=\"center\" border=\"1\" cellpadding=\"1\" cellspacing=\"1\" style=\"width:500px;\">\r\n	<tbody>\r\n		<tr>\r\n			<td style=\"text-align: center;\"><span style=\"font-family:Tahoma,Geneva,sans-serif;\"><span style=\"font-size:18px;\"><strong>ONGLES</strong></span></span></td>\r\n		</tr>\r\n	</tbody>\r\n</table>\r\n\r\n<p style=\"text-align: center;\">&nbsp;</p>\r\n\r\n<p><span style=\"font-size:14px;\"><span style=\"font-family:Tahoma,Geneva,sans-serif;\"><b>Beaut&eacute; des mains</b></span></span></p>\r\n\r\n<p><span style=\"font-size:14px;\"><span style=\"font-family:Tahoma,Geneva,sans-serif;\"><u>Au naturel</u></span></span></p>\r\n\r\n<ul>\r\n	<li><span style=\"font-size:14px;\"><span style=\"font-family:Tahoma,Geneva,sans-serif;\">Soin des mains et des ongles &ndash; manucure simple</span></span></li>\r\n	<li><span style=\"font-size:14px;\"><span style=\"font-family:Tahoma,Geneva,sans-serif;\">Pose de vernis simple et de French</span></span></li>\r\n	<li><span style=\"font-size:14px;\"><span style=\"font-family:Tahoma,Geneva,sans-serif;\">Pose de vernis semi-permanent (vernis simple ou French)</span></span></li>\r\n	<li><span style=\"font-size:14px;\"><span style=\"font-family:Tahoma,Geneva,sans-serif;\">D&eacute;pose de vernis semi-permanent</span></span></li>\r\n</ul>\r\n\r\n<p><span style=\"font-size:14px;\"><span style=\"font-family:Tahoma,Geneva,sans-serif;\"><u>Artificiel</u></span></span></p>\r\n\r\n<ul>\r\n	<li><span style=\"font-size:14px;\"><span style=\"font-family:Tahoma,Geneva,sans-serif;\">Pose d&rsquo;ongles en r&eacute;sine et Remplissage de r&eacute;sine</span></span></li>\r\n	<li><span style=\"font-size:14px;\"><span style=\"font-family:Tahoma,Geneva,sans-serif;\">Pose d&rsquo;ongles en gel et Remplissage de gel</span></span></li>\r\n</ul>\r\n\r\n<p><span style=\"font-size:14px;\"><span style=\"font-family:Tahoma,Geneva,sans-serif;\"><u>Nails Art</u></span></span></p>\r\n\r\n<ul>\r\n	<li><span style=\"font-size:14px;\"><span style=\"font-family:Tahoma,Geneva,sans-serif;\">Nails Art simple &amp; standard</span></span></li>\r\n	<li><span style=\"font-size:14px;\"><span style=\"font-family:Tahoma,Geneva,sans-serif;\">Nails Art sophistiqu&eacute; &amp; personnalis&eacute;</span></span></li>\r\n</ul>\r\n\r\n<p>&nbsp;</p>\r\n\r\n<p><span style=\"font-size:14px;\"><span style=\"font-family:Tahoma,Geneva,sans-serif;\"><b>Beaut&eacute; des pieds </b></span></span></p>\r\n\r\n<ul>\r\n	<li><span style=\"font-size:14px;\"><span style=\"font-family:Tahoma,Geneva,sans-serif;\">Soins des pieds et des ongles &ndash; p&eacute;dicure simple</span></span></li>\r\n	<li><span style=\"font-size:14px;\"><span style=\"font-family:Tahoma,Geneva,sans-serif;\">Pose de vernis simple et de French</span></span></li>\r\n	<li><span style=\"font-size:14px;\"><span style=\"font-family:Tahoma,Geneva,sans-serif;\">Pose de vernis semi-permanent (vernis simple ou French)</span></span></li>\r\n	<li><span style=\"font-size:14px;\"><span style=\"font-family:Tahoma,Geneva,sans-serif;\">D&eacute;pose de vernis semi-permanent</span></span></li>\r\n</ul>\r\n\r\n<p>&nbsp;</p>\r\n\r\n<ul>\r\n</ul>\r\n\r\n<p>&nbsp;</p>\r\n\r\n<table align=\"center\" border=\"1\" cellpadding=\"1\" cellspacing=\"1\" style=\"width:500px;\">\r\n	<tbody>\r\n		<tr>\r\n			<td style=\"text-align: center;\"><span style=\"font-family:Tahoma,Geneva,sans-serif;\"><span style=\"font-size:18px;\"><strong>EPILATION</strong></span></span></td>\r\n		</tr>\r\n	</tbody>\r\n</table>\r\n\r\n<p style=\"text-align: center;\">&nbsp;</p>\r\n\r\n<ul>\r\n	<li><span style=\"font-size:14px;\"><span style=\"font-family:Tahoma,Geneva,sans-serif;\">Aisselles</span></span></li>\r\n	<li><span style=\"font-size:14px;\"><span style=\"font-family:Tahoma,Geneva,sans-serif;\">Maillot (simple, &eacute;chancr&eacute;, semi-int&eacute;gral, int&eacute;gral)</span></span></li>\r\n	<li><span style=\"font-size:14px;\"><span style=\"font-family:Tahoma,Geneva,sans-serif;\">Jambes (enti&egrave;res, &frac34; jambes, &frac12; jambes)</span></span></li>\r\n	<li><span style=\"font-size:14px;\"><span style=\"font-family:Tahoma,Geneva,sans-serif;\">Bras</span></span></li>\r\n	<li><span style=\"font-size:14px;\"><span style=\"font-family:Tahoma,Geneva,sans-serif;\">Visage (joues, pommettes, menton)</span></span></li>\r\n	<li><span style=\"font-size:14px;\"><span style=\"font-family:Tahoma,Geneva,sans-serif;\">L&egrave;vre sup&eacute;rieure</span></span></li>\r\n	<li><span style=\"font-size:14px;\"><span style=\"font-family:Tahoma,Geneva,sans-serif;\">Sourcils</span></span></li>\r\n</ul>\r\n\r\n<p>&nbsp;</p>\r\n\r\n<table align=\"center\" border=\"1\" cellpadding=\"1\" cellspacing=\"1\" style=\"width:500px;\">\r\n	<tbody>\r\n		<tr>\r\n			<td style=\"text-align: center;\"><span style=\"font-family:Tahoma,Geneva,sans-serif;\"><span style=\"font-size:18px;\"><strong>SOINS ET MASSAGES</strong></span></span></td>\r\n		</tr>\r\n	</tbody>\r\n</table>\r\n\r\n<p style=\"text-align: center;\">&nbsp;</p>\r\n\r\n<p><span style=\"font-size:14px;\"><span style=\"font-family:Tahoma,Geneva,sans-serif;\"><b>Massages </b></span></span></p>\r\n\r\n<ul>\r\n	<li><span style=\"font-size:14px;\"><span style=\"font-family:Tahoma,Geneva,sans-serif;\">Visage</span></span></li>\r\n	<li><span style=\"font-size:14px;\"><span style=\"font-family:Tahoma,Geneva,sans-serif;\">Mains</span></span></li>\r\n	<li><span style=\"font-size:14px;\"><span style=\"font-family:Tahoma,Geneva,sans-serif;\">Pieds</span></span></li>\r\n	<li><span style=\"font-size:14px;\"><span style=\"font-family:Tahoma,Geneva,sans-serif;\">Dos</span></span></li>\r\n	<li><span style=\"font-size:14px;\"><span style=\"font-family:Tahoma,Geneva,sans-serif;\">Jambes</span></span></li>\r\n	<li><span style=\"font-size:14px;\"><span style=\"font-family:Tahoma,Geneva,sans-serif;\">Corps (Relaxation, Californien, Su&eacute;dois, Tha&iuml;, Cellulite, Femme Enceinte, Bougie, Pierres Chaudes)</span></span></li>\r\n</ul>\r\n\r\n<p>&nbsp;</p>\r\n\r\n<p><span style=\"font-size:14px;\"><span style=\"font-family:Tahoma,Geneva,sans-serif;\"><b>Soins Visage</b></span></span></p>\r\n\r\n<p><span style=\"font-size:14px;\"><span style=\"font-family:Tahoma,Geneva,sans-serif;\"><b>Soins Corps</b></span></span></p>\r\n\r\n<p>&nbsp;</p>\r\n\r\n<p>&nbsp;</p>\r\n\r\n<p>&nbsp;</p>\r\n\r\n<p><span style=\"font-size:14px;\"><span style=\"font-family:Tahoma,Geneva,sans-serif;\">Si vous d&eacute;sirez obtenir une prestation qui ne figure pas dans cette liste, n&rsquo;h&eacute;sitez pas &agrave; nous envoyez un mail &agrave; l&rsquo;adresse:</span></span></p>\r\n\r\n<p><span style=\"font-size:14px;\"><span style=\"font-family:Tahoma,Geneva,sans-serif;\"><a href=\"mailto:support@mybeautybooking.fr\">contact@mybeautybooking.fr</a></span></span></p>\r\n\r\n<p><span style=\"font-size:14px;\"><span style=\"font-family:Tahoma,Geneva,sans-serif;\">Nous ne manquerons pas de faire le n&eacute;cessaire dans les plus brefs d&eacute;lais.</span></span></p>\r\n\r\n<p>&nbsp;</p>', 'My Beauty Booking, le premier Home Beauty Service qui vous ressemble, vraiment.', 'coiffeurs à domicile, coiffeuses afro, coiffure mariage, esthéticiennes à domicile, épilation, make up artists, maquilleuse à domicile, domicile beauté, contouring,', NULL),
(27, 19, 'Nos partenaires', 'nos-partenaires', NULL, 'fr', '<blockquote>\r\n<p><span style=\"font-size:16px;\"><strong>Nous collaborons avec de nombreux partenaires afin de proposer des services toujours plus qualitatifs.</strong></span></p>\r\n</blockquote>\r\n\r\n<p>&nbsp;</p>\r\n\r\n<p style=\"text-align: center;\"><span style=\"font-size:16px;\">Ils nous font confiance.</span></p>\r\n\r\n<p style=\"text-align: center;\">&nbsp;</p>\r\n\r\n<table align=\"center\" border=\"1\" cellpadding=\"1\" cellspacing=\"1\" style=\"height:400px;width:500px;\" summary=\"Nos partenaires\">\r\n	<caption>ECOLES PARTENAIRES</caption>\r\n	<tbody>\r\n		<tr>\r\n			<td>\r\n			<p>&nbsp; &nbsp; &nbsp; &nbsp; &nbsp; &nbsp; &nbsp; &nbsp; &nbsp; &nbsp; &nbsp; &nbsp;<a href=\"https://academy.makeupforever.com/fr/\" target=\"_blank\"><img alt=\"\" src=\"/js/fileman/../../uploads/medias/make up forever.jpg\" style=\"width: 305px; height: 165px;\" /></a></p>\r\n\r\n			<p>MAKE UP FOR EVER Academy, Groupe LVMH, forme depuis plus de 10 ans les plus grands maquilleurs &agrave; travers un r&eacute;seau international. Fond&eacute;e en 2002 &agrave; Paris, l&#39;&eacute;cole s&#39;adresse aux passion&eacute;s pour apprendre et repousser les limites du maquillage par une formation et&nbsp;techniques&nbsp;&eacute;labor&eacute;es par sa fondatrice, Dany Sanz.</p>\r\n			</td>\r\n			<td>\r\n			<p><a href=\"https://ecole-spa-international.com/\" target=\"_blank\"><img alt=\"\" src=\"/js/fileman/../../uploads/medias/logo eis.png\" style=\"width: 400px; height: 139px; float: left;\" /></a></p>\r\n\r\n			<p>&nbsp;</p>\r\n\r\n			<p>&nbsp;</p>\r\n\r\n			<p>&nbsp;</p>\r\n\r\n			<p>&nbsp;</p>\r\n\r\n			<p>&nbsp;</p>\r\n\r\n			<p>&nbsp;</p>\r\n\r\n			<p>&nbsp;</p>\r\n\r\n			<p>L&rsquo;Ecole INTERNATIONALE DU SPA est la premi&egrave;re &eacute;cole r&eacute;f&eacute;rence, d&eacute;di&eacute;e au secteur du Spa et du Bien-&Ecirc;tre. Depuis sa cr&eacute;ation, le savoir faire de l&rsquo;&eacute;cole est reconnu par l&rsquo;&Eacute;tat gr&acirc;ce &agrave; l&rsquo;obtention d&rsquo;un titre professionnel de niveau 3 inscrit au R&eacute;pertoire National de la Certification Professionnelle depuis 2013. Les valeurs de l&rsquo;&eacute;cole repose sur un triptyque : le Professionnalisme, l&rsquo;Humain et l&rsquo;Employabilit&eacute;.</p>\r\n\r\n			<p>&nbsp;</p>\r\n\r\n			<p>&nbsp;</p>\r\n\r\n			<p>&nbsp;</p>\r\n			</td>\r\n		</tr>\r\n		<tr>\r\n			<td>\r\n			<p>&nbsp;</p>\r\n\r\n			<p><a href=\"http://www.ecole-olilor.fr/\" target=\"_blank\"><img alt=\"\" src=\"/js/fileman/../../uploads/medias/olilor.png\" style=\"width: 476px; height: 106px;\" /></a></p>\r\n\r\n			<p>&nbsp;</p>\r\n\r\n			<p>&nbsp;</p>\r\n\r\n			<p><strong>ECOLE OLILOR</strong>&nbsp;est une &eacute;cole sp&eacute;cialis&eacute;e dans les domaines de la beaut&eacute; multiethnique qui propose diff&eacute;rentes prestations&nbsp;: Formation professionnelle continue, Formation en alternance, Formation dipl&ocirc;mante, Formation maquillage, Dipl&ocirc;me d&rsquo;&eacute;tat, CAP Coiffure, BP Coiffure, VAE.&nbsp;Nous avons fait le choix d&rsquo;un enseignement au plus pr&egrave;s des r&eacute;alit&eacute;s commerciales de la coiffure moderne aupr&egrave;s d&rsquo;une population cosmopolite, afin d&rsquo;immerger &eacute;l&egrave;ves et stagiaires tr&egrave;s vite et de mani&egrave;re intensive, dans la r&eacute;alit&eacute; professionnelle.</p>\r\n			</td>\r\n			<td>&nbsp;</td>\r\n		</tr>\r\n		<tr>\r\n			<td>&nbsp;</td>\r\n			<td>&nbsp;</td>\r\n		</tr>\r\n	</tbody>\r\n</table>\r\n\r\n<p>&nbsp;</p>\r\n\r\n<table align=\"center\" border=\"1\" cellpadding=\"1\" cellspacing=\"1\" style=\"height:400px;width:500px;\">\r\n	<caption>MARQUES PARTENAIRES</caption>\r\n	<tbody>\r\n		<tr>\r\n			<td>&nbsp;</td>\r\n			<td style=\"text-align: center;\">&nbsp;</td>\r\n		</tr>\r\n		<tr>\r\n			<td>&nbsp;</td>\r\n			<td>&nbsp;</td>\r\n		</tr>\r\n	</tbody>\r\n</table>\r\n\r\n<p>&nbsp;</p>', NULL, NULL, NULL);

-- --------------------------------------------------------

--
-- Structure de la table `discussion`
--

CREATE TABLE `discussion` (
  `id` int(11) NOT NULL,
  `destinataire_id` int(11) DEFAULT NULL,
  `title` varchar(100) COLLATE utf8_unicode_ci NOT NULL,
  `created_at` datetime DEFAULT NULL,
  `updated_at` datetime DEFAULT NULL,
  `user_id` int(11) DEFAULT NULL,
  `nb_message` int(11) DEFAULT NULL,
  `nb_noread_user` int(11) DEFAULT NULL,
  `nb_noread_destinataire` int(11) DEFAULT NULL
) ENGINE=InnoDB DEFAULT CHARSET=utf8 COLLATE=utf8_unicode_ci;

--
-- Déchargement des données de la table `discussion`
--

INSERT INTO `discussion` (`id`, `destinataire_id`, `title`, `created_at`, `updated_at`, `user_id`, `nb_message`, `nb_noread_user`, `nb_noread_destinataire`) VALUES
(12, NULL, 'Demande de réservation', '2017-03-06 22:02:00', '2017-03-07 02:52:01', NULL, 1, 0, 0),
(13, NULL, 'Demande de réservation', '2017-03-07 04:01:14', '2017-03-07 04:03:05', NULL, 1, 0, 0),
(14, NULL, 'Demande de réservation', '2017-03-07 04:12:50', '2017-03-07 04:15:33', NULL, 1, 0, 0),
(15, NULL, 'Demande de réservation', '2017-03-07 04:23:54', '2017-03-07 04:26:19', NULL, 1, 0, 0),
(16, NULL, 'Demande de réservation', '2017-03-07 05:39:39', '2017-03-07 05:40:19', NULL, 1, 0, 0),
(17, NULL, 'Demande de réservation', '2017-03-07 05:43:35', '2017-03-07 05:45:10', NULL, 1, 0, 0),
(18, NULL, 'Demande de réservation', '2017-03-07 05:47:58', '2017-03-07 05:49:45', NULL, 1, 0, 0),
(19, NULL, 'Demande de réservation', '2017-03-07 05:52:40', '2017-03-07 05:54:02', NULL, 1, 0, 0),
(20, NULL, 'Demande de réservation', '2017-03-07 17:02:43', '2017-03-07 17:04:11', NULL, 1, 0, 0),
(21, NULL, 'Demande de réservation', '2017-03-08 12:48:45', '2017-03-12 21:26:46', NULL, 1, 0, 0),
(22, NULL, 'Demande de réservation', '2017-03-12 13:52:25', '2017-03-12 15:16:59', NULL, 1, 0, 0),
(23, NULL, 'Demande de réservation', '2017-03-12 17:08:00', '2017-03-12 17:08:00', NULL, 1, 0, 1),
(24, NULL, 'Nouvelle discussion', '2017-04-05 21:09:36', '2017-04-05 21:09:47', NULL, 1, 0, 0),
(25, NULL, 'Nouvelle discussion', '2017-04-05 21:32:21', '2017-04-05 21:33:50', NULL, 2, 0, 0),
(26, NULL, 'Nouvelle discussion', '2017-04-05 21:48:16', '2017-04-05 21:50:36', NULL, 2, 0, 0),
(27, NULL, 'Nouvelle discussion', '2017-04-26 12:12:31', '2017-04-26 12:12:31', NULL, 0, 0, 0),
(28, NULL, 'Nouvelle discussion', '2017-05-01 19:29:58', '2017-05-01 19:30:08', NULL, 1, 0, 1);

-- --------------------------------------------------------

--
-- Structure de la table `document`
--

CREATE TABLE `document` (
  `id` int(11) NOT NULL,
  `user_id` int(11) DEFAULT NULL,
  `document` varchar(255) COLLATE utf8_unicode_ci DEFAULT NULL,
  `created_at` datetime DEFAULT NULL,
  `updated_at` datetime DEFAULT NULL,
  `type` int(11) NOT NULL
) ENGINE=InnoDB DEFAULT CHARSET=utf8 COLLATE=utf8_unicode_ci;

--
-- Déchargement des données de la table `document`
--

INSERT INTO `document` (`id`, `user_id`, `document`, `created_at`, `updated_at`, `type`) VALUES
(6, 62, 'pie-ce-d-identite-jpg.113631.jpg', '2017-10-08 23:36:31', '2017-10-08 23:36:31', 1),
(7, 62, 'rib-jpg.113659.jpg', '2017-10-08 23:36:59', '2017-10-08 23:36:59', 2),
(8, 62, 'assurance-responsabilite-civile-mme-stechenko-valeria-pdf.113727.pdf', '2017-10-08 23:37:27', '2017-10-08 23:37:27', 3),
(9, 62, 'n-siret-jpg.113742.jpg', '2017-10-08 23:37:42', '2017-10-08 23:37:42', 4),
(10, 62, 'diploma-mufe-jpg.113757.jpg', '2017-10-08 23:37:57', '2017-10-08 23:37:57', 5),
(11, 62, 'rib-jpg.113824.jpg', '2017-10-08 23:38:24', '2017-10-08 23:38:24', 2),
(12, 63, 'cci-pdf.111328.pdf', '2017-10-20 23:12:16', '2017-10-20 23:13:28', 1),
(13, 63, 'rib-pdf.111234.pdf', '2017-10-20 23:12:34', '2017-10-20 23:12:34', 2),
(14, 63, 'coralie-poumaderes-attestation-rc-mce-nof-2-pdf.111554.pdf', '2017-10-20 23:15:54', '2017-10-20 23:15:54', 3),
(15, 63, 'statut-insee-pdf.111611.pdf', '2017-10-20 23:16:11', '2017-10-20 23:16:11', 4),
(16, 63, 'coralie-poumaredes-diplo-me-maquillage-pdf.111746.pdf', '2017-10-20 23:17:46', '2017-10-20 23:17:46', 5),
(17, 63, 'coralie-poumaredes-certif-ext-cils-pdf.111802.pdf', '2017-10-20 23:18:02', '2017-10-20 23:18:02', 5),
(18, 63, 'coralie-poumaredes-bts-esthe-tique-cosme-tique-pdf.111827.pdf', '2017-10-20 23:18:27', '2017-10-20 23:18:27', 5),
(19, 63, 'cci1-pdf.111843.pdf', '2017-10-20 23:18:43', '2017-10-20 23:18:43', 1),
(20, 64, 'carte-identite-diane-jpg.112640.jpg', '2017-10-20 23:26:40', '2017-10-20 23:26:40', 1),
(21, 64, 'rib-boursorama-banque-pdf.112653.pdf', '2017-10-20 23:26:53', '2017-10-20 23:26:53', 2),
(23, 64, 'extrait-inscription-re-pertoire-des-me-tiers-pdf.112715.pdf', '2017-10-20 23:27:15', '2017-10-20 23:27:15', 4),
(24, 64, 'diplo-me-make-up-for-ever-academy-jpeg.112735.jpeg', '2017-10-20 23:27:35', '2017-10-20 23:27:35', 5),
(25, 65, 'cni-eloi-se-2009-recto-jpg.113416.jpg', '2017-10-20 23:34:16', '2017-10-20 23:34:16', 1),
(26, 65, 'cni-eloi-se-2009-verso-jpg.113433.jpg', '2017-10-20 23:34:33', '2017-10-20 23:34:33', 1),
(27, 65, 'iban-mle-eloise-martin-clamart-1-pdf.113445.pdf', '2017-10-20 23:34:45', '2017-10-20 23:34:45', 2),
(28, 65, 'eloise-martin-itm-diplo-me-2014-jpg.113515.jpg', '2017-10-20 23:35:15', '2017-10-20 23:35:15', 5),
(29, 66, 'attestation-assurance-pro-maria-elena-dontenville-pdf.114040.pdf', '2017-10-20 23:40:40', '2017-10-20 23:40:40', 3),
(30, 66, 'rib-boursorama-banque-pdf.114053.pdf', '2017-10-20 23:40:53', '2017-10-20 23:40:53', 2),
(31, 66, 'diplome-attestations-certificats-maria-elena-dontenville-pdf.114150.pdf', '2017-10-20 23:41:50', '2017-10-20 23:41:50', 5),
(32, 67, 'tifany-d-id1-jpg.114648.jpg', '2017-10-20 23:46:48', '2017-10-20 23:46:48', 1),
(33, 67, 'tifany-d-id2-jpg.114704.jpg', '2017-10-20 23:47:04', '2017-10-20 23:47:04', 1),
(34, 67, 'tifany-d-rib-jpg.114718.jpg', '2017-10-20 23:47:18', '2017-10-20 23:47:18', 2),
(35, 67, NULL, '2017-10-20 23:47:32', '2017-10-20 23:47:32', 3),
(36, 67, 'tifany-d-insee-jpg.114743.jpg', '2017-10-20 23:47:43', '2017-10-20 23:47:43', 4),
(37, 67, 'tifany-d-diplo-me-maquillage-jpg.114758.jpg', '2017-10-20 23:47:58', '2017-10-20 23:47:58', 5),
(38, 68, 'carte-identite-marielle-jpeg.115317.jpeg', '2017-10-20 23:53:17', '2017-10-20 23:53:17', 1),
(39, 68, 'carte-identite-marielle-jpeg.015239.jpeg', '2017-10-20 23:53:36', '2018-01-04 13:52:39', 1),
(40, 68, 'releve-d-identite-bancaire-marielle-courtin-jpg.115347.jpg', '2017-10-20 23:53:47', '2017-10-20 23:53:47', 2),
(41, 68, 'attestation-rc-professionnelle-jpg.115358.jpg', '2017-10-20 23:53:58', '2017-10-20 23:53:58', 3),
(42, 68, 'attestation-rc-pro-suite-jpg.115410.jpg', '2017-10-20 23:54:10', '2017-10-20 23:54:10', 3),
(43, 68, 'attestation-professionnelle-make-up-for-ever-jpeg.115430.jpeg', '2017-10-20 23:54:30', '2017-10-20 23:54:30', 5),
(44, 64, 'attestation-rc-mce-nof-2-pdf.113832.pdf', '2017-10-29 23:38:32', '2017-10-29 23:38:32', 3),
(45, 76, 'thumbnail-ci-recto-jpg.082623.jpg', '2017-12-04 20:26:23', '2017-12-04 20:26:23', 1),
(46, 76, 'rib-credit-mutuel-pdf.082711.pdf', '2017-12-04 20:27:11', '2017-12-04 20:27:11', 2),
(47, 76, 'thumbnail-certificat-de-formation-jpg.083618.jpg', '2017-12-04 20:36:18', '2017-12-04 20:36:18', 5),
(48, 79, 'piece-d-27identie-pdf.102957.pdf', '2017-12-04 22:29:57', '2017-12-04 22:29:57', 1),
(49, 79, 'rib-pdf.103046.pdf', '2017-12-04 22:30:46', '2017-12-04 22:30:46', 2),
(50, 79, 'insee-pdf.103106.pdf', '2017-12-04 22:31:06', '2017-12-04 22:31:06', 4),
(53, 79, 'certificat-ecole-pdf.103345.pdf', '2017-12-04 22:33:45', '2017-12-04 22:33:45', 5),
(54, 79, 'certificat-regina-cosmetics-pdf.103404.pdf', '2017-12-04 22:34:04', '2017-12-04 22:34:04', 5),
(55, 80, 'id-jpg.104441.jpg', '2017-12-04 22:44:41', '2017-12-04 22:44:41', 1),
(56, 80, 'id2-jpg.104456.jpg', '2017-12-04 22:44:56', '2017-12-04 22:44:56', 1),
(57, 80, 'rib-jpg.104506.jpg', '2017-12-04 22:45:06', '2017-12-04 22:45:06', 2),
(58, 80, 'insee-jpg.104517.jpg', '2017-12-04 22:45:17', '2017-12-04 22:45:17', 4),
(59, 80, 'diplome-1-jpg.104530.jpg', '2017-12-04 22:45:30', '2017-12-04 22:45:30', 5),
(60, 82, 'img047-jpg.105101.jpg', '2017-12-06 22:51:01', '2017-12-06 22:51:01', 1),
(61, 82, 'img046-jpg.105112.jpg', '2017-12-06 22:51:12', '2017-12-06 22:51:12', 2),
(62, 82, 'img049-jpg.105204.jpg', '2017-12-06 22:51:38', '2017-12-06 22:52:04', 1),
(63, 82, 'img043-jpg.105239.jpg', '2017-12-06 22:52:39', '2017-12-06 22:52:39', 4),
(64, 82, 'img044-jpg.105251.jpg', '2017-12-06 22:52:51', '2017-12-06 22:52:51', 5),
(65, 82, 'img045-jpg.105307.jpg', '2017-12-06 22:53:07', '2017-12-06 22:53:07', 4),
(66, 66, 'cni-recto-maria-elena-jpg.110409.jpg', '2017-12-06 23:04:09', '2017-12-06 23:04:09', 1),
(67, 66, 'cni-recto-maria-elena-jpg.110426.jpg', '2017-12-06 23:04:26', '2017-12-06 23:04:26', 1),
(68, 66, 'justificatif-autoentrepreneur-jpg.110501.jpg', '2017-12-06 23:05:01', '2017-12-06 23:05:01', 4),
(69, 66, 'attestation-maaf-pro-2018-pdf.110557.pdf', '2017-12-06 23:05:41', '2017-12-06 23:05:57', 3),
(70, 78, 'img-3130-png.020136.PNG', '2017-12-07 14:01:36', '2017-12-07 14:01:36', 2),
(71, 78, 'img-3130-png.020353.PNG', '2017-12-07 14:03:53', '2017-12-07 14:03:53', 2),
(72, 78, 'img-3130-png.020510.PNG', '2017-12-07 14:05:10', '2017-12-07 14:05:10', 2),
(73, 78, 'img-3110-png.020648.PNG', '2017-12-07 14:06:48', '2017-12-07 14:06:48', 1),
(74, 64, 'rib-boursorama-banque-pdf.042034.pdf', '2017-12-08 16:20:34', '2017-12-08 16:20:34', 2),
(75, 77, 'rib-pdf.051011.pdf', '2017-12-08 17:10:11', '2017-12-08 17:10:11', 2),
(76, 77, 'rib-pdf.051200.pdf', '2017-12-08 17:12:00', '2017-12-08 17:12:00', 2),
(77, 77, 'ffb062ac-a72b-4069-a480-71ace1bedb39-jpeg.051317.jpeg', '2017-12-08 17:13:17', '2017-12-08 17:13:17', 5),
(78, 77, 'e416ebe2-944d-4220-969c-9e59ac114852-jpeg.051417.jpeg', '2017-12-08 17:14:17', '2017-12-08 17:14:17', 1),
(79, 77, '7890e8d1-9535-4c34-88c1-2ce37967a6e5-png.051600.png', '2017-12-08 17:16:00', '2017-12-08 17:16:00', 6),
(80, 65, 'piece-jointe-iban-mle-eloise-martin-clamart-pdf.031354.pdf', '2017-12-11 15:13:54', '2017-12-11 15:13:54', 2),
(81, 65, 'img-20170811-191108-558-jpg.034724.jpg', '2017-12-11 15:47:24', '2017-12-11 15:47:24', 6),
(82, 68, 'releve-d-identite-bancaire-marielle-courtin-jpg.075329.jpg', '2017-12-12 19:53:29', '2017-12-12 19:53:29', 2),
(83, 81, '1513171669033744715005-jpg.022911.jpg', '2017-12-13 14:29:11', '2017-12-13 14:29:11', 1),
(84, 81, 'img-20171120-wa0000-jpeg.023302.jpeg', '2017-12-13 14:33:02', '2017-12-13 14:33:02', 2),
(85, 81, 'img-20171120-wa0000-jpeg.023400.jpeg', '2017-12-13 14:34:00', '2017-12-13 14:34:00', 2),
(86, 81, '1513172522266-2104079408-jpg.024311.jpg', '2017-12-13 14:43:11', '2017-12-13 14:43:11', 4),
(87, 81, 'img-20171016-105553-jpg.024609.jpg', '2017-12-13 14:46:09', '2017-12-13 14:46:09', 5),
(88, 76, 'rib-credit-mutuel-pdf.011144.pdf', '2017-12-14 13:11:44', '2017-12-14 13:11:44', 2),
(89, 76, 'rib-credit-mutuel-pdf.011154.pdf', '2017-12-14 13:11:54', '2017-12-14 13:11:54', 2),
(90, 63, 'bforbank-rib-comptebancaire-12340100263731-pdf.120356.pdf', '2017-12-16 12:03:56', '2017-12-16 12:03:56', 2),
(91, 63, 'bforbank-rib-comptebancaire-12340100263731-pdf.121643.pdf', '2017-12-16 12:16:43', '2017-12-16 12:16:43', 2),
(92, 85, 'rib-pdf.012558.pdf', '2017-12-21 13:25:58', '2017-12-21 13:25:58', 2),
(93, 68, 'releve-d-identite-bancaire-marielle-courtin-jpg.014908.jpg', '2018-01-04 13:49:08', '2018-01-04 13:49:08', 2),
(94, 68, 'inscription-de-l-etablissement-marielle-courtin-mua-jpeg.015348.jpeg', '2018-01-04 13:53:48', '2018-01-04 13:53:48', 4),
(97, 68, 'marielle-book-11-avril-session-1-183-jpg.022048.jpg', '2018-01-04 14:20:48', '2018-01-04 14:20:48', 6),
(98, 68, 'releve-d-identite-bancaire-marielle-courtin-jpg.022211.jpg', '2018-01-04 14:22:11', '2018-01-04 14:22:11', 2),
(99, 68, 'releve-d-identite-bancaire-marielle-courtin-jpg.022241.jpg', '2018-01-04 14:22:41', '2018-01-04 14:22:41', 2),
(100, 66, 'rib-credit-mutuel-maria-elena-dontenville-pdf.093138.pdf', '2018-01-27 21:31:38', '2018-01-27 21:31:38', 2),
(101, 66, 'rib-credit-mutuel-maria-elena-dontenville-pdf.093204.pdf', '2018-01-27 21:32:04', '2018-01-27 21:32:04', 2),
(102, 66, 'rib-credit-mutuel-maria-elena-dontenville-pdf.093432.pdf', '2018-01-27 21:34:32', '2018-01-27 21:34:32', 2),
(103, 66, 'certificat-insee-sirene-pdf.042859.pdf', '2018-01-29 16:28:59', '2018-01-29 16:28:59', 4);

-- --------------------------------------------------------

--
-- Structure de la table `horaire`
--

CREATE TABLE `horaire` (
  `id` int(11) NOT NULL,
  `user_id` int(11) DEFAULT NULL,
  `jour` int(11) DEFAULT NULL,
  `heure_deb` int(11) DEFAULT NULL,
  `minute_deb` int(11) DEFAULT NULL,
  `heure_fin` int(11) DEFAULT NULL,
  `minute_fin` int(11) DEFAULT NULL,
  `created_at` datetime DEFAULT NULL,
  `updated_at` datetime DEFAULT NULL
) ENGINE=InnoDB DEFAULT CHARSET=utf8 COLLATE=utf8_unicode_ci;

--
-- Déchargement des données de la table `horaire`
--

INSERT INTO `horaire` (`id`, `user_id`, `jour`, `heure_deb`, `minute_deb`, `heure_fin`, `minute_fin`, `created_at`, `updated_at`) VALUES
(30, 67, 1, 8, 0, 10, 30, '2017-12-07 13:06:58', '2017-12-07 13:06:58'),
(31, 67, 2, 8, 0, 10, 30, '2017-12-07 13:06:58', '2017-12-07 13:06:58'),
(32, 67, 3, 8, 0, 10, 30, '2017-12-07 13:06:58', '2017-12-07 13:06:58'),
(33, 67, 4, 8, 0, 10, 30, '2017-12-07 13:06:58', '2017-12-07 13:06:58'),
(34, 67, 5, 8, 0, 10, 30, '2017-12-07 13:06:58', '2017-12-07 13:06:58'),
(35, 67, 6, 8, 0, 19, 30, '2017-12-07 13:06:58', '2017-12-07 13:06:58'),
(36, 67, 7, 9, 0, 18, 0, '2017-12-07 13:06:58', '2017-12-07 13:06:58'),
(37, 78, 1, 9, 0, 20, 30, '2017-12-07 22:15:36', '2017-12-07 22:15:36'),
(38, 78, 2, 9, 0, 20, 30, '2017-12-07 22:15:36', '2017-12-07 22:15:36'),
(39, 78, 3, 9, 0, 20, 30, '2017-12-07 22:15:36', '2017-12-07 22:15:36'),
(40, 78, 4, 9, 0, 20, 30, '2017-12-07 22:15:36', '2017-12-07 22:15:36'),
(41, 78, 5, 8, 30, 14, 30, '2017-12-07 22:15:36', '2017-12-07 22:15:36'),
(42, 78, 7, 9, 30, 20, 30, '2017-12-07 22:15:36', '2017-12-07 22:15:36'),
(43, 64, 1, 7, 0, 23, 30, '2017-12-08 15:54:43', '2017-12-08 15:54:43'),
(44, 64, 2, 13, 0, 23, 30, '2017-12-08 15:54:43', '2017-12-08 15:54:43'),
(45, 64, 3, 13, 0, 23, 30, '2017-12-08 15:54:43', '2017-12-08 15:54:43'),
(46, 64, 4, 13, 0, 23, 30, '2017-12-08 15:54:43', '2017-12-08 15:54:43'),
(47, 64, 5, 13, 0, 23, 30, '2017-12-08 15:54:43', '2017-12-08 15:54:43'),
(48, 64, 6, 7, 0, 23, 30, '2017-12-08 15:54:43', '2017-12-08 15:54:43'),
(49, 64, 7, 7, 0, 23, 30, '2017-12-08 15:54:43', '2017-12-08 15:54:43'),
(60, 77, 1, 9, 0, 21, 0, '2017-12-08 18:34:20', '2017-12-08 18:34:20'),
(61, 77, 2, 9, 0, 21, 0, '2017-12-08 18:34:20', '2017-12-08 18:34:20'),
(62, 77, 3, 9, 0, 21, 0, '2017-12-08 18:34:20', '2017-12-08 18:34:20'),
(63, 77, 5, 9, 0, 21, 0, '2017-12-08 18:34:20', '2017-12-08 18:34:20'),
(64, 77, 6, 8, 0, 21, 0, '2017-12-08 18:34:20', '2017-12-08 18:34:20'),
(69, 81, 1, 17, 0, 20, 0, '2017-12-13 05:23:36', '2017-12-13 05:23:36'),
(70, 81, 2, 17, 0, 20, 0, '2017-12-13 05:23:36', '2017-12-13 05:23:36'),
(71, 81, 3, 17, 0, 20, 0, '2017-12-13 05:23:36', '2017-12-13 05:23:36'),
(72, 81, 5, 7, 0, 20, 0, '2017-12-13 05:23:36', '2017-12-13 05:23:36'),
(73, 81, 6, 7, 0, 20, 0, '2017-12-13 05:23:36', '2017-12-13 05:23:36'),
(74, 79, 1, 7, 0, 22, 0, '2017-12-14 21:06:37', '2017-12-14 21:06:37'),
(75, 79, 2, 7, 0, 22, 0, '2017-12-14 21:06:37', '2017-12-14 21:06:37'),
(76, 79, 3, 7, 0, 15, 0, '2017-12-14 21:06:37', '2017-12-14 21:06:37'),
(77, 79, 4, 7, 0, 22, 0, '2017-12-14 21:06:37', '2017-12-14 21:06:37'),
(78, 79, 5, 7, 0, 22, 30, '2017-12-14 21:06:37', '2017-12-14 21:06:37'),
(79, 79, 6, 7, 0, 22, 30, '2017-12-14 21:06:37', '2017-12-14 21:06:37'),
(80, 79, 7, 7, 0, 22, 30, '2017-12-14 21:06:37', '2017-12-14 21:06:37'),
(81, 63, 1, 9, 0, 18, 0, '2017-12-16 12:01:42', '2017-12-16 12:01:42'),
(82, 63, 2, 9, 0, 18, 0, '2017-12-16 12:01:42', '2017-12-16 12:01:42'),
(83, 63, 3, 9, 0, 18, 0, '2017-12-16 12:01:42', '2017-12-16 12:01:42'),
(84, 63, 4, 9, 0, 18, 0, '2017-12-16 12:01:42', '2017-12-16 12:01:42'),
(85, 63, 5, 9, 0, 18, 0, '2017-12-16 12:01:42', '2017-12-16 12:01:42'),
(86, 63, 6, 8, 0, 19, 0, '2017-12-16 12:01:42', '2017-12-16 12:01:42'),
(87, 63, 7, 9, 0, 18, 0, '2017-12-16 12:01:42', '2017-12-16 12:01:42'),
(100, 76, 1, 10, 30, 20, 0, '2017-12-20 13:25:40', '2017-12-20 13:25:40'),
(101, 76, 2, 10, 30, 20, 0, '2017-12-20 13:25:40', '2017-12-20 13:25:40'),
(102, 76, 3, 10, 30, 20, 0, '2017-12-20 13:25:40', '2017-12-20 13:25:40'),
(103, 76, 4, 10, 30, 20, 0, '2017-12-20 13:25:40', '2017-12-20 13:25:40'),
(104, 76, 5, 10, 30, 20, 0, '2017-12-20 13:25:40', '2017-12-20 13:25:40'),
(105, 76, 6, 10, 0, 22, 0, '2017-12-20 13:25:40', '2017-12-20 13:25:40'),
(106, 76, 7, 10, 0, 22, 0, '2017-12-20 13:25:40', '2017-12-20 13:25:40'),
(107, 85, 1, 9, 0, 20, 0, '2017-12-21 13:24:03', '2017-12-21 13:24:03'),
(108, 85, 2, 9, 0, 18, 0, '2017-12-21 13:24:03', '2017-12-21 13:24:03'),
(109, 85, 3, 9, 0, 21, 0, '2017-12-21 13:24:03', '2017-12-21 13:24:03'),
(110, 85, 4, 9, 0, 16, 0, '2017-12-21 13:24:03', '2017-12-21 13:24:03'),
(111, 85, 5, 9, 0, 19, 0, '2017-12-21 13:24:03', '2017-12-21 13:24:03'),
(112, 85, 6, 9, 0, 17, 0, '2017-12-21 13:24:03', '2017-12-21 13:24:03'),
(141, 66, 1, 14, 0, 20, 0, '2018-01-27 21:27:28', '2018-01-27 21:27:28'),
(142, 66, 2, 11, 0, 20, 0, '2018-01-27 21:27:28', '2018-01-27 21:27:28'),
(143, 66, 3, 11, 0, 20, 0, '2018-01-27 21:27:28', '2018-01-27 21:27:28'),
(144, 66, 4, 11, 0, 20, 0, '2018-01-27 21:27:28', '2018-01-27 21:27:28'),
(145, 66, 5, 11, 0, 20, 0, '2018-01-27 21:27:28', '2018-01-27 21:27:28'),
(146, 66, 6, 13, 0, 20, 0, '2018-01-27 21:27:28', '2018-01-27 21:27:28'),
(147, 66, 7, 13, 0, 18, 0, '2018-01-27 21:27:28', '2018-01-27 21:27:28'),
(157, 62, 1, 8, 0, 22, 30, '2018-02-10 19:16:47', '2018-02-10 19:16:47'),
(158, 62, 2, 8, 0, 22, 30, '2018-02-10 19:16:47', '2018-02-10 19:16:47'),
(159, 62, 3, 8, 0, 22, 30, '2018-02-10 19:16:47', '2018-02-10 19:16:47'),
(160, 62, 4, 8, 0, 22, 30, '2018-02-10 19:16:47', '2018-02-10 19:16:47'),
(161, 62, 5, 8, 0, 22, 30, '2018-02-10 19:16:47', '2018-02-10 19:16:47'),
(162, 62, 6, 8, 0, 22, 30, '2018-02-10 19:16:47', '2018-02-10 19:16:47'),
(163, 62, 7, 8, 0, 22, 30, '2018-02-10 19:16:47', '2018-02-10 19:16:47'),
(175, 68, 1, 8, 0, 23, 30, '2018-02-12 10:57:34', '2018-02-12 10:57:34'),
(176, 68, 2, 8, 0, 23, 30, '2018-02-12 10:57:34', '2018-02-12 10:57:34'),
(177, 68, 3, 8, 0, 23, 30, '2018-02-12 10:57:34', '2018-02-12 10:57:34'),
(178, 68, 4, 8, 0, 23, 30, '2018-02-12 10:57:34', '2018-02-12 10:57:34'),
(179, 68, 5, 8, 0, 23, 30, '2018-02-12 10:57:34', '2018-02-12 10:57:34'),
(180, 68, 6, 8, 0, 23, 30, '2018-02-12 10:57:34', '2018-02-12 10:57:34'),
(181, 68, 7, 8, 0, 23, 30, '2018-02-12 10:57:34', '2018-02-12 10:57:34'),
(185, 99, 2, 9, 0, 12, 0, '2018-02-12 11:04:14', '2018-02-12 11:04:14'),
(186, 99, 3, 5, 0, 9, 30, '2018-02-12 11:04:14', '2018-02-12 11:04:14'),
(193, 65, 2, 9, 0, 12, 0, '2018-02-12 11:19:28', '2018-02-12 11:19:28'),
(194, 65, 3, 5, 0, 15, 0, '2018-02-12 11:19:28', '2018-02-12 11:19:28');

-- --------------------------------------------------------

--
-- Structure de la table `log`
--

CREATE TABLE `log` (
  `id` int(11) NOT NULL,
  `label` varchar(80) COLLATE utf8_unicode_ci DEFAULT NULL,
  `description` longtext COLLATE utf8_unicode_ci,
  `ref` varchar(80) COLLATE utf8_unicode_ci DEFAULT NULL,
  `created_at` datetime DEFAULT NULL,
  `updated_at` datetime DEFAULT NULL
) ENGINE=InnoDB DEFAULT CHARSET=utf8 COLLATE=utf8_unicode_ci;

-- --------------------------------------------------------

--
-- Structure de la table `message`
--

CREATE TABLE `message` (
  `id` int(11) NOT NULL,
  `discussion_id` int(11) DEFAULT NULL,
  `user_id` int(11) DEFAULT NULL,
  `destinataire_id` int(11) DEFAULT NULL,
  `texte` longtext COLLATE utf8_unicode_ci,
  `lu` tinyint(1) DEFAULT NULL,
  `created_at` datetime DEFAULT NULL,
  `updated_at` datetime DEFAULT NULL
) ENGINE=InnoDB DEFAULT CHARSET=utf8 COLLATE=utf8_unicode_ci;

--
-- Déchargement des données de la table `message`
--

INSERT INTO `message` (`id`, `discussion_id`, `user_id`, `destinataire_id`, `texte`, `lu`, `created_at`, `updated_at`) VALUES
(1, 12, NULL, NULL, '852', 0, '2017-03-06 22:02:00', '2017-03-06 22:02:00'),
(2, 13, NULL, NULL, '852', 0, '2017-03-07 04:01:14', '2017-03-07 04:01:14'),
(3, 14, NULL, NULL, 'ezfzefzefzef', 0, '2017-03-07 04:12:50', '2017-03-07 04:12:50'),
(4, 15, NULL, NULL, 'sssssss', 0, '2017-03-07 04:23:54', '2017-03-07 04:23:54'),
(5, 16, NULL, NULL, 'dddddddddd', 0, '2017-03-07 05:39:39', '2017-03-07 05:39:39'),
(6, 17, NULL, NULL, 'sssssssssss', 0, '2017-03-07 05:43:35', '2017-03-07 05:43:35'),
(7, 18, NULL, NULL, 'fffffffffff', 0, '2017-03-07 05:47:58', '2017-03-07 05:47:58'),
(8, 19, NULL, NULL, 'sssssssssssss', 0, '2017-03-07 05:52:40', '2017-03-07 05:52:40'),
(9, 20, NULL, NULL, 'bonjour,\r\n\r\nje souhaite prendre RDV\r\n\r\ncdt', 0, '2017-03-07 17:02:43', '2017-03-07 17:02:43'),
(10, 21, NULL, NULL, 'bonjour je souhaite réserver', 0, '2017-03-08 12:48:45', '2017-03-08 12:48:45'),
(11, 22, NULL, NULL, 'merci de confirmer', 0, '2017-03-12 13:52:25', '2017-03-12 13:52:25'),
(12, 23, NULL, NULL, 'hello', 0, '2017-03-12 17:08:00', '2017-03-12 17:08:00'),
(13, 24, NULL, NULL, 'BOnjour est ce validé', 0, '2017-04-05 21:09:47', '2017-04-05 21:09:47'),
(14, 25, NULL, NULL, 'bonjour', 0, '2017-04-05 21:32:40', '2017-04-05 21:32:40'),
(15, 25, NULL, NULL, 'merci', 0, '2017-04-05 21:33:33', '2017-04-05 21:33:33'),
(16, 26, NULL, NULL, 'Avez-vous des cheveux blancs?', 0, '2017-04-05 21:48:42', '2017-04-05 21:48:42'),
(17, 26, NULL, NULL, 'Non', 0, '2017-04-05 21:50:11', '2017-04-05 21:50:11'),
(18, 28, NULL, NULL, 'avez-vus les cheveux secs?', 0, '2017-05-01 19:30:08', '2017-05-01 19:30:08');

-- --------------------------------------------------------

--
-- Structure de la table `migration_versions`
--

CREATE TABLE `migration_versions` (
  `version` varchar(255) COLLATE utf8_unicode_ci NOT NULL
) ENGINE=InnoDB DEFAULT CHARSET=utf8 COLLATE=utf8_unicode_ci;

-- --------------------------------------------------------

--
-- Structure de la table `newsletter`
--

CREATE TABLE `newsletter` (
  `id` int(11) NOT NULL,
  `title` varchar(200) COLLATE utf8_unicode_ci DEFAULT NULL,
  `html` longtext COLLATE utf8_unicode_ci,
  `envoye_date` datetime DEFAULT NULL,
  `tous` tinyint(1) DEFAULT NULL,
  `created_at` datetime DEFAULT NULL,
  `updated_at` datetime DEFAULT NULL,
  `cliente` tinyint(1) DEFAULT NULL,
  `pro` tinyint(1) DEFAULT NULL
) ENGINE=InnoDB DEFAULT CHARSET=utf8 COLLATE=utf8_unicode_ci;

--
-- Déchargement des données de la table `newsletter`
--

INSERT INTO `newsletter` (`id`, `title`, `html`, `envoye_date`, `tous`, `created_at`, `updated_at`, `cliente`, `pro`) VALUES
(1, 'exemple', '<p>ccccccc</p>', NULL, 0, '2017-06-01 19:31:05', '2017-06-01 19:31:05', NULL, NULL);

-- --------------------------------------------------------

--
-- Structure de la table `offer`
--

CREATE TABLE `offer` (
  `id` int(11) NOT NULL,
  `user_id` int(11) DEFAULT NULL,
  `price` double DEFAULT NULL,
  `duree` int(11) DEFAULT NULL,
  `created_at` datetime DEFAULT NULL,
  `updated_at` datetime DEFAULT NULL,
  `prestation_id` int(11) DEFAULT NULL,
  `metier` int(11) DEFAULT NULL
) ENGINE=InnoDB DEFAULT CHARSET=utf8 COLLATE=utf8_unicode_ci;

--
-- Déchargement des données de la table `offer`
--

INSERT INTO `offer` (`id`, `user_id`, `price`, `duree`, `created_at`, `updated_at`, `prestation_id`, `metier`) VALUES
(26, 67, 45, 2, '2017-12-07 14:39:31', '2017-12-07 14:39:31', 21, NULL),
(27, 67, 60, 3, '2017-12-07 14:42:54', '2017-12-07 14:42:54', 119, NULL),
(28, 67, 45, 2, '2017-12-07 15:32:10', '2017-12-07 15:32:10', 27, NULL),
(29, 64, 90, 2, '2017-12-08 16:08:46', '2017-12-08 16:08:46', 118, NULL),
(30, 64, 70, 1, '2017-12-08 16:10:06', '2017-12-08 16:10:06', 21, NULL),
(32, 64, 80, 2, '2017-12-08 16:18:01', '2017-12-08 16:18:01', 22, NULL),
(33, 64, 150, 3, '2017-12-08 16:19:53', '2017-12-08 16:19:53', 119, NULL),
(34, 76, 80, 2, '2017-12-08 17:06:35', '2017-12-14 13:23:36', 21, NULL),
(35, 76, 50, 1, '2017-12-08 17:07:06', '2017-12-08 17:07:06', 24, NULL),
(36, 76, 100, 3, '2017-12-08 17:08:47', '2017-12-14 13:29:59', 25, NULL),
(37, 76, 130, 3, '2017-12-08 17:10:21', '2017-12-14 13:32:30', 22, NULL),
(45, 77, 70, 2, '2017-12-10 00:58:32', '2017-12-10 00:58:32', 21, NULL),
(46, 77, 100, 2, '2017-12-10 00:59:54', '2017-12-10 00:59:54', 25, NULL),
(47, 77, 150, 3, '2017-12-10 01:00:56', '2017-12-10 01:00:56', 118, NULL),
(48, 78, 90, 3, '2017-12-10 15:09:02', '2017-12-10 15:09:02', 20, NULL),
(49, 82, NULL, 2, '2017-12-10 16:35:48', '2017-12-10 16:35:48', 218, NULL),
(50, 82, 45, 2, '2017-12-10 16:40:59', '2017-12-10 17:34:33', 218, NULL),
(51, 82, NULL, 2, '2017-12-10 16:50:28', '2017-12-10 16:50:28', 218, NULL),
(52, 82, 45, 1, '2017-12-10 17:00:31', '2017-12-10 17:00:31', 223, NULL),
(53, 82, NULL, 3, '2017-12-10 17:09:13', '2017-12-10 17:09:13', 170, NULL),
(54, 82, NULL, 2, '2017-12-10 17:13:02', '2017-12-10 17:13:02', 172, NULL),
(55, 82, NULL, 2, '2017-12-10 17:14:05', '2017-12-10 17:14:05', 173, NULL),
(56, 82, NULL, 2, '2017-12-10 17:16:33', '2017-12-10 17:16:33', 174, NULL),
(57, 82, NULL, 2, '2017-12-10 17:17:58', '2017-12-10 17:17:58', 176, NULL),
(58, 82, NULL, 2, '2017-12-10 17:19:36', '2017-12-10 17:19:36', 177, NULL),
(59, 82, NULL, 1, '2017-12-10 17:21:32', '2017-12-10 17:21:32', 168, NULL),
(60, 82, NULL, 1, '2017-12-10 17:22:27', '2017-12-10 17:22:27', 167, NULL),
(61, 82, NULL, 1, '2017-12-10 17:23:27', '2017-12-10 17:23:27', 164, NULL),
(62, 82, NULL, 1, '2017-12-10 17:24:08', '2017-12-10 17:24:08', 166, NULL),
(63, 82, NULL, 1, '2017-12-10 17:27:51', '2017-12-10 17:27:51', 163, NULL),
(64, 82, NULL, 1, '2017-12-10 17:40:39', '2017-12-10 17:40:39', 152, NULL),
(65, 82, NULL, 1, '2017-12-10 17:41:54', '2017-12-10 17:41:54', 162, NULL),
(69, 65, 80, 2, '2017-12-11 16:08:28', '2018-01-08 21:49:15', 21, NULL),
(70, 65, 100, 4, '2017-12-11 16:10:33', '2018-01-08 21:48:54', 22, NULL),
(71, 65, 60, 2, '2017-12-11 16:12:48', '2018-01-08 20:34:33', 26, NULL),
(73, 65, 350, 8, '2017-12-11 16:20:00', '2018-01-08 21:54:45', 119, NULL),
(74, 65, 100, 2, '2017-12-11 16:20:38', '2018-01-08 21:53:43', 119, NULL),
(75, 65, 200, 4, '2017-12-11 16:21:32', '2018-01-08 21:52:51', 119, NULL),
(77, 68, 90, 2, '2017-12-12 19:54:29', '2018-01-11 16:57:55', 21, NULL),
(78, 68, 130, 4, '2017-12-12 19:54:58', '2018-01-11 16:59:39', 22, NULL),
(80, 68, 200, 5, '2017-12-12 19:56:45', '2018-01-11 16:46:44', 119, NULL),
(81, 68, 400, 8, '2017-12-12 19:57:28', '2018-01-11 16:46:25', 119, NULL),
(84, 68, 190, 8, '2017-12-12 20:01:16', '2018-01-11 16:35:00', 118, NULL),
(85, 68, 100, 5, '2017-12-12 20:02:52', '2018-01-11 16:26:53', 118, NULL),
(86, 78, 190, 5, '2017-12-12 22:35:50', '2017-12-12 22:35:50', 118, NULL),
(87, 78, 30, 1, '2017-12-12 22:37:59', '2017-12-12 22:37:59', 24, NULL),
(88, 78, 150, 3, '2017-12-12 22:42:14', '2017-12-12 22:42:14', 119, NULL),
(89, 78, 30, 1, '2017-12-12 22:49:29', '2017-12-12 22:49:29', 21, NULL),
(90, 78, 130, 3, '2017-12-12 22:59:43', '2017-12-12 22:59:43', 22, NULL),
(91, 78, 130, 3, '2017-12-12 23:03:30', '2017-12-12 23:03:30', 25, NULL),
(92, 78, 90, 3, '2017-12-12 23:22:12', '2017-12-12 23:22:12', 119, NULL),
(94, 81, 8, 1, '2017-12-13 05:29:45', '2017-12-13 05:29:45', 168, NULL),
(95, 81, 7, 1, '2017-12-13 05:30:14', '2017-12-13 05:30:14', 167, NULL),
(96, 81, 10, 1, '2017-12-13 05:31:17', '2017-12-13 05:31:17', 152, NULL),
(97, 81, 8, 1, '2017-12-13 05:32:12', '2017-12-13 05:32:12', 164, NULL),
(98, 81, 8, 1, '2017-12-13 05:32:41', '2017-12-13 05:32:41', 166, NULL),
(99, 81, 10, 1, '2017-12-13 05:42:38', '2017-12-13 05:42:38', 154, NULL),
(100, 81, 13, 1, '2017-12-13 05:43:47', '2017-12-13 05:43:47', 155, NULL),
(103, 81, 15, 1, '2017-12-13 05:49:17', '2017-12-13 05:49:17', 160, NULL),
(105, 81, 20, 1, '2017-12-13 05:51:17', '2017-12-13 05:51:17', 208, NULL),
(106, 81, 15, 1, '2017-12-13 13:32:29', '2017-12-13 13:32:29', 160, NULL),
(107, 81, 22, 1, '2017-12-13 13:33:02', '2017-12-13 13:33:02', 157, NULL),
(108, 81, 13, 1, '2017-12-13 13:36:05', '2017-12-13 13:36:05', 122, NULL),
(109, 81, 17, 1, '2017-12-13 13:41:47', '2017-12-13 13:41:47', 156, NULL),
(110, 81, 15, 1, '2017-12-13 13:55:20', '2017-12-13 13:55:20', 162, NULL),
(111, 81, 25, 1, '2017-12-13 13:56:32', '2017-12-13 13:56:32', 159, NULL),
(112, 81, 18, 1, '2017-12-13 13:57:43', '2017-12-13 13:57:43', 124, NULL),
(113, 81, 9, 1, '2017-12-13 13:58:16', '2017-12-13 13:58:16', 125, NULL),
(114, 81, 40, 1, '2017-12-13 13:59:02', '2017-12-13 13:59:02', 127, NULL),
(115, 81, 10, 1, '2017-12-13 13:59:23', '2017-12-13 13:59:23', 129, NULL),
(116, 81, 23, 1, '2017-12-13 14:00:37', '2017-12-13 14:00:37', 143, NULL),
(117, 81, 9, 1, '2017-12-13 14:00:56', '2017-12-13 14:00:56', 144, NULL),
(118, 81, 45, 1, '2017-12-13 14:01:46', '2017-12-13 14:01:46', 146, NULL),
(119, 81, 45, 1, '2017-12-13 14:04:20', '2017-12-13 14:04:20', 228, NULL),
(120, 81, 30, 1, '2017-12-13 14:05:23', '2017-12-13 14:05:23', 208, NULL),
(121, 81, 30, 1, '2017-12-13 14:06:03', '2017-12-13 14:06:03', 209, NULL),
(122, 81, 60, 2, '2017-12-13 14:06:49', '2017-12-13 14:06:49', 211, NULL),
(123, 81, 60, 2, '2017-12-13 14:07:50', '2017-12-13 14:07:50', 212, NULL),
(124, 81, 50, 2, '2017-12-13 14:08:43', '2017-12-13 14:08:43', 213, NULL),
(125, 81, 45, 1, '2017-12-13 14:09:49', '2017-12-13 14:09:49', 214, NULL),
(126, 81, 50, 2, '2017-12-13 14:10:35', '2017-12-13 14:10:35', 215, NULL),
(127, 81, 40, 2, '2017-12-13 14:11:40', '2017-12-13 14:11:40', 219, NULL),
(128, 81, 40, 2, '2017-12-13 14:12:51', '2017-12-13 14:12:51', 220, NULL),
(129, 81, 40, 2, '2017-12-13 14:13:51', '2017-12-13 14:13:51', 221, NULL),
(130, 81, 60, 3, '2017-12-13 14:14:44', '2017-12-13 14:14:44', 222, NULL),
(131, 81, 45, 2, '2017-12-13 14:16:46', '2017-12-13 14:16:46', 226, NULL),
(132, 81, 30, 1, '2017-12-13 14:17:34', '2017-12-13 14:17:34', 227, NULL),
(133, 76, 110, 3, '2017-12-14 13:18:00', '2017-12-14 13:32:04', 25, NULL),
(134, 76, 90, 2, '2017-12-14 13:23:02', '2017-12-14 13:23:02', 119, NULL),
(135, 79, 300, 4, '2017-12-14 21:25:08', '2017-12-14 21:26:50', 118, NULL),
(136, 79, 70, 2, '2017-12-14 21:26:01', '2017-12-14 21:27:34', 21, NULL),
(138, 79, 100, 3, '2017-12-14 21:28:43', '2017-12-14 21:28:43', 22, NULL),
(139, 63, 60, 1, '2017-12-16 12:22:45', '2017-12-16 12:22:45', 21, NULL),
(140, 63, 90, 2, '2017-12-16 12:26:04', '2017-12-16 12:26:04', 25, NULL),
(141, 63, 168, 4, '2017-12-16 12:35:25', '2018-01-23 12:52:59', 118, NULL),
(142, 63, 168, 4, '2017-12-16 12:38:02', '2017-12-16 12:38:02', 119, NULL),
(144, 85, 25, 1, '2017-12-16 22:29:51', '2017-12-16 22:29:51', 127, NULL),
(145, 85, 25, 1, '2017-12-16 22:30:11', '2017-12-16 22:30:11', 128, NULL),
(146, 85, 12, 1, '2017-12-16 22:30:35', '2017-12-16 22:30:35', 129, NULL),
(147, 85, 35, 1, '2017-12-16 22:30:58', '2017-12-16 22:30:58', 143, NULL),
(148, 85, 25, 1, '2017-12-16 22:31:15', '2017-12-16 22:31:15', 124, NULL),
(149, 85, 15, 1, '2017-12-16 22:31:49', '2017-12-16 22:31:49', 152, NULL),
(150, 85, 15, 1, '2017-12-16 22:32:07', '2017-12-16 22:32:07', 154, NULL),
(151, 85, 20, 1, '2017-12-16 22:32:24', '2017-12-16 22:32:24', 155, NULL),
(152, 85, 23, 1, '2017-12-16 22:32:41', '2017-12-16 22:32:41', 156, NULL),
(153, 85, 26, 1, '2017-12-16 22:32:58', '2017-12-16 22:32:58', 157, NULL),
(154, 85, 20, 1, '2017-12-16 22:33:14', '2017-12-16 22:33:14', 159, NULL),
(155, 85, 15, 1, '2017-12-16 22:33:30', '2017-12-16 22:33:30', 160, NULL),
(156, 85, 10, 1, '2017-12-16 22:33:50', '2017-12-16 22:33:50', 168, NULL),
(157, 85, 10, 1, '2017-12-16 22:34:07', '2017-12-16 22:34:07', 167, NULL),
(158, 85, 40, 1, '2017-12-16 22:34:56', '2017-12-16 22:34:56', 222, NULL),
(159, 85, 35, 1, '2017-12-16 22:35:15', '2017-12-16 22:35:15', 221, NULL),
(160, 85, 35, 1, '2017-12-16 22:35:42', '2017-12-16 22:35:42', 211, NULL),
(162, 62, 80, 2, '2017-12-21 13:59:29', '2017-12-21 14:53:52', 24, NULL),
(163, 62, 100, 2, '2017-12-21 14:00:53', '2017-12-21 14:54:42', 21, NULL),
(164, 62, 120, 3, '2017-12-21 14:01:40', '2017-12-21 14:53:20', 22, NULL),
(165, 62, 250, 3, '2017-12-21 14:07:11', '2017-12-21 14:51:35', 118, NULL),
(166, 62, 300, 8, '2017-12-21 14:12:47', '2017-12-21 14:49:56', 119, NULL),
(167, 65, 550, 8, '2018-01-08 20:26:39', '2018-01-08 21:51:32', 119, NULL),
(168, 65, 200, 5, '2018-01-08 20:32:39', '2018-01-08 21:18:00', 118, NULL),
(170, 65, 90, 2, '2018-01-08 21:16:02', '2018-01-08 21:50:28', 23, NULL),
(171, 63, 200, 5, '2018-01-23 12:50:15', '2018-01-23 12:50:15', 20, NULL),
(172, 80, 33, 1, '2018-01-24 20:49:48', '2018-01-24 20:49:48', 18, NULL),
(173, 80, 38, 1, '2018-01-24 20:50:46', '2018-01-24 20:50:46', 3, NULL),
(174, 80, 40, 1, '2018-01-24 20:51:58', '2018-01-24 20:55:40', 51, NULL),
(175, 80, 58, 2, '2018-01-24 20:54:19', '2018-01-25 16:08:32', 52, NULL),
(176, 80, 80, 3, '2018-01-24 20:55:05', '2018-01-24 20:55:05', 52, NULL),
(177, 80, 48, 1, '2018-01-24 20:56:39', '2018-01-24 20:56:39', 2, NULL),
(178, 80, 40, 1, '2018-01-24 20:57:22', '2018-01-24 20:57:22', 2, NULL),
(179, 80, 63, 2, '2018-01-24 20:58:14', '2018-01-24 20:58:14', 2, NULL),
(180, 80, 62, 1, '2018-01-24 20:59:02', '2018-01-25 16:09:57', 17, NULL),
(181, 80, 78, 2, '2018-01-24 21:00:00', '2018-01-24 21:00:00', 2, NULL),
(182, 80, 98, 3, '2018-01-24 21:02:59', '2018-01-25 18:04:38', 49, NULL),
(183, 80, 60, 1, '2018-01-24 21:06:14', '2018-01-24 21:06:14', 2, NULL),
(184, 80, 115, 1, '2018-01-24 21:07:12', '2018-01-24 21:07:12', 2, NULL),
(185, 80, 33, 1, '2018-01-24 21:08:01', '2018-01-24 21:08:01', 50, NULL),
(186, 80, 58, 1, '2018-01-24 21:09:14', '2018-01-25 18:03:13', 16, NULL),
(188, 80, 25, 1, '2018-01-24 21:15:06', '2018-01-24 21:15:06', 4, NULL),
(189, 80, 35, 2, '2018-01-24 21:16:21', '2018-01-24 21:17:21', 4, NULL),
(190, 80, 24, 1, '2018-01-24 21:20:35', '2018-01-24 21:20:35', 59, NULL),
(191, 80, 15, 1, '2018-01-24 21:21:31', '2018-01-24 21:21:31', 60, NULL),
(192, 80, 90, 3, '2018-01-24 21:22:11', '2018-01-24 21:22:11', 61, NULL),
(193, 80, 30, 1, '2018-01-24 21:24:36', '2018-01-24 21:24:36', 68, NULL),
(194, 80, 55, 1, '2018-01-24 21:25:22', '2018-01-24 21:26:51', 115, NULL),
(195, 80, 60, 2, '2018-01-24 21:26:31', '2018-01-24 21:26:31', 115, NULL),
(196, 80, 65, 3, '2018-01-24 21:30:04', '2018-01-24 21:30:04', 116, NULL),
(197, 80, 98, 4, '2018-01-24 21:31:37', '2018-01-24 21:31:37', 116, NULL),
(198, 80, 108, 4, '2018-01-24 21:36:04', '2018-01-24 21:36:04', 117, NULL),
(199, 80, 121, 6, '2018-01-24 21:36:45', '2018-01-24 21:36:45', 117, NULL),
(200, 80, 180, 3, '2018-01-24 21:38:47', '2018-01-25 18:01:35', 55, NULL),
(201, 80, 60, 2, '2018-01-24 21:39:58', '2018-01-25 18:06:26', 56, NULL),
(202, 80, 58, 2, '2018-01-24 21:41:38', '2018-01-24 21:41:38', 8, NULL),
(203, 80, 20, 1, '2018-01-24 21:42:17', '2018-01-24 21:42:17', 6, NULL),
(204, 80, 30, 1, '2018-01-24 21:43:47', '2018-01-25 17:56:24', 101, NULL),
(205, 80, 38, 1, '2018-01-24 21:44:41', '2018-01-25 17:54:29', 105, NULL),
(206, 80, 35, 1, '2018-01-24 21:46:09', '2018-01-25 17:53:22', 110, NULL),
(207, 80, 29, 1, '2018-01-24 21:47:55', '2018-01-25 17:51:20', 112, NULL),
(208, 80, 40, 1, '2018-01-24 21:48:37', '2018-01-25 17:50:00', 113, NULL),
(209, 66, 60, 2, '2018-01-27 15:35:14', '2018-01-27 15:35:14', 204, NULL),
(210, 66, 60, 2, '2018-01-27 15:36:34', '2018-01-27 21:40:36', 204, NULL),
(211, 66, 60, 2, '2018-01-27 15:37:59', '2018-01-27 21:40:20', 204, NULL),
(212, 66, 60, 2, '2018-01-27 21:39:47', '2018-01-27 21:44:01', 204, NULL),
(213, 66, 60, 2, '2018-01-27 21:43:38', '2018-01-27 21:43:38', 204, NULL),
(214, 66, 40, 1, '2018-01-27 21:44:42', '2018-01-27 21:44:42', 204, NULL),
(215, 66, 40, 1, '2018-01-27 21:46:42', '2018-01-27 21:46:42', 204, NULL),
(216, 66, 12, 1, '2018-01-27 21:52:38', '2018-01-27 21:52:38', 151, NULL),
(217, 66, 7, 1, '2018-01-27 21:53:07', '2018-01-27 21:53:07', 151, NULL),
(218, 66, 7, 1, '2018-01-27 21:53:33', '2018-01-27 21:53:33', 151, NULL),
(219, 66, 9, 1, '2018-01-27 21:53:54', '2018-01-27 21:53:54', 151, NULL),
(220, 66, 12, 1, '2018-01-27 21:54:18', '2018-01-27 22:06:44', 151, NULL),
(221, 66, 20, 1, '2018-01-27 21:54:42', '2018-01-27 21:54:42', 151, NULL),
(222, 66, 12, 1, '2018-01-27 21:55:00', '2018-01-27 22:06:04', 151, NULL),
(223, 66, 15, 1, '2018-01-27 21:55:27', '2018-01-27 21:55:27', 151, NULL),
(224, 66, 24, 1, '2018-01-27 21:55:54', '2018-01-27 22:05:24', 151, NULL),
(225, 66, 16, 1, '2018-01-27 21:56:14', '2018-01-27 21:56:14', 151, NULL),
(226, 66, 17, 1, '2018-01-27 21:57:32', '2018-01-27 22:00:53', 151, NULL),
(227, 66, 27, 1, '2018-01-27 21:57:56', '2018-01-27 21:57:56', 151, NULL),
(228, 66, 11, 1, '2018-01-27 21:58:31', '2018-01-27 21:58:31', 151, NULL),
(229, 66, 50, 2, '2018-01-27 22:11:23', '2018-01-27 23:14:18', 218, NULL),
(230, 66, 50, 2, '2018-01-27 22:14:19', '2018-01-27 22:14:19', 218, NULL),
(231, 66, 55, 2, '2018-01-27 22:15:28', '2018-01-27 23:01:41', 218, NULL),
(232, 66, 55, 2, '2018-01-27 22:16:36', '2018-01-27 22:59:51', 218, NULL),
(233, 66, 55, 2, '2018-01-27 22:18:30', '2018-01-27 23:10:40', 218, NULL),
(234, 66, 40, 1, '2018-01-27 22:29:17', '2018-01-27 22:29:17', 223, NULL),
(235, 66, 40, 1, '2018-01-27 22:30:42', '2018-01-27 22:31:07', 223, NULL),
(236, 66, 45, 1, '2018-01-27 22:34:36', '2018-01-27 23:55:32', 20, NULL),
(237, 66, 55, 1, '2018-01-27 22:36:22', '2018-01-28 00:00:31', 20, NULL),
(238, 66, 90, 2, '2018-01-27 22:37:39', '2018-01-27 23:52:50', 20, NULL),
(239, 66, 64, 3, '2018-01-27 22:39:12', '2018-01-27 23:33:05', 20, NULL),
(240, 66, 50, 1, '2018-01-27 22:40:12', '2018-01-27 22:40:12', 20, NULL),
(241, 66, 80, 2, '2018-01-27 22:41:37', '2018-01-28 00:17:08', 20, NULL),
(242, 66, 110, 3, '2018-01-27 22:45:16', '2018-01-27 22:45:16', 20, NULL),
(243, 66, 140, 3, '2018-01-27 22:46:06', '2018-01-27 22:46:06', 20, NULL),
(244, 66, 20, 1, '2018-01-27 22:46:54', '2018-01-27 22:46:54', 20, NULL),
(245, 66, 17, 1, '2018-01-27 22:49:52', '2018-01-27 22:49:52', 20, NULL),
(246, 66, 15, 1, '2018-01-27 22:50:23', '2018-01-27 22:50:23', 20, NULL),
(247, 99, 160, 2, '2018-01-28 19:40:31', '2018-01-28 19:40:31', 71, NULL);

-- --------------------------------------------------------

--
-- Structure de la table `offertranslation`
--

CREATE TABLE `offertranslation` (
  `id` int(11) NOT NULL,
  `translatable_id` int(11) DEFAULT NULL,
  `title` varchar(150) COLLATE utf8_unicode_ci DEFAULT NULL,
  `description` longtext COLLATE utf8_unicode_ci,
  `locale` varchar(255) COLLATE utf8_unicode_ci NOT NULL
) ENGINE=InnoDB DEFAULT CHARSET=utf8 COLLATE=utf8_unicode_ci;

--
-- Déchargement des données de la table `offertranslation`
--

INSERT INTO `offertranslation` (`id`, `translatable_id`, `title`, `description`, `locale`) VALUES
(26, 26, NULL, NULL, 'fr'),
(27, 27, NULL, 'Effets spéciaux', 'fr'),
(28, 28, NULL, NULL, 'fr'),
(29, 29, NULL, 'Maquillage mariée Jour J', 'fr'),
(30, 30, NULL, NULL, 'fr'),
(32, 32, NULL, NULL, 'fr'),
(33, 33, NULL, 'Shootings? Evenementiel?', 'fr'),
(34, 34, NULL, NULL, 'fr'),
(35, 35, NULL, NULL, 'fr'),
(36, 36, NULL, 'Les yeux et la bouche sont accentués par rapport à un Maquillage journée classique.', 'fr'),
(37, 37, NULL, NULL, 'fr'),
(45, 45, NULL, 'Maquillage naturel', 'fr'),
(46, 46, NULL, 'Maquillage dorée', 'fr'),
(47, 47, NULL, 'Maquillage mariage', 'fr'),
(48, 48, NULL, 'Produit utilisé // mac -paillettes urban decay plus faux cils', 'fr'),
(49, 49, NULL, 'Soin Hydra( Hydratant,réequilibrant pour les peaux normales à mixtes,sensibles et sèches', 'fr'),
(50, 50, NULL, 'Soin Pureté( Purifie et matifie les peaux grasses avec ou sans imperfections cutanées', 'fr'),
(51, 51, NULL, 'Soin peeling (Élimine les imperfections,unifie et illumine le teint,aide a réduire les tâches pigmentaires avec une bonne routine de soin au quotidien ).Le soin dure 1h20', 'fr'),
(52, 52, NULL, 'Soin Purifiant du dos(Nettoyage ,gommage,vapeur,masque,créme hydratante pour le corps', 'fr'),
(53, 53, NULL, NULL, 'fr'),
(54, 54, NULL, NULL, 'fr'),
(55, 55, NULL, NULL, 'fr'),
(56, 56, NULL, NULL, 'fr'),
(57, 57, NULL, NULL, 'fr'),
(58, 58, NULL, NULL, 'fr'),
(59, 59, NULL, 'Epilation', 'fr'),
(60, 60, NULL, 'Epilation', 'fr'),
(61, 61, NULL, 'Epilation', 'fr'),
(62, 62, NULL, 'Epilation', 'fr'),
(63, 63, NULL, 'Epilation', 'fr'),
(64, 64, NULL, 'Epilation', 'fr'),
(65, 65, NULL, 'Epilation', 'fr'),
(69, 69, NULL, 'Maquillage comprenant crayon mascara et fard naturel rouge à lèvres, bush et fond de teint. Un teint frais et maquille pour être au top tout au long de votre journée.', 'fr'),
(70, 70, NULL, 'Maquillage relativement charge.tout complet en fonction de la demande.', 'fr'),
(71, 71, NULL, 'Strobing:à l\'inverse du contouring,le strobing fait ressortir l\'éclat du visage,ses bombés,son Glow.effet mouille ou au contraire mat pour celles qui préfère le contouring classique.a la demande du client.', 'fr'),
(73, 73, NULL, 'Face-painting et body-painting.', 'fr'),
(74, 74, NULL, 'Facepainting enfants/événements privés.', 'fr'),
(75, 75, NULL, 'Facepainting(jusqu\'aux épaules.).', 'fr'),
(77, 77, NULL, NULL, 'fr'),
(78, 78, NULL, NULL, 'fr'),
(80, 80, NULL, 'visage', 'fr'),
(81, 81, NULL, 'visage + corps', 'fr'),
(84, 84, NULL, 'essai + maquillage jour J', 'fr'),
(85, 85, NULL, 'Maquillage le jour J', 'fr'),
(86, 86, NULL, 'cat eye + hair style', 'fr'),
(87, 87, NULL, 'simple teint (shooting ou pour le travail ° un teint frais et naturel comme on les aimes', 'fr'),
(88, 88, NULL, 'makeup pour shooting artistique payer a la journée', 'fr'),
(89, 89, NULL, 'simple makeup ( une journée de boulot vous attend ce makeup est fait pour vous )', 'fr'),
(90, 90, NULL, NULL, 'fr'),
(91, 91, NULL, 'makeup sophistiqué style année 60+ hair style', 'fr'),
(92, 92, NULL, 'makeup effet spéciaux ( cinéma - Halloween) le prix varie selon la prestation', 'fr'),
(94, 94, NULL, 'Nettoyage de la ligne', 'fr'),
(95, 95, NULL, NULL, 'fr'),
(96, 96, NULL, NULL, 'fr'),
(97, 97, NULL, NULL, 'fr'),
(98, 98, NULL, NULL, 'fr'),
(99, 99, NULL, NULL, 'fr'),
(100, 100, NULL, NULL, 'fr'),
(103, 103, NULL, NULL, 'fr'),
(105, 105, NULL, 'EPILATION', 'fr'),
(106, 106, NULL, NULL, 'fr'),
(107, 107, NULL, NULL, 'fr'),
(108, 108, NULL, 'CREATION DE LIGNE', 'fr'),
(109, 109, NULL, 'BRESILIEN', 'fr'),
(110, 110, NULL, NULL, 'fr'),
(111, 111, NULL, NULL, 'fr'),
(112, 112, NULL, NULL, 'fr'),
(113, 113, NULL, NULL, 'fr'),
(114, 114, NULL, NULL, 'fr'),
(115, 115, NULL, NULL, 'fr'),
(116, 116, NULL, 'coupe, limage, cuticules', 'fr'),
(117, 117, NULL, NULL, 'fr'),
(118, 118, NULL, NULL, 'fr'),
(119, 119, NULL, NULL, 'fr'),
(120, 120, NULL, NULL, 'fr'),
(121, 121, NULL, 'MODELAGE', 'fr'),
(122, 122, NULL, 'MODELAGE RELAXANT', 'fr'),
(123, 123, NULL, 'MODELAGE DYNAMIQUE', 'fr'),
(124, 124, NULL, 'MODELAGE SPORTIF/TONIQUE', 'fr'),
(125, 125, NULL, 'MODELAGE AMINCISSANT MANUEL 45MIN', 'fr'),
(126, 126, NULL, 'MODELAGE FEMME ENCEINTE', 'fr'),
(127, 127, NULL, 'soin purifiant peaux mixtes à grasse', 'fr'),
(128, 128, NULL, 'soin peaux sèches', 'fr'),
(129, 129, NULL, 'Soin apaisant, peaux déshydratées', 'fr'),
(130, 130, NULL, 'Soin peau matures et atones', 'fr'),
(131, 131, NULL, 'Enveloppement algues ou boues', 'fr'),
(132, 132, NULL, 'Gommage corps 45 MIN', 'fr'),
(133, 133, NULL, NULL, 'fr'),
(134, 134, NULL, NULL, 'fr'),
(135, 135, NULL, 'Maquillage + essaie', 'fr'),
(136, 136, NULL, NULL, 'fr'),
(138, 138, NULL, NULL, 'fr'),
(139, 139, NULL, 'maquillage naturel tous types de peaux', 'fr'),
(140, 140, NULL, 'make up soirée / mode', 'fr'),
(141, 141, NULL, 'Maquillage mariée essai (168,00 €)\r\n Maquillage mariée essai + jour J (280,00 €)\r\n Essai + Jour J + Accompagnement (616,00 €)\r\n Maquillage 1 invité (68,00 €)\r\n Maquillage 2 invités (124,00 €)\r\n Maquillage 3 invités (173,00 €)\r\n A partir de 4 invités (prix par invité) (56,00 €)', 'fr'),
(142, 142, NULL, 'body et face painting / animation enfants / effets speciaux :\r\n Maquillage adulte (79,00 €)\r\n Face painting (168,00 €)\r\n Body painting (392,00 €)\r\n Blessures / cicatrices / impact de balle (101,00 €)\r\nAnimations enfants :  \r\nForfaits 3H (280,00 €)\r\nForfait journée (560,00 €)', 'fr'),
(144, 144, NULL, NULL, 'fr'),
(145, 145, NULL, NULL, 'fr'),
(146, 146, NULL, NULL, 'fr'),
(147, 147, NULL, NULL, 'fr'),
(148, 148, NULL, NULL, 'fr'),
(149, 149, NULL, NULL, 'fr'),
(150, 150, NULL, NULL, 'fr'),
(151, 151, NULL, NULL, 'fr'),
(152, 152, NULL, NULL, 'fr'),
(153, 153, NULL, NULL, 'fr'),
(154, 154, NULL, NULL, 'fr'),
(155, 155, NULL, NULL, 'fr'),
(156, 156, NULL, NULL, 'fr'),
(157, 157, NULL, NULL, 'fr'),
(158, 158, NULL, NULL, 'fr'),
(159, 159, NULL, NULL, 'fr'),
(160, 160, NULL, NULL, 'fr'),
(162, 162, NULL, NULL, 'fr'),
(163, 163, NULL, 'Make up journée glamour', 'fr'),
(164, 164, NULL, 'Make up soirée sophistiqué', 'fr'),
(165, 165, NULL, 'Maquillage du jour j avec un essai', 'fr'),
(166, 166, NULL, 'Face painting, Belly painting, Body painting', 'fr'),
(167, 167, NULL, 'Maquillage artistique/face/body-painting/art/mode Tarif Journee(ATTENTION: UNE JOURNEE=7 À 8H00.).\r\n\r\nLes tarifs à la production seront plus élevés car plusieurs models.', 'fr'),
(168, 168, NULL, 'Maquillage jour d\'essai:130€ pour 2h30.\r\n\r\n\r\n\r\n\r\n\r\nJour d\'essai et jour j compris:200€.\r\n\r\nMaquillage invites:60€ par personnes.\r\n\r\nTarif à l\'accompagnement:60€/heures supplémentaires.', 'fr'),
(170, 170, NULL, 'Effets spéciaux blessures/impacts de balles/coups/morsures/griffures...', 'fr'),
(171, 171, NULL, 'Extension de cils', 'fr'),
(172, 172, NULL, 'Sur cheveux courts', 'fr'),
(173, 173, NULL, 'Cheveux mi longs /longs', 'fr'),
(174, 174, NULL, 'Attachés tresses ou and bun', 'fr'),
(175, 175, NULL, 'Simple', 'fr'),
(176, 176, NULL, 'Sophistiques', 'fr'),
(177, 177, NULL, 'Couleur tete entière', 'fr'),
(178, 178, NULL, 'Couleur\r\n\r\n\r\n\r\nCouleur racines', 'fr'),
(179, 179, NULL, 'Allongement sur cheveux longs', 'fr'),
(180, 180, NULL, 'Cheveux courts', 'fr'),
(181, 181, NULL, 'Balayages mi longs', 'fr'),
(182, 182, NULL, 'Cheveux longs et mi longs', 'fr'),
(183, 183, NULL, 'Cheveux courts duo', 'fr'),
(184, 184, NULL, 'Balayages duo cheveux longs', 'fr'),
(185, 185, NULL, NULL, 'fr'),
(186, 186, NULL, 'Flash que sur dessus de tete', 'fr'),
(188, 188, NULL, 'Coupe cheveux courts', 'fr'),
(189, 189, NULL, 'Cheveux longs', 'fr'),
(190, 190, NULL, NULL, 'fr'),
(191, 191, NULL, NULL, 'fr'),
(192, 192, NULL, 'Du longs au courts', 'fr'),
(193, 193, NULL, 'Plusieurs mèches posées', 'fr'),
(194, 194, NULL, 'Cheveux courts', 'fr'),
(195, 195, NULL, 'Cheveux longs', 'fr'),
(196, 196, NULL, 'Cheveux courts', 'fr'),
(197, 197, NULL, 'Sur cheveux longs', 'fr'),
(198, 198, NULL, 'Cheveux courts', 'fr'),
(199, 199, NULL, 'Cheveux longs', 'fr'),
(200, 200, NULL, 'Avec pose de voile oû fleurs', 'fr'),
(201, 201, NULL, 'Avec bouclages et ornements', 'fr'),
(202, 202, NULL, NULL, 'fr'),
(203, 203, NULL, 'Avec massage', 'fr'),
(204, 204, NULL, NULL, 'fr'),
(205, 205, NULL, NULL, 'fr'),
(206, 206, NULL, NULL, 'fr'),
(207, 207, NULL, NULL, 'fr'),
(208, 208, NULL, NULL, 'fr'),
(209, 209, NULL, 'Femme enceinte', 'fr'),
(210, 210, NULL, 'Corps Californien', 'fr'),
(211, 211, NULL, 'Corps Suédois', 'fr'),
(212, 212, NULL, 'Corps Bougie', 'fr'),
(213, 213, NULL, 'Corps Relaxation', 'fr'),
(214, 214, NULL, 'Dos', 'fr'),
(215, 215, NULL, 'Massage Tête et Visage', 'fr'),
(216, 216, NULL, 'Maillot Simple', 'fr'),
(217, 217, NULL, 'Lèvres', 'fr'),
(218, 218, NULL, 'Menton', 'fr'),
(219, 219, NULL, 'Joues', 'fr'),
(220, 220, NULL, 'Sourcils (entretien)', 'fr'),
(221, 221, NULL, 'Visage complet', 'fr'),
(222, 222, NULL, 'Aisselles', 'fr'),
(223, 223, NULL, 'Demi-bras', 'fr'),
(224, 224, NULL, 'Bras complets', 'fr'),
(225, 225, NULL, 'Cuisses', 'fr'),
(226, 226, NULL, 'Demi-jambes', 'fr'),
(227, 227, NULL, 'Jambes complètes', 'fr'),
(228, 228, NULL, 'Fesses', 'fr'),
(229, 229, NULL, 'Beauté et Eclat (Buriti du Brésil)', 'fr'),
(230, 230, NULL, 'Hydratant (Tamanu de Madagascar)', 'fr'),
(231, 231, NULL, 'Nourissant (Soin Riz d\'Inde)', 'fr'),
(232, 232, NULL, 'Anti-Âge (Inca Inchi du Pérou)', 'fr'),
(233, 233, NULL, 'Soin Matifiant Peaux Grasses (Yangu du Kenyia)', 'fr'),
(234, 234, NULL, 'Gommage (Savon Noir Eucalyptus Jardin d\'Orient au Fleur d\'oranger&Thé vert de Jasmin)', 'fr'),
(235, 235, NULL, 'Gommage Malgache de Evadésens et Onction Malgache', 'fr'),
(236, 236, NULL, 'Rehaussement de cils', 'fr'),
(237, 237, NULL, 'Rehaussement cils + Teinture cils', 'fr'),
(238, 238, NULL, 'Rehaussement cils + Mascara semi-permanent', 'fr'),
(239, 239, NULL, 'Rehaussement cils + Teinture cils + Teinture sourcils', 'fr'),
(240, 240, NULL, 'Mascara semi-permanent', 'fr'),
(241, 241, NULL, 'Extension cils, regard effet naturel', 'fr'),
(242, 242, NULL, 'Extension cils, regard effet glamour', 'fr'),
(243, 243, NULL, 'Extention cils 3D volume Russe', 'fr'),
(244, 244, NULL, 'Extension cils, dépose', 'fr'),
(245, 245, NULL, 'Teinture de cils', 'fr'),
(246, 246, NULL, 'Teinture de sourcils', 'fr'),
(247, 247, NULL, 'Tissage simple + 2 paquets mèches brésiliennes fournies', 'fr'),
(257, 257, NULL, 'qsdf', 'fr'),
(258, 258, NULL, 'qsdf', 'fr'),
(259, 259, NULL, 'qsdf', 'fr');

-- --------------------------------------------------------

--
-- Structure de la table `optionadverttranslation`
--

CREATE TABLE `optionadverttranslation` (
  `id` int(11) NOT NULL,
  `translatable_id` int(11) DEFAULT NULL,
  `title` varchar(100) COLLATE utf8_unicode_ci DEFAULT NULL,
  `stripped_title` varchar(150) COLLATE utf8_unicode_ci DEFAULT NULL,
  `locale` varchar(255) COLLATE utf8_unicode_ci NOT NULL
) ENGINE=InnoDB DEFAULT CHARSET=utf8 COLLATE=utf8_unicode_ci;

-- --------------------------------------------------------

--
-- Structure de la table `optionuser`
--

CREATE TABLE `optionuser` (
  `id` int(11) NOT NULL,
  `parent_id` int(11) DEFAULT NULL,
  `no_order` int(11) DEFAULT NULL,
  `level` int(11) DEFAULT NULL,
  `is_publish` tinyint(1) DEFAULT NULL,
  `created_at` datetime DEFAULT NULL,
  `updated_at` datetime DEFAULT NULL
) ENGINE=InnoDB DEFAULT CHARSET=utf8 COLLATE=utf8_unicode_ci;

-- --------------------------------------------------------

--
-- Structure de la table `ordertable`
--

CREATE TABLE `ordertable` (
  `id` int(11) NOT NULL,
  `user_id` int(11) DEFAULT NULL,
  `cible_id` int(11) DEFAULT NULL,
  `type` int(11) DEFAULT NULL,
  `total_ht` double DEFAULT NULL,
  `tva` double DEFAULT NULL,
  `total_ttc` double DEFAULT NULL,
  `txn_id` varchar(30) COLLATE utf8_unicode_ci DEFAULT NULL,
  `order_id` varchar(20) COLLATE utf8_unicode_ci DEFAULT NULL,
  `facture` varchar(30) COLLATE utf8_unicode_ci DEFAULT NULL,
  `paiement` int(11) DEFAULT NULL,
  `status` int(11) DEFAULT NULL,
  `created_at` datetime DEFAULT NULL,
  `updated_at` datetime DEFAULT NULL,
  `credits` int(11) DEFAULT NULL,
  `only_cb` tinyint(1) DEFAULT NULL
) ENGINE=InnoDB DEFAULT CHARSET=utf8 COLLATE=utf8_unicode_ci;

--
-- Déchargement des données de la table `ordertable`
--

INSERT INTO `ordertable` (`id`, `user_id`, `cible_id`, `type`, `total_ht`, `tva`, `total_ttc`, `txn_id`, `order_id`, `facture`, `paiement`, `status`, `created_at`, `updated_at`, `credits`, `only_cb`) VALUES
(1, NULL, NULL, NULL, 60, 12, 72, '', '01082016.1', NULL, 1, 0, '2016-08-01 09:16:26', '2016-08-01 09:16:26', NULL, NULL);

-- --------------------------------------------------------

--
-- Structure de la table `prestation`
--

CREATE TABLE `prestation` (
  `id` int(11) NOT NULL,
  `parent_id` int(11) DEFAULT NULL,
  `no_order` int(11) DEFAULT NULL,
  `level` int(11) DEFAULT NULL,
  `is_publish` tinyint(1) DEFAULT NULL,
  `created_at` datetime DEFAULT NULL,
  `updated_at` datetime DEFAULT NULL,
  `metiers` varchar(100) COLLATE utf8_unicode_ci DEFAULT NULL
) ENGINE=InnoDB DEFAULT CHARSET=utf8 COLLATE=utf8_unicode_ci;

--
-- Déchargement des données de la table `prestation`
--

INSERT INTO `prestation` (`id`, `parent_id`, `no_order`, `level`, `is_publish`, `created_at`, `updated_at`, `metiers`) VALUES
(1, NULL, 1, 0, 1, '2017-03-22 10:15:29', '2017-11-30 16:38:04', '1_2'),
(2, 1, 4, 1, 1, '2017-03-22 10:17:03', '2017-11-30 16:37:57', '1'),
(3, 1, 1, 1, 1, '2017-03-22 10:17:14', '2017-11-30 16:37:57', '1'),
(4, 1, 5, 1, 1, '2017-03-22 10:17:23', '2017-11-30 16:37:57', '1'),
(5, 1, 9, 1, 1, '2017-03-22 10:17:33', '2017-11-30 16:37:57', '1'),
(6, 1, 13, 1, 1, '2017-03-22 10:17:53', '2017-11-30 16:37:57', '1'),
(7, 1, 6, 1, 1, '2017-03-22 10:18:01', '2017-11-30 16:37:57', '1'),
(8, 1, 12, 1, 1, '2017-03-22 10:18:08', '2017-11-30 16:37:57', '1'),
(9, 1, 10, 1, 1, '2017-03-22 10:18:17', '2017-11-30 16:37:57', '1'),
(10, 1, 7, 1, 1, '2017-03-22 10:18:44', '2017-11-30 16:42:23', '1_2'),
(11, 1, 14, 1, 1, '2017-03-22 10:18:52', '2017-11-30 16:37:57', '1'),
(12, 1, 2, 1, 1, '2017-03-22 10:19:00', '2017-11-30 16:38:42', '1_2'),
(13, 2, 4, 2, 1, '2017-03-22 10:19:18', '2017-11-30 16:37:57', '1'),
(14, 2, 3, 2, 1, '2017-03-22 10:19:27', '2017-11-30 16:37:57', '1'),
(15, 2, 5, 2, 1, '2017-03-22 10:19:38', '2017-11-30 16:37:57', '1'),
(16, 2, 6, 2, 1, '2017-03-22 10:19:45', '2017-11-30 16:37:57', '1'),
(17, 2, 1, 2, 1, '2017-03-22 10:19:55', '2017-11-30 16:37:57', '1'),
(18, 3, 1, 2, 1, '2017-03-22 10:20:18', '2017-11-30 16:37:57', '1'),
(19, 3, 2, 2, 1, '2017-03-22 10:20:25', '2017-11-30 16:37:57', '1'),
(20, NULL, 2, 0, 1, '2017-03-22 10:23:32', '2017-11-30 16:18:33', '3_4_6'),
(21, 20, 1, 1, 1, '2017-03-22 10:23:46', '2017-11-30 16:23:07', '3'),
(22, 20, 2, 1, 1, '2017-03-22 10:23:55', '2017-11-30 16:16:44', '3'),
(23, 20, 3, 1, 1, '2017-03-22 10:24:02', '2017-11-30 16:16:51', '3'),
(24, 21, 1, 2, 1, '2017-03-22 10:24:12', '2017-11-30 16:16:26', '3'),
(25, 21, 2, 2, 1, '2017-03-22 10:24:19', '2017-11-30 16:16:26', '3'),
(26, 21, 3, 2, 1, '2017-03-22 10:24:28', '2017-11-30 16:16:26', '3'),
(27, 22, 1, 2, 1, '2017-03-22 10:24:43', '2017-11-30 16:16:44', '3'),
(28, 22, 3, 2, 1, '2017-03-22 10:24:51', '2017-11-30 16:16:44', '3'),
(29, 22, 2, 2, 1, '2017-03-22 10:24:57', '2017-11-30 16:16:44', '3'),
(46, NULL, 4, 0, 1, '2017-10-18 10:14:51', '2017-11-30 16:32:06', '5_6'),
(47, NULL, 8, 0, 1, '2017-10-18 10:14:57', '2017-11-30 16:34:29', '6_7'),
(48, 2, 2, 2, 1, '2017-11-21 19:09:14', '2017-11-30 16:37:57', '1'),
(49, 2, 7, 2, 1, '2017-11-21 19:09:27', '2017-11-30 16:37:57', '1'),
(50, 2, 8, 2, 1, '2017-11-21 19:09:47', '2017-11-30 16:37:57', '1'),
(51, 12, 1, 2, 1, '2017-11-21 19:13:16', '2017-11-30 16:39:17', '1_2'),
(52, 12, 2, 2, 1, '2017-11-21 19:14:06', '2017-11-30 16:39:14', '1_2'),
(53, 12, 3, 2, 1, '2017-11-21 19:14:23', '2017-11-30 16:39:12', '1_2'),
(54, 1, 11, 1, 1, '2017-11-21 19:14:40', '2017-11-30 16:37:57', '1'),
(55, 54, 1, 2, 1, '2017-11-21 19:14:51', '2017-11-30 16:37:57', '1'),
(56, 54, 2, 2, 1, '2017-11-21 19:15:22', '2017-11-30 16:37:57', '1'),
(57, 12, 4, 2, 1, '2017-11-21 19:16:07', '2017-11-30 16:39:10', '1_2'),
(58, 12, 5, 2, 1, '2017-11-21 19:16:23', '2017-11-30 16:39:07', '1_2'),
(59, 4, 1, 2, 1, '2017-11-21 19:16:39', '2017-11-30 16:37:57', '1'),
(60, 4, 2, 2, 1, '2017-11-21 19:16:49', '2017-11-30 16:37:57', '1'),
(61, 4, 3, 2, 1, '2017-11-21 19:19:18', '2017-11-30 16:37:57', '1'),
(62, 1, 3, 1, 1, '2017-11-21 19:19:39', '2017-11-30 16:40:18', '1_2'),
(63, 62, 1, 2, 1, '2017-11-21 19:20:03', '2017-11-30 16:40:32', '1_2'),
(64, 62, 2, 2, 1, '2017-11-21 19:20:22', '2017-11-30 16:40:30', '1_2'),
(65, 7, 1, 2, 1, '2017-11-21 19:21:13', '2017-11-30 16:37:57', '1'),
(66, 7, 2, 2, 1, '2017-11-21 19:21:28', '2017-11-30 16:37:57', '1'),
(67, 10, 3, 2, 1, '2017-11-21 19:22:46', '2017-11-30 16:37:57', '1'),
(68, 10, 2, 2, 1, '2017-11-21 19:23:48', '2017-12-01 18:57:05', '1_2'),
(69, 10, 1, 2, 1, '2017-11-21 19:24:49', '2017-11-30 16:37:57', '1'),
(70, 10, 4, 2, 1, '2017-11-21 19:25:02', '2017-11-30 16:37:57', '1'),
(71, 10, 5, 2, 1, '2017-11-21 19:26:15', '2017-11-30 16:42:01', '1_2'),
(72, 10, 6, 2, 1, '2017-11-21 19:26:48', '2017-11-30 16:37:57', '1'),
(73, 10, 7, 2, 1, '2017-11-21 19:27:02', '2017-11-30 16:37:57', '1'),
(74, 10, 8, 2, 1, '2017-11-21 19:27:15', '2017-11-30 16:37:57', '1'),
(75, 10, 9, 2, 1, '2017-11-21 19:27:49', '2017-11-30 16:37:57', '1'),
(76, 10, 10, 2, 1, '2017-11-21 19:28:04', '2017-11-30 16:37:57', '1'),
(77, 10, 5, 2, 1, '2017-11-21 19:29:21', '2017-11-30 16:42:03', '1_2'),
(78, 10, 11, 2, 1, '2017-11-21 19:33:38', '2017-11-30 16:37:57', '1'),
(79, 10, 12, 2, 1, '2017-11-21 19:33:58', '2017-11-30 16:37:57', '1'),
(80, 1, 8, 1, 1, '2017-11-21 19:34:28', '2017-11-30 16:37:57', '1'),
(81, 80, 1, 2, 1, '2017-11-21 19:34:53', '2017-11-30 16:37:57', '1'),
(82, 9, 1, 2, 1, '2017-11-21 19:35:36', '2017-11-30 16:37:57', '1'),
(83, 9, 2, 2, 1, '2017-11-21 19:35:52', '2017-11-30 16:37:57', '1'),
(84, 9, 3, 2, 1, '2017-11-21 19:36:14', '2017-11-30 16:37:57', '1'),
(85, 6, 1, 2, 1, '2017-11-21 19:36:57', '2017-11-30 16:37:57', '1'),
(86, 6, 2, 2, 1, '2017-11-21 19:37:17', '2017-11-30 16:37:57', '1'),
(87, 6, 7, 2, 1, '2017-11-21 19:37:39', '2017-11-30 16:37:57', '1'),
(88, 6, 4, 2, 1, '2017-11-21 19:38:10', '2017-11-30 16:37:57', '1'),
(89, 6, 3, 2, 1, '2017-11-21 19:38:35', '2017-11-30 16:37:57', '1'),
(90, 6, 8, 2, 1, '2017-11-21 19:40:13', '2017-11-30 16:37:57', '1'),
(91, 11, 1, 2, 1, '2017-11-21 19:41:43', '2017-11-30 16:37:57', '1'),
(92, 11, 2, 2, 1, '2017-11-21 19:41:57', '2017-11-30 16:37:57', '1'),
(94, 11, 3, 2, 1, '2017-11-21 19:43:19', '2017-11-30 16:37:57', '1'),
(95, 11, 4, 2, 1, '2017-11-21 19:45:27', '2017-11-30 16:37:57', '1'),
(96, 11, 5, 2, 1, '2017-11-21 19:45:40', '2017-11-30 16:37:57', '1'),
(97, 11, 6, 2, 1, '2017-11-21 19:45:55', '2017-11-30 16:37:57', '1'),
(98, 11, 7, 2, 1, '2017-11-21 19:46:31', '2017-11-30 16:37:57', '1'),
(99, 11, 8, 2, 1, '2017-11-21 19:46:44', '2017-11-30 16:37:57', '1'),
(100, 11, 9, 2, 1, '2017-11-21 19:46:58', '2017-11-30 16:37:57', '1'),
(101, 11, 10, 2, 1, '2017-11-21 19:47:19', '2017-11-30 16:37:57', '1'),
(102, 11, 11, 2, 1, '2017-11-21 19:48:26', '2017-11-30 16:37:57', '1'),
(103, 11, 12, 2, 1, '2017-11-21 19:48:41', '2017-11-30 16:37:57', '1'),
(104, 11, 13, 2, 1, '2017-11-21 19:49:02', '2017-11-30 16:37:57', '1'),
(105, 11, 14, 2, 1, '2017-11-21 19:49:15', '2017-11-30 16:37:57', '1'),
(106, 11, 15, 2, 1, '2017-11-21 19:49:27', '2017-11-30 16:37:57', '1'),
(107, 11, 16, 2, 1, '2017-11-21 19:50:13', '2017-11-30 16:37:57', '1'),
(108, 11, 17, 2, 1, '2017-11-21 19:50:26', '2017-11-30 16:37:57', '1'),
(109, 11, 18, 2, 1, '2017-11-21 19:50:40', '2017-11-30 16:37:57', '1'),
(110, 1, 15, 1, 1, '2017-11-21 19:56:39', '2017-11-30 16:37:57', '1'),
(111, 110, 1, 2, 1, '2017-11-21 19:57:07', '2017-11-30 16:37:57', '1'),
(112, 110, 2, 2, 1, '2017-11-21 19:57:19', '2017-11-30 16:37:57', '1'),
(113, 110, 3, 2, 1, '2017-11-21 19:57:32', '2017-11-30 16:37:57', '1'),
(114, 110, 4, 2, 1, '2017-11-21 19:57:42', '2017-11-30 16:37:57', '1'),
(115, 5, 1, 2, 1, '2017-11-21 19:59:40', '2017-11-30 16:37:57', '1'),
(116, 5, 2, 2, 1, '2017-11-21 19:59:54', '2017-11-30 16:37:57', '1'),
(117, 5, 3, 2, 1, '2017-11-21 20:00:06', '2017-11-30 16:37:57', '1'),
(118, 23, 1, 2, 1, '2017-11-21 20:11:20', '2017-11-30 16:16:51', '3'),
(119, 23, 2, 2, 1, '2017-11-21 20:11:32', '2017-11-30 16:16:51', '3'),
(120, 20, 4, 1, 1, '2017-11-21 20:11:50', '2017-11-30 16:17:14', '4'),
(121, 20, 5, 1, 1, '2017-11-21 20:12:00', '2017-11-30 16:17:25', '4'),
(122, 20, 6, 1, 1, '2017-11-21 20:12:09', '2017-11-30 16:17:39', '4_6'),
(123, 46, 1, 1, 1, '2017-11-21 20:13:05', '2017-11-30 16:19:26', '5_6'),
(124, 123, 1, 2, 1, '2017-11-21 20:13:44', '2017-11-30 16:32:06', '5_6'),
(125, 123, 2, 2, 1, '2017-11-21 20:15:43', '2017-11-30 16:32:06', '5_6'),
(126, 123, 3, 2, 1, '2017-11-21 20:15:54', '2017-11-30 16:32:06', '5_6'),
(127, 123, 4, 2, 1, '2017-11-21 20:16:05', '2017-11-30 16:32:06', '5_6'),
(128, 123, 5, 2, 1, '2017-11-21 20:16:16', '2017-11-30 16:32:06', '5_6'),
(129, 123, 6, 2, 1, '2017-11-21 20:16:28', '2017-11-30 16:32:06', '5_6'),
(130, 46, 2, 1, 1, '2017-11-21 20:16:41', '2017-11-30 16:19:26', '5_6'),
(131, 130, 1, 2, 1, '2017-11-21 20:16:55', '2017-11-30 16:32:06', '5_6'),
(132, 130, 2, 2, 1, '2017-11-21 20:17:07', '2017-11-30 16:32:06', '5_6'),
(133, 130, 3, 2, 1, '2017-11-21 20:17:19', '2017-11-30 16:32:06', '5_6'),
(134, 130, 4, 2, 1, '2017-11-21 20:17:29', '2017-11-30 16:32:06', '5_6'),
(135, 130, 5, 2, 1, '2017-11-21 20:17:37', '2017-11-30 16:32:06', '5_6'),
(136, 130, 6, 2, 1, '2017-11-21 20:17:52', '2017-11-30 16:32:06', '5_6'),
(137, 130, 7, 2, 1, '2017-11-21 20:18:01', '2017-11-30 16:32:06', '5_6'),
(138, 130, 8, 2, 1, '2017-11-21 20:18:10', '2017-11-30 16:32:06', '5_6'),
(139, 46, 3, 1, 1, '2017-11-21 20:18:23', '2017-11-30 16:19:26', '5_6'),
(140, 139, 1, 2, 1, '2017-11-21 20:19:00', '2017-11-30 16:32:06', '5_6'),
(141, 139, 2, 2, 1, '2017-11-21 20:19:16', '2017-11-30 16:32:06', '5_6'),
(142, NULL, 5, 0, 1, '2017-11-21 20:19:54', '2017-11-30 16:32:24', '5_6'),
(143, 142, 1, 1, 1, '2017-11-21 20:20:08', '2017-11-30 16:19:48', '5_6'),
(144, 142, 2, 1, 1, '2017-11-21 20:20:18', '2017-11-30 16:19:48', '5_6'),
(145, 142, 3, 1, 1, '2017-11-21 20:20:27', '2017-11-30 16:19:48', '5_6'),
(146, 142, 4, 1, 1, '2017-11-21 20:21:17', '2017-11-30 16:19:48', '5_6'),
(147, 142, 5, 1, 1, '2017-11-21 20:21:31', '2017-11-30 16:19:48', '5_6'),
(148, 142, 6, 1, 1, '2017-11-21 20:21:43', '2017-11-30 16:19:48', '5_6'),
(151, NULL, 6, 0, 1, '2017-11-21 20:24:04', '2017-11-30 16:32:43', '6'),
(152, 151, 1, 1, 1, '2017-11-21 20:24:16', '2017-11-30 16:20:04', '6'),
(153, 151, 2, 1, 1, '2017-11-21 21:39:45', '2017-11-30 16:20:04', '6'),
(154, 153, 1, 2, 1, '2017-11-21 21:40:18', '2017-11-30 16:32:43', '6'),
(155, 153, 2, 2, 1, '2017-11-21 21:40:35', '2017-11-30 16:32:43', '6'),
(156, 153, 3, 2, 1, '2017-11-21 21:40:50', '2017-11-30 16:32:43', '6'),
(157, 153, 4, 2, 1, '2017-11-21 21:41:02', '2017-11-30 16:32:43', '6'),
(158, 151, 3, 1, 1, '2017-11-21 21:41:23', '2017-11-30 16:20:04', '6'),
(159, 158, 1, 2, 1, '2017-11-21 21:41:44', '2017-11-30 16:32:43', '6'),
(160, 158, 2, 2, 1, '2017-11-21 21:42:18', '2017-11-30 16:32:43', '6'),
(161, 158, 3, 2, 1, '2017-11-21 21:42:37', '2017-11-30 16:32:43', '6'),
(162, 151, 4, 1, 1, '2017-11-21 21:42:48', '2017-11-30 16:20:04', '6'),
(163, 151, 5, 1, 1, '2017-11-21 21:43:43', '2017-11-30 16:20:04', '6'),
(164, 163, 4, 2, 1, '2017-11-21 21:44:01', '2017-11-30 16:32:43', '6'),
(165, 163, 3, 2, 1, '2017-11-21 21:44:14', '2017-11-30 16:32:43', '6'),
(166, 163, 3, 2, 1, '2017-11-21 21:44:27', '2017-11-30 16:32:43', '6'),
(167, 163, 2, 2, 1, '2017-11-21 21:44:45', '2017-11-30 16:32:43', '6'),
(168, 163, 1, 2, 1, '2017-11-21 21:45:58', '2017-11-30 16:32:43', '6'),
(169, 151, 6, 1, 1, '2017-11-21 21:47:47', '2017-11-30 16:20:04', '6'),
(170, 169, 1, 2, 1, '2017-11-21 21:48:06', '2017-11-30 16:32:43', '6'),
(171, 169, 2, 2, 1, '2017-11-21 21:48:20', '2017-11-30 16:32:43', '6'),
(172, 169, 3, 2, 1, '2017-11-21 21:48:32', '2017-11-30 16:32:43', '6'),
(173, 169, 4, 2, 1, '2017-11-21 21:48:43', '2017-11-30 16:32:43', '6'),
(174, 169, 5, 2, 1, '2017-11-21 21:49:22', '2017-11-30 16:32:43', '6'),
(175, 169, 6, 2, 1, '2017-11-21 21:49:36', '2017-11-30 16:32:43', '6'),
(176, 169, 7, 2, 1, '2017-11-21 21:50:02', '2017-11-30 16:32:43', '6'),
(177, 169, 8, 2, 1, '2017-11-21 21:50:29', '2017-11-30 16:32:43', '6'),
(178, 169, 9, 2, 1, '2017-11-21 21:50:46', '2017-11-30 16:32:43', '6'),
(179, 169, 10, 2, 1, '2017-11-21 21:51:04', '2017-11-30 16:32:43', '6'),
(180, 169, 11, 2, 1, '2017-11-21 21:51:18', '2017-11-30 16:32:43', '6'),
(181, 169, 12, 2, 1, '2017-11-21 21:51:40', '2017-11-30 16:32:43', '6'),
(182, 151, 7, 1, 1, '2017-11-21 21:52:00', '2017-11-30 16:20:04', '6'),
(183, 182, 1, 2, 1, '2017-11-21 21:52:18', '2017-11-30 16:32:43', '6'),
(184, 182, 2, 2, 1, '2017-11-21 21:52:32', '2017-11-30 16:32:43', '6'),
(185, 182, 3, 2, 1, '2017-11-21 21:52:45', '2017-11-30 16:32:43', '6'),
(186, 182, 4, 2, 1, '2017-11-21 21:52:57', '2017-11-30 16:32:43', '6'),
(187, 182, 5, 2, 1, '2017-11-21 21:53:18', '2017-11-30 16:32:43', '6'),
(188, 182, 6, 2, 1, '2017-11-21 21:53:34', '2017-11-30 16:32:43', '6'),
(189, 182, 7, 2, 1, '2017-11-21 21:53:58', '2017-11-30 16:32:43', '6'),
(190, 182, 8, 2, 1, '2017-11-21 21:54:16', '2017-11-30 16:32:43', '6'),
(191, 182, 9, 2, 1, '2017-11-21 21:54:32', '2017-11-30 16:32:43', '6'),
(192, 182, 10, 2, 1, '2017-11-21 21:54:47', '2017-11-30 16:32:43', '6'),
(193, 182, 11, 2, 1, '2017-11-21 21:55:05', '2017-11-30 16:32:43', '6'),
(194, 182, 12, 2, 1, '2017-11-21 21:56:34', '2017-11-30 16:32:43', '6'),
(195, 151, 8, 1, 1, '2017-11-21 21:59:20', '2017-11-30 16:20:04', '6'),
(196, 195, 1, 2, 1, '2017-11-21 21:59:39', '2017-11-30 16:32:43', '6'),
(197, 195, 2, 2, 1, '2017-11-21 22:00:58', '2017-11-30 16:32:43', '6'),
(198, 195, 3, 2, 1, '2017-11-21 22:01:13', '2017-11-30 16:32:43', '6'),
(199, 195, 4, 2, 1, '2017-11-21 22:01:28', '2017-11-30 16:32:43', '6'),
(200, 151, 9, 1, 1, '2017-11-21 22:01:58', '2017-11-30 16:20:04', '6'),
(201, 200, 1, 2, 1, '2017-11-21 22:03:40', '2017-11-30 16:32:43', '6'),
(202, 200, 2, 2, 1, '2017-11-21 22:04:09', '2017-11-30 16:32:43', '6'),
(203, 200, 3, 2, 1, '2017-11-21 22:04:22', '2017-11-30 16:32:43', '6'),
(204, 47, 1, 1, 1, '2017-11-21 22:06:49', '2017-11-30 16:33:47', '6_7'),
(205, 204, 1, 2, 1, '2017-11-21 22:07:01', '2017-11-30 16:33:47', '6_7'),
(206, 204, 2, 2, 1, '2017-11-21 22:07:12', '2017-11-30 16:33:47', '6_7'),
(207, 204, 3, 2, 1, '2017-11-21 22:07:25', '2017-11-30 16:33:47', '6_7'),
(208, 204, 4, 2, 1, '2017-11-21 22:07:33', '2017-11-30 16:33:47', '6_7'),
(209, 204, 5, 2, 1, '2017-11-21 22:07:40', '2017-11-30 16:33:47', '6_7'),
(210, 204, 6, 2, 1, '2017-11-21 22:07:54', '2017-11-30 16:33:47', '6_7'),
(211, 204, 7, 2, 1, '2017-11-21 22:08:10', '2017-11-30 16:33:47', '6_7'),
(212, 204, 8, 2, 1, '2017-11-21 22:08:17', '2017-11-30 16:33:47', '6_7'),
(213, 204, 9, 2, 1, '2017-11-21 22:08:25', '2017-11-30 16:33:47', '6_7'),
(214, 204, 10, 2, 1, '2017-11-21 22:08:33', '2017-11-30 16:33:47', '6_7'),
(215, 204, 11, 2, 1, '2017-11-21 22:08:42', '2017-11-30 16:33:47', '6_7'),
(216, 204, 12, 2, 1, '2017-11-21 22:08:51', '2017-11-30 16:33:47', '6_7'),
(217, 204, 13, 2, 1, '2017-11-21 22:09:01', '2017-11-30 16:33:47', '6_7'),
(218, 47, 2, 1, 1, '2017-11-21 22:10:10', '2017-11-30 16:34:01', '6'),
(219, 218, 1, 2, 1, '2017-11-21 22:18:02', '2017-11-30 16:34:01', '6'),
(220, 218, 2, 2, 1, '2017-11-21 22:18:11', '2017-11-30 16:34:01', '6'),
(221, 218, 3, 2, 1, '2017-11-21 22:18:28', '2017-11-30 16:34:01', '6'),
(222, 218, 4, 2, 1, '2017-11-21 22:19:03', '2017-11-30 16:34:01', '6'),
(223, 47, 3, 1, 1, '2017-11-21 22:19:20', '2017-11-30 16:34:12', '6'),
(224, 223, 1, 2, 1, '2017-11-21 22:19:31', '2017-11-30 16:34:12', '6'),
(225, 223, 2, 2, 1, '2017-11-21 22:19:41', '2017-11-30 16:34:12', '6'),
(226, 223, 3, 2, 1, '2017-11-21 22:19:51', '2017-11-30 16:34:12', '6'),
(227, 223, 4, 2, 1, '2017-11-21 22:19:59', '2017-11-30 16:34:12', '6'),
(228, 204, 3, 2, 1, '2017-11-21 22:21:25', '2017-11-30 16:33:47', '6_7'),
(229, 10, 13, 2, 1, '2017-12-01 18:56:34', '2017-12-01 18:56:34', '1_2');

-- --------------------------------------------------------

--
-- Structure de la table `prestationtranslation`
--

CREATE TABLE `prestationtranslation` (
  `id` int(11) NOT NULL,
  `translatable_id` int(11) DEFAULT NULL,
  `title` varchar(100) COLLATE utf8_unicode_ci DEFAULT NULL,
  `description` longtext COLLATE utf8_unicode_ci,
  `stripped_title` varchar(150) COLLATE utf8_unicode_ci DEFAULT NULL,
  `locale` varchar(255) COLLATE utf8_unicode_ci NOT NULL
) ENGINE=InnoDB DEFAULT CHARSET=utf8 COLLATE=utf8_unicode_ci;

--
-- Déchargement des données de la table `prestationtranslation`
--

INSERT INTO `prestationtranslation` (`id`, `translatable_id`, `title`, `description`, `stripped_title`, `locale`) VALUES
(1, 1, 'COIFFURE', NULL, 'coiffure', 'fr'),
(2, 2, 'Couleurs et technique', NULL, 'couleurs-et-technique', 'fr'),
(3, 3, 'Brushing', NULL, 'brushing', 'fr'),
(4, 4, 'Coupe', NULL, 'coupe', 'fr'),
(5, 5, 'Forfait', NULL, 'forfait', 'fr'),
(6, 6, 'Soins', NULL, 'soins', 'fr'),
(7, 7, 'Défrisage', NULL, 'defrisage', 'fr'),
(8, 8, 'Permanente', NULL, 'permanente', 'fr'),
(9, 9, 'Lissage', NULL, 'lissage', 'fr'),
(10, 10, 'Extension & Perruque (pose)', NULL, 'extension-perruque-pose', 'fr'),
(11, 11, 'Tresses afro (coiffage uniquement)', NULL, 'tresses-afro-coiffage-uniquement', 'fr'),
(12, 12, 'Chignon et bigoudis', NULL, 'chignon-et-bigoudis', 'fr'),
(13, 13, 'Couleur semi-permanente', NULL, 'couleur-semi-permanente', 'fr'),
(14, 14, 'Couleur permanente', NULL, 'couleur-permanente', 'fr'),
(15, 15, 'Couleur transformation', NULL, 'couleur-transformation', 'fr'),
(16, 16, 'Mèches', NULL, 'meches', 'fr'),
(17, 17, 'Balayage', NULL, 'balayage', 'fr'),
(18, 18, 'Brushing simple', NULL, 'brushing-simple', 'fr'),
(19, 19, 'Steampod', NULL, 'steampod', 'fr'),
(20, 20, 'MAQUILLAGE & REGARD', NULL, 'maquillage-regard', 'fr'),
(21, 21, 'Make Up Journée', NULL, 'make-up-journee', 'fr'),
(22, 22, 'Make Up Soirée', NULL, 'make-up-soiree', 'fr'),
(23, 23, 'Autre Make Up', NULL, 'autre-make-up', 'fr'),
(24, 24, 'Nude', NULL, 'nude', 'fr'),
(25, 25, 'Sophistiqué', NULL, 'sophistique', 'fr'),
(26, 26, 'Tendance de saison', NULL, 'tendance-de-saison', 'fr'),
(27, 27, 'Nude', NULL, 'nude-1', 'fr'),
(28, 28, 'Tendance de saison', NULL, 'tendance-de-saison-1', 'fr'),
(29, 29, 'Sophistiqué', NULL, 'sophistique-1', 'fr'),
(46, 46, 'BEAUTE DES MAINS', NULL, 'beaute-des-mains-1', 'fr'),
(47, 47, 'SOINS & MODELAGES', NULL, 'soins-modelages', 'fr'),
(48, 48, 'Coloration sur extension/ tissage', NULL, 'coloration-sur-extension-tissage', 'fr'),
(49, 49, 'Ombre Hair /Tie&Dye', NULL, 'ombre-hair-tie-dye', 'fr'),
(50, 50, 'Retouches racines', NULL, 'retouches-racines', 'fr'),
(51, 51, 'Chignon simple', NULL, 'chignon-simple', 'fr'),
(52, 52, 'Chignon tressé', NULL, 'chignon-tresse', 'fr'),
(53, 53, 'Chignon sur braids', NULL, 'chignon-sur-braids', 'fr'),
(54, 54, 'Mariage', NULL, 'mariage', 'fr'),
(55, 55, 'Chignon mariage', NULL, 'chignon-mariage', 'fr'),
(56, 56, 'Coiffure structurée mariage', NULL, 'coiffure-structuree-mariage', 'fr'),
(57, 57, 'Pose de bigoudis simples', NULL, 'pose-de-bigoudis-simples', 'fr'),
(58, 58, 'Pose de bigoudis flexibles', NULL, 'pose-de-bigoudis-flexibles', 'fr'),
(59, 59, 'Coupe pointes', NULL, 'coupe-pointes', 'fr'),
(60, 60, 'Coupe frange', NULL, 'coupe-frange', 'fr'),
(61, 61, 'Coupe transformation', NULL, 'coupe-transformation', 'fr'),
(62, 62, 'Coiffure stylisée afro', NULL, 'coiffure-stylisee-afro', 'fr'),
(63, 63, 'Frohawk', NULL, 'frohawk', 'fr'),
(64, 64, 'Bantu knots', NULL, 'bantu-knots', 'fr'),
(65, 65, 'Intégral', NULL, 'integral', 'fr'),
(66, 66, 'Retouches racines', NULL, 'retouches-racines-1', 'fr'),
(67, 67, 'Extension au fil', NULL, 'extension-au-fil', 'fr'),
(68, 68, 'Extension à clip', NULL, 'extension-a-clip', 'fr'),
(69, 69, 'Extension à anneaux', NULL, 'extension-a-anneaux', 'fr'),
(70, 70, 'Extension à la kératine', NULL, 'extension-a-la-keratine', 'fr'),
(71, 71, 'Tissage simple', NULL, 'tissage-simple', 'fr'),
(72, 72, 'Tissage par 2 bandes', NULL, 'tissage-par-2-bandes', 'fr'),
(73, 73, 'Tissage par 3 bandes', NULL, 'tissage-par-3-bandes', 'fr'),
(74, 74, 'Tissage par 4 bandes', NULL, 'tissage-par-4-bandes', 'fr'),
(75, 75, 'Tissage ouvert', NULL, 'tissage-ouvert', 'fr'),
(76, 76, 'Tissage vixen', NULL, 'tissage-vixen', 'fr'),
(77, 77, 'Lace Wig', NULL, 'lace-wig', 'fr'),
(78, 78, 'Dépose et soins tissage', NULL, 'depose-et-soins-tissage', 'fr'),
(79, 79, 'Dépose et soins  lace wig', NULL, 'depose-et-soins-lace-wig', 'fr'),
(80, 80, 'Extension & Perruque (création)', NULL, 'extension-perruque-creation', 'fr'),
(81, 81, 'Création personnalisée', NULL, 'creation-personnalisee', 'fr'),
(82, 82, 'Lissage brésilien', NULL, 'lissage-bresilien', 'fr'),
(83, 83, 'Lissage coréen', NULL, 'lissage-coreen', 'fr'),
(84, 84, 'Lissage japonais', NULL, 'lissage-japonais', 'fr'),
(85, 85, 'Soins anti-pelliculaire', NULL, 'soins-anti-pelliculaire', 'fr'),
(86, 86, 'Soins cheveux fragilisés', NULL, 'soins-cheveux-fragilises', 'fr'),
(87, 87, 'Soins cuir chevelu gras', NULL, 'soins-cuir-chevelu-gras', 'fr'),
(88, 88, 'Soins cheveux secs', NULL, 'soins-cheveux-secs', 'fr'),
(89, 89, 'Soins cheveux gras', NULL, 'soins-cheveux-gras', 'fr'),
(90, 90, 'Soins réparateur pointes', NULL, 'soins-reparateur-pointes', 'fr'),
(91, 91, 'Box braids fines', NULL, 'box-braids-fines', 'fr'),
(92, 92, 'Box braids moyennes', NULL, 'box-braids-moyennes', 'fr'),
(94, 94, 'Box braids grosses', NULL, 'box-braids-grosses', 'fr'),
(95, 95, 'Crochet braids fines', NULL, 'crochet-braids-fines', 'fr'),
(96, 96, 'Crochet braids moyennes', NULL, 'crochet-braids-moyennes', 'fr'),
(97, 97, 'Crochet braids grosses', NULL, 'crochet-braids-grosses', 'fr'),
(98, 98, 'Locks fines', NULL, 'locks-fines', 'fr'),
(99, 99, 'Locks moyennes', NULL, 'locks-moyennes', 'fr'),
(100, 100, 'Locks grosses', NULL, 'locks-grosses', 'fr'),
(101, 101, 'Tresses collées demi-têtes', NULL, 'tresses-collees-demi-tetes', 'fr'),
(102, 102, 'Tresses collées tête entière', NULL, 'tresses-collees-tete-entiere', 'fr'),
(103, 103, 'Tresses mixtes collées (demi-têtes + rajout arrière)', NULL, 'tresses-mixtes-collees-demi-tetes-rajout-arriere', 'fr'),
(104, 104, 'Tresses \"Piqué-Lâché\" fines', NULL, 'tresses-pique-lache-fines', 'fr'),
(105, 105, 'Tresses \"Piqué-Lâché\" moyennes', NULL, 'tresses-pique-lache-moyennes', 'fr'),
(106, 106, 'Tresses \"Piqué-Lâché\" grosses', NULL, 'tresses-pique-lache-grosses', 'fr'),
(107, 107, 'Vanilles fines', NULL, 'vanilles-fines', 'fr'),
(108, 108, 'Vanilles moyennes', NULL, 'vanilles-moyennes', 'fr'),
(109, 109, 'Vanilles grosses', NULL, 'vanilles-grosses', 'fr'),
(110, 110, 'Tresses simples et structurées', NULL, 'tresses-simples-et-structurees', 'fr'),
(111, 111, 'Tresses simples', NULL, 'tresses-simples', 'fr'),
(112, 112, 'Tresses en épi', NULL, 'tresses-en-epi', 'fr'),
(113, 113, 'Tresses en cascade', NULL, 'tresses-en-cascade', 'fr'),
(114, 114, 'Tresses à quatre brins', NULL, 'tresses-a-quatre-brins', 'fr'),
(115, 115, 'Coupe + Brushing', NULL, 'coupe-brushing', 'fr'),
(116, 116, 'Coupe + Couleur', NULL, 'coupe-couleur', 'fr'),
(117, 117, 'Coupe + Couleur + Brushing', NULL, 'coupe-couleur-brushing', 'fr'),
(118, 118, 'Make Up Mariage', NULL, 'make-up-mariage', 'fr'),
(119, 119, 'Make Up Artistique', NULL, 'make-up-artistique', 'fr'),
(120, 120, 'Extension de cils', NULL, 'extension-de-cils', 'fr'),
(121, 121, 'Réhaussement de cils', NULL, 'rehaussement-de-cils', 'fr'),
(122, 122, 'Restructuration des sourcils', NULL, 'restructuration-des-sourcils', 'fr'),
(123, 123, 'Au naturel', NULL, 'au-naturel-1', 'fr'),
(124, 124, 'Soin des mains et des ongles – manucure simple', NULL, 'soin-des-mains-et-des-ongles-manucure-simple', 'fr'),
(125, 125, 'Pose de vernis simple', NULL, 'pose-de-vernis-simple', 'fr'),
(126, 126, 'Pose de French manucure', NULL, 'pose-de-french-manucure', 'fr'),
(127, 127, 'Pose de vernis semi-permanent vernis simple', NULL, 'pose-de-vernis-semi-permanent-vernis-simple', 'fr'),
(128, 128, 'Pose de vernis semi-permanent French', NULL, 'pose-de-vernis-semi-permanent-french', 'fr'),
(129, 129, 'Dépose de vernis semi-permanent', NULL, 'depose-de-vernis-semi-permanent', 'fr'),
(130, 130, 'Artificiel', NULL, 'artificiel', 'fr'),
(131, 131, 'Pose d’ongles en résine + pose de vernis', NULL, 'pose-d-ongles-en-resine-pose-de-vernis', 'fr'),
(132, 132, 'Pose d’ongles en résine + pose de French', NULL, 'pose-d-ongles-en-resine-pose-de-french', 'fr'),
(133, 133, 'Remplissage de résine + pose de vernis', NULL, 'remplissage-de-resine-pose-de-vernis', 'fr'),
(134, 134, 'Remplissage de résine + pose de French', NULL, 'remplissage-de-resine-pose-de-french', 'fr'),
(135, 135, 'Pose d’ongles en gel + pose de vernis', NULL, 'pose-d-ongles-en-gel-pose-de-vernis', 'fr'),
(136, 136, 'Pose d’ongles en gel + pose de French', NULL, 'pose-d-ongles-en-gel-pose-de-french', 'fr'),
(137, 137, 'Remplissage de gel + pose de vernis', NULL, 'remplissage-de-gel-pose-de-vernis', 'fr'),
(138, 138, 'Remplissage de gel + pose de French', NULL, 'remplissage-de-gel-pose-de-french', 'fr'),
(139, 139, 'Nails Art', NULL, 'nails-art', 'fr'),
(140, 140, 'Nails Art standard', NULL, 'nails-art-standard', 'fr'),
(141, 141, 'Nails Art personnalisé', NULL, 'nails-art-personnalise', 'fr'),
(142, 142, 'BEAUTE DES PIEDS', NULL, 'beaute-des-pieds-1', 'fr'),
(143, 143, 'Soins des pieds et des ongles – pédicure simple', NULL, 'soins-des-pieds-et-des-ongles-pedicure-simple', 'fr'),
(144, 144, 'Pose de vernis simple', NULL, 'pose-de-vernis-simple-1', 'fr'),
(145, 145, 'Pose de French manucure', NULL, 'pose-de-french-manucure-1', 'fr'),
(146, 146, 'Pose de vernis semi-permanent (vernis simple)', NULL, 'pose-de-vernis-semi-permanent-vernis-simple-1', 'fr'),
(147, 147, 'Pose de vernis semi-permanent French manucure', NULL, 'pose-de-vernis-semi-permanent-french-manucure', 'fr'),
(148, 148, 'Dépose de vernis semi-permanent', NULL, 'depose-de-vernis-semi-permanent-1', 'fr'),
(151, 151, 'EPILATION', NULL, 'epilation', 'fr'),
(152, 152, 'Aisselles', NULL, 'aisselles', 'fr'),
(153, 153, 'Maillot', NULL, 'maillot', 'fr'),
(154, 154, 'Maillot simple', NULL, 'maillot-simple-1', 'fr'),
(155, 155, 'Maillot échancré', NULL, 'maillot-echancre', 'fr'),
(156, 156, 'Maillot semi-intégral', NULL, 'maillot-semi-integral', 'fr'),
(157, 157, 'Maillot intégral', NULL, 'maillot-integral', 'fr'),
(158, 158, 'Jambes', NULL, 'jambes', 'fr'),
(159, 159, 'Jambes entières', NULL, 'jambes-entieres', 'fr'),
(160, 160, 'Demi-jambes', NULL, 'demi-jambes', 'fr'),
(161, 161, 'Jambes trois quart', NULL, 'jambes-trois-quart', 'fr'),
(162, 162, 'Bras', NULL, 'bras', 'fr'),
(163, 163, 'Visage', NULL, 'visage', 'fr'),
(164, 164, 'Joues', NULL, 'joues', 'fr'),
(165, 165, 'Pommettes', NULL, 'pommettes', 'fr'),
(166, 166, 'Menton', NULL, 'menton', 'fr'),
(167, 167, 'Lèvre supérieure', NULL, 'levre-superieure', 'fr'),
(168, 168, 'Sourcils', NULL, 'sourcils', 'fr'),
(169, 169, 'Forfaits 3 zones', NULL, 'forfaits-3-zones', 'fr'),
(170, 170, 'Jambes entières / aisselles / maillot intégral', NULL, 'jambes-entieres-aisselles-maillot-integral', 'fr'),
(171, 171, 'Jambes entières / aisselles / maillot semi-intégral', NULL, 'jambes-entieres-aisselles-maillot-semi-integral', 'fr'),
(172, 172, 'Jambes entières / aisselles / maillot échancré', NULL, 'jambes-entieres-aisselles-maillot-echancre', 'fr'),
(173, 173, 'Jambes entières / aisselles / maillot simple', NULL, 'jambes-entieres-aisselles-maillot-simple', 'fr'),
(174, 174, 'Jambes trois-quart / aisselles / maillot intégral', NULL, 'jambes-trois-quart-aisselles-maillot-integral', 'fr'),
(175, 175, 'Jambes trois-quart / aisselles / maillot semi-intégral', NULL, 'jambes-trois-quart-aisselles-maillot-semi-integral', 'fr'),
(176, 176, 'Jambes trois-quart / aisselles / maillot échancré', NULL, 'jambes-trois-quart-aisselles-maillot-echancre', 'fr'),
(177, 177, 'Jambes trois-quart / aisselles / maillot simple', NULL, 'jambes-trois-quart-aisselles-maillot-simple', 'fr'),
(178, 178, 'Jambes trois-quart / aisselles / maillot intégral', NULL, 'jambes-trois-quart-aisselles-maillot-integral-1', 'fr'),
(179, 179, 'Jambes trois-quart / aisselles / maillot semi-intégral', NULL, 'jambes-trois-quart-aisselles-maillot-semi-integral-1', 'fr'),
(180, 180, 'Jambes trois-quart / aisselles / maillot échancré', NULL, 'jambes-trois-quart-aisselles-maillot-echancre-1', 'fr'),
(181, 181, 'Jambes trois-quart / aisselles / maillot simple', NULL, 'jambes-trois-quart-aisselles-maillot-simple-1', 'fr'),
(182, 182, 'Forfaits 2 zones – jambes/maillot', NULL, 'forfaits-2-zones-jambes-maillot', 'fr'),
(183, 183, 'Jambes entières / maillot intégral', NULL, 'jambes-entieres-maillot-integral', 'fr'),
(184, 184, 'Jambes entières / maillot semi-intégral', NULL, 'jambes-entieres-maillot-semi-integral', 'fr'),
(185, 185, 'Jambes entières / maillot échancré', NULL, 'jambes-entieres-maillot-echancre', 'fr'),
(186, 186, 'Jambes entières / maillot simple', NULL, 'jambes-entieres-maillot-simple', 'fr'),
(187, 187, 'Jambes trois-quart/ maillot intégral', NULL, 'jambes-trois-quart-maillot-integral', 'fr'),
(188, 188, 'Jambes trois-quart/ maillot semi-intégral', NULL, 'jambes-trois-quart-maillot-semi-integral', 'fr'),
(189, 189, 'Jambes trois-quart/ maillot échancré', NULL, 'jambes-trois-quart-maillot-echancre', 'fr'),
(190, 190, 'Jambes trois-quart/ maillot simple', NULL, 'jambes-trois-quart-maillot-simple', 'fr'),
(191, 191, 'Demi-jambes/ maillot intégral', NULL, 'demi-jambes-maillot-integral', 'fr'),
(192, 192, 'Demi-jambes/ maillot semi-intégral', NULL, 'demi-jambes-maillot-semi-integral', 'fr'),
(193, 193, 'Demi-jambes/ maillot échancré', NULL, 'demi-jambes-maillot-echancre', 'fr'),
(194, 194, 'Demi-jambes/ maillot simple', NULL, 'demi-jambes-maillot-simple', 'fr'),
(195, 195, 'Forfaits 2 zones – aisselles/maillot', NULL, 'forfaits-2-zones-aisselles-maillot', 'fr'),
(196, 196, 'Aisselles / maillot intégral', NULL, 'aisselles-maillot-integral', 'fr'),
(197, 197, 'Aisselles / maillot semi-intégral', NULL, 'aisselles-maillot-semi-integral', 'fr'),
(198, 198, 'Aisselles / maillot échancré', NULL, 'aisselles-maillot-echancre', 'fr'),
(199, 199, 'Aisselles / maillot simple', NULL, 'aisselles-maillot-simple', 'fr'),
(200, 200, 'Forfaits 2 zones – jambes/aisselles', NULL, 'forfaits-2-zones-jambes-aisselles', 'fr'),
(201, 201, 'Jambes entières / aisselles', NULL, 'jambes-entieres-aisselles', 'fr'),
(202, 202, 'Demi-jambes/ aisselles', NULL, 'demi-jambes-aisselles', 'fr'),
(203, 203, 'Jambes trois-quart / aisselles', NULL, 'jambes-trois-quart-aisselles', 'fr'),
(204, 204, 'MODELAGES', NULL, 'modelages', 'fr'),
(205, 205, 'Visage', NULL, 'visage-1', 'fr'),
(206, 206, 'Mains', NULL, 'mains', 'fr'),
(207, 207, 'Pieds', NULL, 'pieds', 'fr'),
(208, 208, 'Dos', NULL, 'dos', 'fr'),
(209, 209, 'Jambes', NULL, 'jambes-1', 'fr'),
(210, 210, 'Corps Relaxation', NULL, 'corps-relaxation', 'fr'),
(211, 211, 'Corps Californien', NULL, 'corps-californien', 'fr'),
(212, 212, 'Corps Suédois', NULL, 'corps-suedois', 'fr'),
(213, 213, 'Corps Thaï', NULL, 'corps-thai', 'fr'),
(214, 214, 'Corps Cellulite', NULL, 'corps-cellulite', 'fr'),
(215, 215, 'Corps Femme Enceinte', NULL, 'corps-femme-enceinte', 'fr'),
(216, 216, 'Corps Bougie', NULL, 'corps-bougie', 'fr'),
(217, 217, 'Corps Pierres Chaudes', NULL, 'corps-pierres-chaudes', 'fr'),
(218, 218, 'SOINS VISAGE', NULL, 'soins-visage', 'fr'),
(219, 219, 'Beauté & éclat', NULL, 'beaute-eclat', 'fr'),
(220, 220, 'Nourrissant', NULL, 'nourrissant', 'fr'),
(221, 221, 'Hydratant', NULL, 'hydratant', 'fr'),
(222, 222, 'Anti-âge', NULL, 'anti-age', 'fr'),
(223, 223, 'SOINS CORPS', NULL, 'soins-corps', 'fr'),
(224, 224, 'Amincissant', NULL, 'amincissant', 'fr'),
(225, 225, 'Drainant', NULL, 'drainant', 'fr'),
(226, 226, 'Enveloppement', NULL, 'enveloppement', 'fr'),
(227, 227, 'Gommage', NULL, 'gommage', 'fr'),
(228, 228, 'Réflexologie plantaire', NULL, 'reflexologie-plantaire', 'fr'),
(229, 229, 'Closure', NULL, 'closure', 'fr');

-- --------------------------------------------------------

--
-- Structure de la table `publicite`
--

CREATE TABLE `publicite` (
  `id` int(11) NOT NULL,
  `user_id` int(11) DEFAULT NULL,
  `html` longtext COLLATE utf8_unicode_ci,
  `title` varchar(100) COLLATE utf8_unicode_ci NOT NULL,
  `url` varchar(200) COLLATE utf8_unicode_ci DEFAULT NULL,
  `status` int(11) DEFAULT NULL,
  `type` int(11) DEFAULT NULL,
  `cible` int(11) DEFAULT NULL,
  `enligne_date` datetime DEFAULT NULL,
  `end_date` datetime DEFAULT NULL,
  `created_at` datetime DEFAULT NULL,
  `updated_at` datetime DEFAULT NULL
) ENGINE=InnoDB DEFAULT CHARSET=utf8 COLLATE=utf8_unicode_ci;

--
-- Déchargement des données de la table `publicite`
--

INSERT INTO `publicite` (`id`, `user_id`, `html`, `title`, `url`, `status`, `type`, `cible`, `enligne_date`, `end_date`, `created_at`, `updated_at`) VALUES
(2, NULL, NULL, 'Faprod', 'http://www.faprod.com', 2, 1, 3, NULL, NULL, '2016-02-10 10:23:59', '2017-01-04 16:24:16'),
(3, NULL, NULL, 'Faprod', 'https://www.faprod.com', 2, 2, 3, NULL, NULL, '2016-02-15 17:18:07', '2017-01-04 16:23:46');

-- --------------------------------------------------------

--
-- Structure de la table `publiciteimage`
--

CREATE TABLE `publiciteimage` (
  `id` int(11) NOT NULL,
  `publicite_id` int(11) DEFAULT NULL,
  `filename` varchar(255) COLLATE utf8_unicode_ci DEFAULT NULL,
  `ext` varchar(25) COLLATE utf8_unicode_ci DEFAULT NULL,
  `alt` varchar(255) COLLATE utf8_unicode_ci DEFAULT NULL,
  `created_at` datetime DEFAULT NULL,
  `updated_at` datetime DEFAULT NULL
) ENGINE=InnoDB DEFAULT CHARSET=utf8 COLLATE=utf8_unicode_ci;

--
-- Déchargement des données de la table `publiciteimage`
--

INSERT INTO `publiciteimage` (`id`, `publicite_id`, `filename`, `ext`, `alt`, `created_at`, `updated_at`) VALUES
(6, 3, 'b62edac8e46f4d0440011e6db4015e8c3819ddad.JPG', 'jpeg', NULL, '2017-01-04 16:23:46', '2017-01-04 16:23:46'),
(7, 2, 'e26a532dc64ceb7e307b1e56e4347b0a3948269c.jpg', 'jpeg', NULL, '2017-01-04 16:24:16', '2017-01-04 16:24:16');

-- --------------------------------------------------------

--
-- Structure de la table `reduc`
--

CREATE TABLE `reduc` (
  `id` int(11) NOT NULL,
  `code` varchar(50) COLLATE utf8_unicode_ci DEFAULT NULL,
  `value` double DEFAULT NULL,
  `nb_max` int(11) DEFAULT NULL,
  `nb_used` int(11) DEFAULT NULL,
  `order_min` int(11) DEFAULT NULL,
  `valide` tinyint(1) DEFAULT NULL,
  `begin_date` datetime DEFAULT NULL,
  `end_date` datetime DEFAULT NULL,
  `created_at` datetime DEFAULT NULL,
  `updated_at` datetime DEFAULT NULL
) ENGINE=InnoDB DEFAULT CHARSET=utf8 COLLATE=utf8_unicode_ci;

--
-- Déchargement des données de la table `reduc`
--

INSERT INTO `reduc` (`id`, `code`, `value`, `nb_max`, `nb_used`, `order_min`, `valide`, `begin_date`, `end_date`, `created_at`, `updated_at`) VALUES
(1, 'Lancement', 10, NULL, NULL, NULL, 1, '2017-12-05 00:00:00', '2017-12-30 00:00:00', '2017-12-05 14:13:12', '2017-12-05 14:13:12'),
(2, 'HELLO2018', 5, NULL, NULL, NULL, 1, '2018-01-04 00:00:00', '2018-02-04 00:00:00', '2018-01-05 03:15:19', '2018-01-05 03:15:19'),
(3, 'LASTSOLDES', 10, NULL, 1, NULL, 1, '2018-01-20 00:00:00', '2018-02-03 00:00:00', '2018-01-22 23:03:23', '2018-01-28 19:46:55'),
(4, 'SANDRA83', 10, NULL, NULL, NULL, 1, '2018-01-24 22:07:54', '2018-02-13 22:07:54', '2018-01-24 22:07:54', '2018-01-24 22:07:54'),
(5, 'CHANTAL98', 10, NULL, NULL, NULL, 1, '2018-01-28 19:46:20', '2018-02-17 19:46:20', '2018-01-28 19:46:20', '2018-01-28 19:46:20'),
(6, 'ADECHIAN102', 10, NULL, NULL, NULL, 1, '2018-02-10 13:06:45', '2018-03-02 13:06:45', '2018-02-10 13:06:45', '2018-02-10 13:06:45'),
(7, 'LOUIS104', 10, NULL, NULL, NULL, 1, '2018-02-15 16:21:55', '2018-03-07 16:21:55', '2018-02-15 16:21:55', '2018-02-15 16:21:55');

-- --------------------------------------------------------

--
-- Structure de la table `reduclog`
--

CREATE TABLE `reduclog` (
  `id` int(11) NOT NULL,
  `code` varchar(50) COLLATE utf8_unicode_ci DEFAULT NULL,
  `reduc_id` int(11) DEFAULT NULL,
  `user_id` int(11) DEFAULT NULL,
  `created_at` datetime DEFAULT NULL,
  `updated_at` datetime DEFAULT NULL
) ENGINE=InnoDB DEFAULT CHARSET=utf8 COLLATE=utf8_unicode_ci;

--
-- Déchargement des données de la table `reduclog`
--

INSERT INTO `reduclog` (`id`, `code`, `reduc_id`, `user_id`, `created_at`, `updated_at`) VALUES
(1, 'LASTSOLDES', 3, 98, '2018-01-28 19:46:55', '2018-01-28 19:46:55');

-- --------------------------------------------------------

--
-- Structure de la table `statpublicite`
--

CREATE TABLE `statpublicite` (
  `id` int(11) NOT NULL,
  `publicite_id` int(11) DEFAULT NULL,
  `vue` int(11) DEFAULT NULL,
  `clic` int(11) DEFAULT NULL,
  `date` datetime DEFAULT NULL,
  `created_at` datetime DEFAULT NULL,
  `updated_at` datetime DEFAULT NULL
) ENGINE=InnoDB DEFAULT CHARSET=utf8 COLLATE=utf8_unicode_ci;

--
-- Déchargement des données de la table `statpublicite`
--

INSERT INTO `statpublicite` (`id`, `publicite_id`, `vue`, `clic`, `date`, `created_at`, `updated_at`) VALUES
(1, 2, 19, 0, '2016-02-10 00:00:00', '2016-02-10 10:24:41', '2016-02-10 22:29:23'),
(3, 2, 23, 0, '2016-02-11 00:00:00', '2016-02-11 06:56:46', '2016-02-11 09:10:28'),
(5, 2, 36, 0, '2016-02-15 00:00:00', '2016-02-15 14:10:04', '2016-02-15 21:51:50'),
(7, 3, 29, 0, '2016-02-15 00:00:00', '2016-02-15 17:20:59', '2016-02-15 21:51:50'),
(8, 2, 42, 0, '2016-02-16 00:00:00', '2016-02-16 06:39:18', '2016-02-16 20:59:45'),
(10, 3, 57, 0, '2016-02-16 00:00:00', '2016-02-16 06:39:19', '2016-02-16 20:59:46'),
(11, 2, 2, 0, '2016-02-17 00:00:00', '2016-02-17 06:38:56', '2016-02-17 13:36:59'),
(13, 3, 2, 0, '2016-02-17 00:00:00', '2016-02-17 06:38:57', '2016-02-17 13:37:00'),
(14, 2, 8, 0, '2016-02-20 00:00:00', '2016-02-20 09:27:05', '2016-02-20 10:23:58'),
(16, 3, 6, 0, '2016-02-20 00:00:00', '2016-02-20 09:27:07', '2016-02-20 10:17:59'),
(17, 2, 6, 0, '2016-02-21 00:00:00', '2016-02-21 07:57:55', '2016-02-21 11:17:44'),
(19, 3, 2, 0, '2016-02-21 00:00:00', '2016-02-21 07:57:56', '2016-02-21 11:16:02'),
(20, 2, 21, 0, '2016-02-22 00:00:00', '2016-02-22 06:11:04', '2016-02-22 09:44:07'),
(22, 3, 13, 0, '2016-02-22 00:00:00', '2016-02-22 06:11:06', '2016-02-22 09:44:09'),
(23, 2, 34, 0, '2016-03-02 00:00:00', '2016-03-02 07:10:08', '2016-03-02 22:27:04'),
(25, 3, 25, 0, '2016-03-02 00:00:00', '2016-03-02 07:10:10', '2016-03-02 22:27:04'),
(26, 2, 9, 0, '2016-03-03 00:00:00', '2016-03-03 09:19:03', '2016-03-03 23:02:54'),
(28, 3, 6, 0, '2016-03-03 00:00:00', '2016-03-03 09:19:04', '2016-03-03 23:02:56'),
(29, 2, 1, 0, '2016-03-04 00:00:00', '2016-03-04 06:42:51', '2016-03-04 06:42:51'),
(31, 3, 1, 0, '2016-03-04 00:00:00', '2016-03-04 06:42:52', '2016-03-04 06:42:52'),
(32, 2, 4, 0, '2016-03-07 00:00:00', '2016-03-07 20:35:30', '2016-03-07 20:48:58'),
(34, 3, 4, 0, '2016-03-07 00:00:00', '2016-03-07 20:35:31', '2016-03-07 20:48:59'),
(35, 2, 1, 0, '2016-03-08 00:00:00', '2016-03-08 08:52:10', '2016-03-08 08:52:10'),
(37, 3, 1, 0, '2016-03-08 00:00:00', '2016-03-08 08:52:10', '2016-03-08 08:52:10'),
(38, 2, 1, 0, '2016-03-12 00:00:00', '2016-03-12 16:32:55', '2016-03-12 16:32:55'),
(40, 3, 1, 0, '2016-03-12 00:00:00', '2016-03-12 16:32:58', '2016-03-12 16:32:58'),
(41, 2, 5, 0, '2016-03-13 00:00:00', '2016-03-13 08:46:42', '2016-03-13 17:37:32'),
(43, 3, 5, 0, '2016-03-13 00:00:00', '2016-03-13 08:46:44', '2016-03-13 17:37:32'),
(44, 2, 20, 0, '2016-03-14 00:00:00', '2016-03-14 08:06:31', '2016-03-14 18:06:02'),
(46, 3, 13, 0, '2016-03-14 00:00:00', '2016-03-14 08:06:32', '2016-03-14 11:15:43'),
(47, 2, 13, 0, '2016-03-15 00:00:00', '2016-03-15 06:39:11', '2016-03-15 15:13:44'),
(49, 3, 12, 0, '2016-03-15 00:00:00', '2016-03-15 06:39:12', '2016-03-15 15:13:44'),
(50, 2, 1, 0, '2016-03-17 00:00:00', '2016-03-17 11:40:10', '2016-03-17 11:40:10'),
(52, 3, 1, 0, '2016-03-17 00:00:00', '2016-03-17 11:40:12', '2016-03-17 11:40:12'),
(53, 2, 8, 0, '2016-03-19 00:00:00', '2016-03-19 09:09:29', '2016-03-19 09:19:37'),
(55, 3, 8, 0, '2016-03-19 00:00:00', '2016-03-19 09:09:32', '2016-03-19 09:19:39'),
(56, 2, 5, 0, '2016-03-21 00:00:00', '2016-03-21 18:15:41', '2016-03-21 18:56:19'),
(58, 3, 2, 0, '2016-03-21 00:00:00', '2016-03-21 18:15:43', '2016-03-21 18:24:29'),
(59, 2, 6, 0, '2016-03-22 00:00:00', '2016-03-22 06:41:36', '2016-03-22 19:39:42'),
(61, 3, 11, 0, '2016-03-22 00:00:00', '2016-03-22 06:41:37', '2016-03-22 19:39:44'),
(62, 2, 1, 0, '2016-03-23 00:00:00', '2016-03-23 08:06:38', '2016-03-23 08:06:38'),
(64, 3, 1, 0, '2016-03-23 00:00:00', '2016-03-23 08:06:39', '2016-03-23 08:06:39'),
(65, 2, 4, 0, '2016-03-27 00:00:00', '2016-03-27 16:27:30', '2016-03-27 18:25:08'),
(67, 3, 2, 0, '2016-03-27 00:00:00', '2016-03-27 16:27:31', '2016-03-27 17:30:38'),
(68, 2, 28, 0, '2016-03-28 00:00:00', '2016-03-28 08:30:46', '2016-03-28 22:51:51'),
(70, 3, 23, 0, '2016-03-28 00:00:00', '2016-03-28 08:30:48', '2016-03-28 22:51:52'),
(71, 2, 8, 0, '2016-03-29 00:00:00', '2016-03-29 06:45:58', '2016-03-29 17:26:38'),
(73, 3, 10, 0, '2016-03-29 00:00:00', '2016-03-29 06:45:58', '2016-03-29 17:26:39'),
(74, 2, 1, 0, '2016-04-01 00:00:00', '2016-04-01 18:34:15', '2016-04-01 18:34:15'),
(76, 3, 1, 0, '2016-04-01 00:00:00', '2016-04-01 18:34:17', '2016-04-01 18:34:17'),
(77, 2, 1, 0, '2016-04-02 00:00:00', '2016-04-02 08:05:21', '2016-04-02 08:05:21'),
(79, 3, 1, 0, '2016-04-02 00:00:00', '2016-04-02 08:05:22', '2016-04-02 08:05:22'),
(80, 2, 3, 0, '2016-04-08 00:00:00', '2016-04-08 16:00:47', '2016-04-08 16:03:26'),
(82, 3, 1, 0, '2016-04-08 00:00:00', '2016-04-08 16:00:48', '2016-04-08 16:00:48'),
(83, 2, 3, 0, '2016-04-09 00:00:00', '2016-04-09 09:49:54', '2016-04-09 10:20:05'),
(85, 3, 1, 0, '2016-04-09 00:00:00', '2016-04-09 09:49:56', '2016-04-09 09:49:56'),
(86, 2, 2, 0, '2016-04-15 00:00:00', '2016-04-15 16:41:39', '2016-04-15 19:19:06'),
(88, 3, 1, 0, '2016-04-15 00:00:00', '2016-04-15 16:41:40', '2016-04-15 16:41:40'),
(89, 2, 4, 0, '2016-04-25 00:00:00', '2016-04-25 17:03:48', '2016-04-25 18:30:09'),
(91, 3, 2, 0, '2016-04-25 00:00:00', '2016-04-25 17:03:49', '2016-04-25 18:30:10'),
(92, 2, 1, 0, '2016-04-26 00:00:00', '2016-04-26 14:51:50', '2016-04-26 14:51:50'),
(94, 3, 5, 0, '2016-04-26 00:00:00', '2016-04-26 14:51:51', '2016-04-26 16:05:11'),
(95, 2, 1, 0, '2016-04-27 00:00:00', '2016-04-27 15:27:06', '2016-04-27 15:27:06'),
(97, 3, 1, 0, '2016-04-27 00:00:00', '2016-04-27 15:27:07', '2016-04-27 15:27:07'),
(98, 2, 1, 0, '2016-04-28 00:00:00', '2016-04-28 17:45:29', '2016-04-28 17:45:29'),
(100, 3, 1, 0, '2016-04-28 00:00:00', '2016-04-28 17:45:30', '2016-04-28 17:45:30'),
(101, 2, 3, 0, '2016-04-29 00:00:00', '2016-04-29 07:23:56', '2016-04-29 17:47:27'),
(103, 3, 3, 0, '2016-04-29 00:00:00', '2016-04-29 07:23:58', '2016-04-29 17:47:29'),
(104, 2, 2, 0, '2016-04-30 00:00:00', '2016-04-30 08:51:07', '2016-04-30 09:30:28'),
(106, 3, 2, 0, '2016-04-30 00:00:00', '2016-04-30 08:51:08', '2016-04-30 09:30:29'),
(107, 2, 1, 0, '2016-05-01 00:00:00', '2016-05-01 12:14:03', '2016-05-01 12:14:03'),
(109, 3, 1, 0, '2016-05-01 00:00:00', '2016-05-01 12:14:07', '2016-05-01 12:14:07'),
(110, 2, 1, 0, '2016-05-03 00:00:00', '2016-05-03 17:27:54', '2016-05-03 17:27:54'),
(112, 3, 1, 0, '2016-05-03 00:00:00', '2016-05-03 17:27:55', '2016-05-03 17:27:55'),
(113, 2, 1, 0, '2016-05-06 00:00:00', '2016-05-06 15:03:36', '2016-05-06 15:03:36'),
(115, 3, 1, 0, '2016-05-06 00:00:00', '2016-05-06 15:03:37', '2016-05-06 15:03:37'),
(116, 2, 1, 0, '2016-05-09 00:00:00', '2016-05-09 14:09:03', '2016-05-09 14:09:03'),
(118, 3, 1, 0, '2016-05-09 00:00:00', '2016-05-09 14:09:06', '2016-05-09 14:09:06'),
(119, 2, 1, 0, '2016-05-10 00:00:00', '2016-05-10 06:52:14', '2016-05-10 06:52:14'),
(121, 3, 1, 0, '2016-05-10 00:00:00', '2016-05-10 06:52:15', '2016-05-10 06:52:15'),
(122, 2, 4, 0, '2016-05-13 00:00:00', '2016-05-13 10:51:42', '2016-05-13 19:01:00'),
(124, 3, 3, 0, '2016-05-13 00:00:00', '2016-05-13 10:51:43', '2016-05-13 14:19:11'),
(125, 2, 1, 0, '2016-05-15 00:00:00', '2016-05-15 11:42:04', '2016-05-15 11:42:04'),
(127, 3, 1, 0, '2016-05-15 00:00:00', '2016-05-15 11:42:04', '2016-05-15 11:42:04'),
(128, 2, 2, 0, '2016-05-17 00:00:00', '2016-05-17 14:05:26', '2016-05-17 15:15:40'),
(130, 3, 2, 0, '2016-05-17 00:00:00', '2016-05-17 14:05:26', '2016-05-17 15:15:40'),
(131, 2, 12, 0, '2016-05-19 00:00:00', '2016-05-19 14:17:45', '2016-05-19 17:50:11'),
(133, 3, 5, 0, '2016-05-19 00:00:00', '2016-05-19 14:17:46', '2016-05-19 17:50:12'),
(134, 2, 2, 0, '2016-05-20 00:00:00', '2016-05-20 08:20:52', '2016-05-20 10:44:29'),
(136, 3, 2, 0, '2016-05-20 00:00:00', '2016-05-20 08:20:53', '2016-05-20 10:44:29'),
(137, 2, 1, 0, '2016-05-22 00:00:00', '2016-05-22 10:12:54', '2016-05-22 10:12:54'),
(139, 3, 1, 0, '2016-05-22 00:00:00', '2016-05-22 10:12:57', '2016-05-22 10:12:57'),
(140, 2, 3, 0, '2016-05-24 00:00:00', '2016-05-24 12:28:02', '2016-05-24 13:27:46'),
(142, 3, 2, 0, '2016-05-24 00:00:00', '2016-05-24 12:28:04', '2016-05-24 13:27:46'),
(143, 2, 1, 0, '2016-05-26 00:00:00', '2016-05-26 18:03:27', '2016-05-26 18:03:27'),
(145, 3, 1, 0, '2016-05-26 00:00:00', '2016-05-26 18:03:28', '2016-05-26 18:03:28'),
(146, 2, 14, 0, '2016-06-01 00:00:00', '2016-06-01 07:36:02', '2016-06-01 08:27:36'),
(148, 3, 14, 0, '2016-06-01 00:00:00', '2016-06-01 07:36:03', '2016-06-01 08:27:36'),
(149, 2, 13, 0, '2016-06-08 00:00:00', '2016-06-08 16:38:36', '2016-06-08 18:17:16'),
(151, 3, 15, 0, '2016-06-08 00:00:00', '2016-06-08 16:38:37', '2016-06-08 18:17:17'),
(152, 2, 21, 0, '2016-06-09 00:00:00', '2016-06-09 09:50:29', '2016-06-09 10:57:48'),
(154, 3, 21, 0, '2016-06-09 00:00:00', '2016-06-09 09:50:32', '2016-06-09 10:57:48'),
(155, 2, 32, 0, '2016-06-15 00:00:00', '2016-06-15 06:58:54', '2016-06-15 10:51:08'),
(157, 3, 32, 0, '2016-06-15 00:00:00', '2016-06-15 06:58:57', '2016-06-15 10:51:08'),
(158, 2, 5, 0, '2016-06-16 00:00:00', '2016-06-16 15:29:38', '2016-06-16 16:09:25'),
(160, 3, 5, 0, '2016-06-16 00:00:00', '2016-06-16 15:29:39', '2016-06-16 16:09:26'),
(161, 2, 2, 0, '2016-06-25 00:00:00', '2016-06-25 16:30:14', '2016-06-25 18:45:16'),
(163, 3, 2, 0, '2016-06-25 00:00:00', '2016-06-25 16:30:15', '2016-06-25 18:45:16'),
(164, 2, 2, 0, '2016-07-15 00:00:00', '2016-07-15 10:08:17', '2016-07-15 10:08:54'),
(166, 3, 2, 0, '2016-07-15 00:00:00', '2016-07-15 10:08:18', '2016-07-15 10:08:55'),
(167, 2, 1, 0, '2016-07-17 00:00:00', '2016-07-17 16:37:57', '2016-07-17 16:37:57'),
(168, 2, 5, 0, '2016-07-21 00:00:00', '2016-07-21 07:46:07', '2016-07-21 09:57:10'),
(170, 3, 1, 0, '2016-07-23 00:00:00', '2016-07-23 11:23:20', '2016-07-23 11:23:20'),
(172, 3, 33, 0, '2016-07-26 00:00:00', '2016-07-26 10:34:27', '2016-07-26 18:48:19'),
(173, 3, 42, 0, '2016-07-27 00:00:00', '2016-07-27 07:51:30', '2016-07-27 19:10:16'),
(174, 3, 4, 0, '2016-07-28 00:00:00', '2016-07-28 07:52:59', '2016-07-28 18:44:07'),
(175, 3, 2, 0, '2016-07-29 00:00:00', '2016-07-29 07:23:57', '2016-07-29 15:22:24'),
(176, 3, 6, 0, '2016-07-30 00:00:00', '2016-07-30 08:05:32', '2016-07-30 14:39:51'),
(177, 3, 2, 0, '2016-07-31 00:00:00', '2016-07-31 14:58:51', '2016-07-31 16:57:41'),
(178, 2, 2, 0, '2016-08-01 00:00:00', '2016-08-01 08:24:40', '2016-08-01 08:25:52'),
(180, 3, 11, 0, '2016-08-02 00:00:00', '2016-08-02 07:57:35', '2016-08-02 15:40:34'),
(181, 3, 39, 0, '2016-08-03 00:00:00', '2016-08-03 07:42:20', '2016-08-03 17:28:44'),
(182, 3, 1, 0, '2016-08-04 00:00:00', '2016-08-04 07:16:30', '2016-08-04 07:16:30'),
(183, 3, 12, 0, '2016-08-05 00:00:00', '2016-08-05 06:53:20', '2016-08-05 15:50:16'),
(185, 2, 3, 0, '2016-08-05 00:00:00', '2016-08-05 15:48:04', '2016-08-05 15:50:16'),
(187, 3, 65, 0, '2016-08-06 00:00:00', '2016-08-06 08:47:21', '2016-08-06 23:39:49'),
(188, 2, 5, 0, '2016-08-06 00:00:00', '2016-08-06 08:50:05', '2016-08-06 22:53:35'),
(189, 3, 25, 0, '2016-08-07 00:00:00', '2016-08-07 01:12:45', '2016-08-07 23:10:46'),
(191, 2, 2, 0, '2016-08-07 00:00:00', '2016-08-07 17:51:15', '2016-08-07 23:10:46'),
(192, 3, 20, 0, '2016-08-08 00:00:00', '2016-08-08 14:02:17', '2016-08-08 19:10:16'),
(194, 3, 11, 0, '2016-08-09 00:00:00', '2016-08-09 18:39:32', '2016-08-09 18:55:36'),
(195, 2, 1, 0, '2016-08-10 00:00:00', '2016-08-10 07:55:37', '2016-08-10 07:55:37'),
(196, 3, 11, 0, '2016-08-10 00:00:00', '2016-08-10 07:55:38', '2016-08-10 23:46:26'),
(198, 3, 12, 0, '2016-08-11 00:00:00', '2016-08-11 12:15:33', '2016-08-11 18:20:13'),
(199, 3, 5, 0, '2016-08-12 00:00:00', '2016-08-12 00:03:05', '2016-08-12 00:06:38'),
(200, 2, 4, 0, '2016-08-12 00:00:00', '2016-08-12 00:04:32', '2016-08-12 00:06:38'),
(201, 3, 3, 0, '2016-08-13 00:00:00', '2016-08-13 00:32:13', '2016-08-13 12:51:53'),
(202, 3, 3, 0, '2016-08-14 00:00:00', '2016-08-14 22:36:27', '2016-08-14 22:37:12'),
(203, 3, 1, 0, '2016-08-19 00:00:00', '2016-08-19 00:43:43', '2016-08-19 00:43:43'),
(204, 3, 5, 0, '2016-08-20 00:00:00', '2016-08-20 12:35:35', '2016-08-20 13:30:01'),
(206, 2, 2, 0, '2016-08-20 00:00:00', '2016-08-20 13:29:33', '2016-08-20 13:30:01'),
(207, 2, 1, 0, '2016-08-21 00:00:00', '2016-08-21 10:13:49', '2016-08-21 10:13:49'),
(208, 3, 3, 0, '2016-08-21 00:00:00', '2016-08-21 10:13:49', '2016-08-21 10:22:26'),
(210, 3, 5, 0, '2016-08-24 00:00:00', '2016-08-24 12:58:03', '2016-08-24 13:00:01'),
(211, 2, 1, 0, '2016-08-24 00:00:00', '2016-08-24 12:59:57', '2016-08-24 12:59:57'),
(213, 3, 6, 0, '2016-08-25 00:00:00', '2016-08-25 17:00:29', '2016-08-25 22:43:54'),
(214, 2, 2, 0, '2016-08-25 00:00:00', '2016-08-25 21:54:43', '2016-08-25 21:54:48'),
(216, 3, 20, 0, '2016-08-26 00:00:00', '2016-08-26 08:04:58', '2016-08-26 18:32:55'),
(217, 2, 1, 0, '2016-08-26 00:00:00', '2016-08-26 11:04:17', '2016-08-26 11:04:17'),
(219, 3, 48, 0, '2016-08-27 00:00:00', '2016-08-27 12:23:36', '2016-08-27 19:49:57'),
(220, 2, 1, 0, '2016-08-27 00:00:00', '2016-08-27 17:34:20', '2016-08-27 17:34:20'),
(221, 3, 14, 0, '2016-08-28 00:00:00', '2016-08-28 00:11:51', '2016-08-28 20:30:36'),
(222, 2, 1, 0, '2016-08-28 00:00:00', '2016-08-28 00:24:44', '2016-08-28 00:24:44'),
(223, 3, 42, 0, '2016-08-29 00:00:00', '2016-08-29 11:14:42', '2016-08-29 19:02:12'),
(224, 3, 10, 0, '2016-08-30 00:00:00', '2016-08-30 01:11:38', '2016-08-30 22:24:40'),
(225, 2, 1, 0, '2016-08-30 00:00:00', '2016-08-30 18:07:37', '2016-08-30 18:07:37'),
(226, 3, 30, 0, '2016-08-31 00:00:00', '2016-08-31 01:05:46', '2016-08-31 23:33:40'),
(228, 2, 7, 0, '2016-08-31 00:00:00', '2016-08-31 14:57:05', '2016-08-31 15:07:19'),
(229, 3, 19, 0, '2016-09-01 00:00:00', '2016-09-01 13:11:35', '2016-09-01 23:05:16'),
(230, 2, 1, 0, '2016-09-01 00:00:00', '2016-09-01 14:47:55', '2016-09-01 14:47:55'),
(231, 3, 13, 0, '2016-09-02 00:00:00', '2016-09-02 11:21:51', '2016-09-02 19:58:46'),
(232, 2, 1, 0, '2016-09-02 00:00:00', '2016-09-02 14:46:21', '2016-09-02 14:46:21'),
(233, 3, 15, 0, '2016-09-03 00:00:00', '2016-09-03 11:31:27', '2016-09-03 15:22:21'),
(235, 3, 3, 0, '2016-09-05 00:00:00', '2016-09-05 12:36:39', '2016-09-05 19:28:02'),
(236, 3, 13, 0, '2016-09-07 00:00:00', '2016-09-07 17:22:55', '2016-09-07 17:24:29'),
(237, 3, 3, 0, '2016-09-08 00:00:00', '2016-09-08 00:59:30', '2016-09-08 01:00:10'),
(239, 3, 14, 0, '2016-09-10 00:00:00', '2016-09-10 00:54:29', '2016-09-10 20:13:06'),
(240, 2, 3, 0, '2016-09-10 00:00:00', '2016-09-10 00:54:29', '2016-09-10 20:12:22'),
(241, 2, 1, 0, '2016-09-11 00:00:00', '2016-09-11 11:40:46', '2016-09-11 11:40:46'),
(242, 3, 8, 0, '2016-09-11 00:00:00', '2016-09-11 11:40:46', '2016-09-11 21:46:50'),
(243, 3, 12, 0, '2016-09-12 00:00:00', '2016-09-12 18:01:07', '2016-09-12 21:01:30'),
(245, 2, 1, 0, '2016-09-12 00:00:00', '2016-09-12 21:00:52', '2016-09-12 21:00:52'),
(246, 3, 12, 0, '2016-09-13 00:00:00', '2016-09-13 09:41:54', '2016-09-13 21:42:23'),
(247, 2, 1, 0, '2016-09-13 00:00:00', '2016-09-13 21:41:40', '2016-09-13 21:41:40'),
(250, 3, 6, 0, '2016-09-14 00:00:00', '2016-09-14 15:08:22', '2016-09-14 21:50:49'),
(251, 2, 1, 0, '2016-09-14 00:00:00', '2016-09-14 21:50:48', '2016-09-14 21:50:48'),
(253, 3, 27, 0, '2016-09-15 00:00:00', '2016-09-15 12:34:27', '2016-09-15 23:47:51'),
(254, 2, 4, 0, '2016-09-15 00:00:00', '2016-09-15 14:52:26', '2016-09-15 23:47:51'),
(255, 3, 201, 0, '2016-09-16 00:00:00', '2016-09-16 10:27:17', '2016-09-16 23:14:05'),
(257, 3, 685, 1, '2016-09-17 00:00:00', '2016-09-17 00:20:40', '2016-09-17 23:41:07'),
(259, 2, 15, 1, '2016-09-17 00:00:00', '2016-09-17 16:25:11', '2016-09-17 23:40:43'),
(260, 3, 103, 0, '2016-09-18 00:00:00', '2016-09-18 02:24:29', '2016-09-18 23:57:40'),
(262, 2, 16, 0, '2016-09-18 00:00:00', '2016-09-18 10:44:01', '2016-09-18 22:57:09'),
(263, 3, 438, 0, '2016-09-19 00:00:00', '2016-09-19 00:02:49', '2016-09-19 19:32:58'),
(264, 2, 10, 1, '2016-09-19 00:00:00', '2016-09-19 12:14:46', '2016-09-19 22:56:27'),
(266, 3, 1213, 3, '2016-10-04 00:00:00', '2016-10-04 12:38:58', '2016-10-04 23:59:49'),
(267, 3, 5061, 1, '2016-10-05 00:00:00', '2016-10-05 00:00:14', '2016-10-05 23:59:45'),
(268, 3, 13311, 1, '2016-10-06 00:00:00', '2016-10-06 00:00:18', '2016-10-06 23:59:59'),
(269, 3, 75289, 0, '2016-10-07 00:00:00', '2016-10-07 00:00:00', '2016-10-07 23:59:59'),
(270, 3, 106167, 2, '2016-10-08 00:00:00', '2016-10-08 00:00:00', '2016-10-08 23:59:53'),
(271, 3, 11906, 1, '2016-10-09 00:00:00', '2016-10-09 00:00:03', '2016-10-09 23:59:55'),
(272, 3, 18148, 1, '2016-10-10 00:00:00', '2016-10-10 00:00:02', '2016-10-10 23:59:58'),
(273, 3, 18289, 0, '2016-10-11 00:00:00', '2016-10-11 00:00:01', '2016-10-11 23:57:28'),
(274, 3, 2756, 1, '2016-10-12 00:00:00', '2016-10-12 00:00:01', '2016-10-12 23:58:48'),
(275, 3, 2868, 0, '2016-10-13 00:00:00', '2016-10-13 00:00:01', '2016-10-13 23:59:31'),
(276, 3, 2808, 0, '2016-10-14 00:00:00', '2016-10-14 00:00:07', '2016-10-14 23:59:32'),
(277, 3, 3583, 0, '2016-10-15 00:00:00', '2016-10-15 00:00:04', '2016-10-15 23:59:31'),
(278, 3, 3369, 0, '2016-10-16 00:00:00', '2016-10-16 00:00:16', '2016-10-16 23:59:55'),
(279, 3, 16455, 1, '2016-10-17 00:00:00', '2016-10-17 00:00:42', '2016-10-17 23:59:57'),
(280, 3, 30349, 0, '2016-10-18 00:00:00', '2016-10-18 00:00:00', '2016-10-18 23:59:54'),
(281, 3, 8263, 0, '2016-10-19 00:00:00', '2016-10-19 00:00:17', '2016-10-19 23:59:55'),
(282, 3, 17591, 1, '2016-10-20 00:00:00', '2016-10-20 00:00:01', '2016-10-20 23:59:58'),
(283, 3, 9015, 1, '2016-10-21 00:00:00', '2016-10-21 00:00:03', '2016-10-21 23:59:56'),
(284, 3, 4118, 0, '2016-10-22 00:00:00', '2016-10-22 00:00:10', '2016-10-22 23:59:28'),
(285, 3, 2595, 5, '2016-10-23 00:00:00', '2016-10-23 00:01:09', '2016-10-23 23:59:40'),
(286, 3, 3622, 3, '2016-10-24 00:00:00', '2016-10-24 00:04:05', '2016-10-24 23:59:34'),
(287, 3, 2305, 0, '2016-10-25 00:00:00', '2016-10-25 00:01:41', '2016-10-25 23:58:12'),
(288, 3, 2606, 1, '2016-10-26 00:00:00', '2016-10-26 00:01:20', '2016-10-26 23:58:49'),
(289, 3, 2355, 0, '2016-10-27 00:00:00', '2016-10-27 00:00:17', '2016-10-27 23:58:47'),
(290, 3, 2430, 0, '2016-10-28 00:00:00', '2016-10-28 00:00:13', '2016-10-28 23:59:00'),
(291, 3, 2573, 1, '2016-10-29 00:00:00', '2016-10-29 00:00:17', '2016-10-29 23:58:09'),
(292, 3, 4436, 1, '2016-10-30 00:00:00', '2016-10-30 00:00:53', '2016-10-30 23:59:28'),
(293, 3, 20097, 1, '2016-10-31 00:00:00', '2016-10-31 00:00:10', '2016-10-31 23:59:57'),
(294, 3, 20811, 0, '2016-11-01 00:00:00', '2016-11-01 00:00:01', '2016-11-01 23:59:41'),
(295, 3, 5138, 0, '2016-11-02 00:00:00', '2016-11-02 00:00:05', '2016-11-02 23:59:48'),
(296, 3, 6354, 1, '2016-11-03 00:00:00', '2016-11-03 00:00:09', '2016-11-03 23:59:59'),
(297, 3, 7366, 0, '2016-11-04 00:00:00', '2016-11-04 00:00:12', '2016-11-04 23:59:57'),
(298, 3, 8440, 1, '2016-11-05 00:00:00', '2016-11-05 00:00:10', '2016-11-06 00:00:00'),
(299, 3, 4279, 1, '2016-11-06 00:00:00', '2016-11-06 00:00:11', '2016-11-06 23:58:30'),
(300, 3, 953, 0, '2016-11-07 00:00:00', '2016-11-07 00:14:16', '2016-11-07 23:54:22'),
(301, 3, 1652, 0, '2016-11-08 00:00:00', '2016-11-08 00:01:17', '2016-11-08 23:59:47'),
(302, 3, 1668, 1, '2016-11-09 00:00:00', '2016-11-09 00:00:36', '2016-11-09 23:57:39'),
(303, 3, 2291, 1, '2016-11-10 00:00:00', '2016-11-10 00:01:38', '2016-11-10 23:58:11'),
(304, 3, 1992, 2, '2016-11-11 00:00:00', '2016-11-11 00:01:32', '2016-11-11 23:54:46'),
(305, 3, 1198, 0, '2016-11-12 00:00:00', '2016-11-12 00:19:34', '2016-11-12 23:59:57'),
(306, 3, 1302, 1, '2016-11-13 00:00:00', '2016-11-13 00:23:00', '2016-11-13 23:55:55'),
(307, 3, 1274, 0, '2016-11-14 00:00:00', '2016-11-14 00:06:05', '2016-11-14 23:58:40'),
(308, 3, 1793, 0, '2016-11-15 00:00:00', '2016-11-15 00:06:19', '2016-11-15 23:59:53'),
(309, 3, 2804, 1, '2016-11-16 00:00:00', '2016-11-16 00:00:05', '2016-11-16 23:59:40'),
(310, 3, 2748, 2, '2016-11-17 00:00:00', '2016-11-17 00:00:09', '2016-11-17 23:56:05'),
(311, 3, 1965, 1, '2016-11-18 00:00:00', '2016-11-18 00:00:34', '2016-11-18 23:56:30'),
(312, 3, 2039, 0, '2016-11-19 00:00:00', '2016-11-19 00:00:18', '2016-11-19 23:59:47'),
(313, 3, 1820, 1, '2016-11-20 00:00:00', '2016-11-20 00:00:00', '2016-11-20 23:55:14'),
(314, 3, 2412, 2, '2016-11-21 00:00:00', '2016-11-21 00:00:18', '2016-11-21 23:58:35'),
(315, 3, 1273, 2, '2016-11-22 00:00:00', '2016-11-22 00:01:23', '2016-11-22 23:58:40'),
(316, 3, 645, 1, '2016-11-23 00:00:00', '2016-11-23 00:02:23', '2016-11-23 23:59:32'),
(317, 3, 575, 0, '2016-11-24 00:00:00', '2016-11-24 00:00:17', '2016-11-24 23:54:00'),
(318, 3, 869, 0, '2016-11-25 00:00:00', '2016-11-25 00:09:13', '2016-11-25 23:58:13'),
(319, 3, 739, 0, '2016-11-26 00:00:00', '2016-11-26 00:00:21', '2016-11-26 23:54:48'),
(320, 3, 1139, 0, '2016-11-27 00:00:00', '2016-11-27 00:04:59', '2016-11-27 23:57:44'),
(321, 3, 1779, 2, '2016-11-28 00:00:00', '2016-11-28 00:02:34', '2016-11-28 23:59:57'),
(322, 3, 1924, 0, '2016-11-29 00:00:00', '2016-11-29 00:00:24', '2016-11-29 23:59:20'),
(323, 3, 1973, 0, '2016-11-30 00:00:00', '2016-11-30 00:01:17', '2016-11-30 23:59:30'),
(324, 3, 2122, 1, '2016-12-01 00:00:00', '2016-12-01 00:01:43', '2016-12-01 23:59:53'),
(325, 3, 2578, 0, '2016-12-02 00:00:00', '2016-12-02 00:00:51', '2016-12-02 23:59:58'),
(326, 3, 2844, 1, '2016-12-03 00:00:00', '2016-12-03 00:00:13', '2016-12-03 23:59:01'),
(327, 3, 2157, 0, '2016-12-04 00:00:00', '2016-12-04 00:01:39', '2016-12-04 23:59:53'),
(328, 3, 2223, 0, '2016-12-05 00:00:00', '2016-12-05 00:00:06', '2016-12-05 23:57:53'),
(329, 3, 2105, 0, '2016-12-06 00:00:00', '2016-12-06 00:08:56', '2016-12-06 23:59:54'),
(330, 3, 1789, 0, '2016-12-07 00:00:00', '2016-12-07 00:00:05', '2016-12-07 23:53:13'),
(331, 3, 1141, 1, '2016-12-08 00:00:00', '2016-12-08 00:01:23', '2016-12-08 23:56:11'),
(332, 3, 1006, 1, '2016-12-09 00:00:00', '2016-12-09 00:00:35', '2016-12-09 23:56:20'),
(333, 3, 3440, 1, '2016-12-10 00:00:00', '2016-12-10 00:00:07', '2016-12-10 23:36:13'),
(334, 3, 5166, 0, '2016-12-11 00:00:00', '2016-12-11 00:00:16', '2016-12-11 23:56:46'),
(335, 3, 4727, 0, '2016-12-12 00:00:00', '2016-12-12 00:20:14', '2016-12-12 23:58:20'),
(336, 3, 1071, 2, '2016-12-13 00:00:00', '2016-12-13 00:02:06', '2016-12-13 23:49:41'),
(337, 3, 559, 1, '2016-12-14 00:00:00', '2016-12-14 00:32:13', '2016-12-14 23:48:15'),
(338, 3, 380, 1, '2016-12-15 00:00:00', '2016-12-15 00:02:52', '2016-12-15 23:57:28'),
(339, 3, 653, 0, '2016-12-16 00:00:00', '2016-12-16 00:13:36', '2016-12-16 17:03:13'),
(340, 3, 5, 0, '2017-01-03 00:00:00', '2017-01-03 15:16:21', '2017-01-03 16:57:23'),
(341, 3, 14, 0, '2017-01-04 00:00:00', '2017-01-04 11:01:25', '2017-01-04 17:18:40'),
(342, 3, 49, 0, '2017-01-11 00:00:00', '2017-01-11 08:36:51', '2017-01-11 16:12:45'),
(343, 2, 1, 0, '2017-01-11 00:00:00', '2017-01-11 16:12:45', '2017-01-11 16:12:45'),
(344, 3, 8, 1, '2017-01-13 00:00:00', '2017-01-13 07:44:53', '2017-01-13 12:12:07'),
(345, 2, 1, 0, '2017-01-13 00:00:00', '2017-01-13 10:03:50', '2017-01-13 10:03:50'),
(346, 3, 2, 0, '2017-01-14 00:00:00', '2017-01-14 15:02:26', '2017-01-14 15:02:41'),
(347, 3, 2, 0, '2017-01-15 00:00:00', '2017-01-15 10:58:34', '2017-01-15 11:20:48'),
(348, 3, 2, 0, '2017-01-21 00:00:00', '2017-01-21 11:10:44', '2017-01-21 11:11:28'),
(349, 3, 5, 0, '2017-01-30 00:00:00', '2017-01-30 17:00:59', '2017-01-30 17:07:21'),
(350, 3, 5, 0, '2017-02-27 00:00:00', '2017-02-27 17:35:28', '2017-02-27 17:44:40'),
(351, 2, 1, 0, '2017-03-01 00:00:00', '2017-03-01 21:28:41', '2017-03-01 21:28:41'),
(352, 3, 1, 0, '2017-03-01 00:00:00', '2017-03-01 21:28:41', '2017-03-01 21:28:41'),
(353, 3, 1, 0, '2017-03-03 00:00:00', '2017-03-03 19:26:54', '2017-03-03 19:26:54'),
(354, 3, 2, 0, '2017-03-04 00:00:00', '2017-03-04 08:58:01', '2017-03-04 09:03:00'),
(355, 3, 7, 0, '2017-03-06 00:00:00', '2017-03-06 16:15:11', '2017-03-06 22:01:33'),
(356, 3, 43, 0, '2017-03-07 00:00:00', '2017-03-07 04:00:38', '2017-03-07 23:04:27'),
(357, 2, 9, 0, '2017-03-07 00:00:00', '2017-03-07 07:13:58', '2017-03-07 19:06:56'),
(358, 3, 19, 0, '2017-03-08 00:00:00', '2017-03-08 09:20:38', '2017-03-08 23:00:45'),
(359, 2, 2, 0, '2017-03-08 00:00:00', '2017-03-08 14:00:47', '2017-03-08 14:15:33'),
(360, 3, 5, 0, '2017-03-09 00:00:00', '2017-03-09 06:41:21', '2017-03-09 06:43:06'),
(361, 2, 2, 0, '2017-03-09 00:00:00', '2017-03-09 06:42:03', '2017-03-09 06:43:06'),
(362, 3, 4, 0, '2017-03-11 00:00:00', '2017-03-11 23:32:39', '2017-03-11 23:33:18'),
(363, 3, 22, 0, '2017-03-12 00:00:00', '2017-03-12 13:40:29', '2017-03-12 20:28:34'),
(364, 2, 1, 0, '2017-03-12 00:00:00', '2017-03-12 17:21:03', '2017-03-12 17:21:03'),
(365, 3, 28, 0, '2017-03-13 00:00:00', '2017-03-13 00:04:42', '2017-03-13 21:20:33'),
(366, 3, 2, 0, '2017-03-14 00:00:00', '2017-03-14 16:54:22', '2017-03-14 21:10:27'),
(367, 3, 2, 0, '2017-03-15 00:00:00', '2017-03-15 13:14:25', '2017-03-15 13:14:25'),
(368, 2, 3, 0, '2017-03-27 00:00:00', '2017-03-27 17:45:44', '2017-03-27 22:42:42'),
(369, 3, 37, 0, '2017-03-27 00:00:00', '2017-03-27 17:45:44', '2017-03-27 23:52:57'),
(370, 3, 11, 0, '2017-03-28 00:00:00', '2017-03-28 22:56:57', '2017-03-28 23:52:10'),
(371, 3, 4, 0, '2017-03-29 00:00:00', '2017-03-29 13:53:56', '2017-03-29 13:54:31'),
(372, 3, 38, 2, '2017-03-30 00:00:00', '2017-03-30 18:27:35', '2017-03-30 22:08:17'),
(373, 2, 1, 0, '2017-03-30 00:00:00', '2017-03-30 18:37:15', '2017-03-30 18:37:15'),
(374, 3, 28, 0, '2017-03-31 00:00:00', '2017-03-31 07:36:33', '2017-03-31 15:02:03'),
(375, 3, 24, 0, '2017-04-03 00:00:00', '2017-04-03 18:21:48', '2017-04-03 20:47:40'),
(376, 3, 4, 0, '2017-04-04 00:00:00', '2017-04-04 19:39:42', '2017-04-04 19:41:28'),
(377, 3, 23, 0, '2017-04-05 00:00:00', '2017-04-05 19:51:14', '2017-04-05 23:19:41'),
(378, 3, 2, 0, '2017-04-11 00:00:00', '2017-04-11 00:05:02', '2017-04-11 21:44:14'),
(379, 3, 5, 0, '2017-04-14 00:00:00', '2017-04-14 14:03:10', '2017-04-14 15:04:35'),
(380, 3, 1, 0, '2017-04-15 00:00:00', '2017-04-15 19:26:34', '2017-04-15 19:26:34'),
(381, 3, 4, 0, '2017-04-17 00:00:00', '2017-04-17 12:05:44', '2017-04-17 20:38:10'),
(382, 2, 1, 0, '2017-04-17 00:00:00', '2017-04-17 20:38:10', '2017-04-17 20:38:10'),
(383, 3, 1, 0, '2017-04-19 00:00:00', '2017-04-19 18:26:11', '2017-04-19 18:26:11'),
(384, 2, 9, 0, '2017-04-20 00:00:00', '2017-04-20 17:56:24', '2017-04-20 21:26:27'),
(385, 3, 9, 0, '2017-04-20 00:00:00', '2017-04-20 17:56:24', '2017-04-20 21:26:27'),
(386, 2, 12, 0, '2017-04-23 00:00:00', '2017-04-23 15:37:39', '2017-04-23 22:06:57'),
(387, 3, 13, 0, '2017-04-23 00:00:00', '2017-04-23 15:37:40', '2017-04-23 22:06:57'),
(388, 3, 13, 0, '2017-04-25 00:00:00', '2017-04-25 17:00:32', '2017-04-25 19:10:51'),
(389, 3, 2, 0, '2017-04-26 00:00:00', '2017-04-26 12:07:00', '2017-04-26 12:10:25'),
(390, 3, 5, 0, '2017-04-27 00:00:00', '2017-04-27 11:44:13', '2017-04-27 21:44:11'),
(391, 2, 3, 0, '2017-04-28 00:00:00', '2017-04-28 14:17:50', '2017-04-28 14:19:12'),
(392, 3, 3, 0, '2017-04-28 00:00:00', '2017-04-28 14:17:50', '2017-04-28 14:19:13'),
(393, 2, 11, 0, '2017-05-01 00:00:00', '2017-05-01 12:05:13', '2017-05-01 18:33:58'),
(394, 3, 27, 0, '2017-05-01 00:00:00', '2017-05-01 12:05:13', '2017-05-01 20:06:05'),
(395, 2, 1, 0, '2017-05-02 00:00:00', '2017-05-02 18:30:19', '2017-05-02 18:30:19'),
(396, 3, 1, 0, '2017-05-02 00:00:00', '2017-05-02 18:30:19', '2017-05-02 18:30:19');

-- --------------------------------------------------------

--
-- Structure de la table `statuser`
--

CREATE TABLE `statuser` (
  `id` int(11) NOT NULL,
  `user_id` int(11) DEFAULT NULL,
  `vue` int(11) DEFAULT NULL,
  `contact` int(11) DEFAULT NULL,
  `date` datetime DEFAULT NULL,
  `created_at` datetime DEFAULT NULL,
  `updated_at` datetime DEFAULT NULL
) ENGINE=InnoDB DEFAULT CHARSET=utf8 COLLATE=utf8_unicode_ci;

--
-- Déchargement des données de la table `statuser`
--

INSERT INTO `statuser` (`id`, `user_id`, `vue`, `contact`, `date`, `created_at`, `updated_at`) VALUES
(69, 68, 2, 0, '2017-11-22 00:00:00', '2017-11-22 23:46:30', '2017-11-22 23:46:57'),
(70, 82, 3, 0, '2017-12-05 00:00:00', '2017-12-05 21:28:15', '2017-12-05 21:44:25'),
(71, 77, 2, 0, '2017-12-09 00:00:00', '2017-12-09 18:43:55', '2017-12-09 18:44:47'),
(72, 78, 1, 0, '2017-12-09 00:00:00', '2017-12-09 18:48:22', '2017-12-09 18:48:22'),
(73, 76, 1, 0, '2017-12-09 00:00:00', '2017-12-09 18:51:02', '2017-12-09 18:51:02'),
(74, 76, 1, 0, '2017-12-11 00:00:00', '2017-12-11 13:20:46', '2017-12-11 13:20:46'),
(75, 78, 1, 0, '2017-12-11 00:00:00', '2017-12-11 13:21:39', '2017-12-11 13:21:39'),
(76, 77, 1, 0, '2017-12-11 00:00:00', '2017-12-11 13:22:01', '2017-12-11 13:22:01'),
(77, 64, 1, 0, '2017-12-11 00:00:00', '2017-12-11 13:22:27', '2017-12-11 13:22:27'),
(78, 82, 1, 0, '2017-12-11 00:00:00', '2017-12-11 13:23:11', '2017-12-11 13:23:11'),
(79, 77, 1, 0, '2017-12-12 00:00:00', '2017-12-12 14:40:45', '2017-12-12 14:40:45'),
(80, 76, 1, 0, '2017-12-12 00:00:00', '2017-12-12 14:41:23', '2017-12-12 14:41:23'),
(81, 82, 1, 0, '2017-12-12 00:00:00', '2017-12-12 14:42:00', '2017-12-12 14:42:00'),
(82, 76, 1, 0, '2017-12-13 00:00:00', '2017-12-13 23:10:07', '2017-12-13 23:10:07'),
(83, 65, 1, 0, '2017-12-13 00:00:00', '2017-12-13 23:11:28', '2017-12-13 23:11:28'),
(84, 78, 1, 0, '2017-12-13 00:00:00', '2017-12-13 23:11:54', '2017-12-13 23:11:54'),
(85, 80, 2, 0, '2017-12-18 00:00:00', '2017-12-18 14:18:35', '2017-12-18 14:19:03'),
(86, 63, 1, 0, '2017-12-19 00:00:00', '2017-12-19 12:59:53', '2017-12-19 12:59:53'),
(87, 81, 3, 0, '2017-12-21 00:00:00', '2017-12-21 19:51:26', '2017-12-21 23:00:39'),
(88, 66, 1, 0, '2017-12-21 00:00:00', '2017-12-21 22:52:26', '2017-12-21 22:52:26'),
(89, 82, 1, 0, '2017-12-21 00:00:00', '2017-12-21 22:52:31', '2017-12-21 22:52:31'),
(90, 85, 2, 0, '2017-12-21 00:00:00', '2017-12-21 22:53:06', '2017-12-21 22:58:39'),
(91, 84, 1, 0, '2017-12-21 00:00:00', '2017-12-21 22:58:34', '2017-12-21 22:58:34'),
(92, 85, 1, 0, '2018-01-04 00:00:00', '2018-01-04 13:20:38', '2018-01-04 13:20:38'),
(93, 79, 1, 0, '2018-01-08 00:00:00', '2018-01-08 15:19:07', '2018-01-08 15:19:07'),
(94, 85, 1, 0, '2018-01-08 00:00:00', '2018-01-08 15:19:40', '2018-01-08 15:19:40'),
(95, 65, 6, 0, '2018-01-08 00:00:00', '2018-01-08 20:17:05', '2018-01-08 22:05:53'),
(96, 63, 2, 0, '2018-01-08 00:00:00', '2018-01-08 20:17:29', '2018-01-08 21:13:19'),
(97, 62, 1, 0, '2018-01-08 00:00:00', '2018-01-08 20:19:53', '2018-01-08 20:19:53'),
(98, 78, 2, 0, '2018-01-08 00:00:00', '2018-01-08 21:05:07', '2018-01-08 21:07:54'),
(99, 76, 1, 0, '2018-01-08 00:00:00', '2018-01-08 21:08:51', '2018-01-08 21:08:51'),
(100, 78, 1, 0, '2018-01-11 00:00:00', '2018-01-11 18:37:21', '2018-01-11 18:37:21'),
(101, 77, 1, 0, '2018-01-11 00:00:00', '2018-01-11 18:39:50', '2018-01-11 18:39:50'),
(102, 76, 1, 0, '2018-01-11 00:00:00', '2018-01-11 18:40:18', '2018-01-11 18:40:18'),
(103, 67, 1, 0, '2018-01-11 00:00:00', '2018-01-11 18:41:06', '2018-01-11 18:41:06'),
(104, 62, 1, 0, '2018-01-11 00:00:00', '2018-01-11 18:41:44', '2018-01-11 18:41:44'),
(105, 80, 1, 0, '2018-01-17 00:00:00', '2018-01-17 10:00:04', '2018-01-17 10:00:04'),
(106, 80, 1, 0, '2018-01-18 00:00:00', '2018-01-18 23:08:27', '2018-01-18 23:08:27'),
(107, 65, 4, 0, '2018-01-19 00:00:00', '2018-01-19 21:53:01', '2018-01-19 22:04:47'),
(108, 64, 2, 0, '2018-01-19 00:00:00', '2018-01-19 21:53:35', '2018-01-19 21:58:54'),
(109, 62, 1, 0, '2018-01-19 00:00:00', '2018-01-19 21:59:01', '2018-01-19 21:59:01'),
(110, 68, 1, 0, '2018-01-19 00:00:00', '2018-01-19 22:02:00', '2018-01-19 22:02:00'),
(111, 76, 1, 0, '2018-01-19 00:00:00', '2018-01-19 22:03:18', '2018-01-19 22:03:18'),
(112, 67, 2, 0, '2018-01-22 00:00:00', '2018-01-22 21:07:50', '2018-01-22 21:19:57'),
(113, 78, 1, 0, '2018-01-22 00:00:00', '2018-01-22 21:20:13', '2018-01-22 21:20:13'),
(114, 63, 2, 0, '2018-01-23 00:00:00', '2018-01-23 11:06:18', '2018-01-23 12:26:47'),
(115, 76, 3, 0, '2018-01-23 00:00:00', '2018-01-23 11:06:51', '2018-01-23 11:52:05'),
(116, 78, 2, 0, '2018-01-23 00:00:00', '2018-01-23 11:07:54', '2018-01-23 11:15:22'),
(117, 77, 1, 0, '2018-01-23 00:00:00', '2018-01-23 11:12:05', '2018-01-23 11:12:05'),
(118, 64, 2, 0, '2018-01-23 00:00:00', '2018-01-23 11:59:39', '2018-01-23 12:22:39'),
(119, 67, 1, 0, '2018-01-23 00:00:00', '2018-01-23 12:35:22', '2018-01-23 12:35:22'),
(120, 62, 1, 0, '2018-01-23 00:00:00', '2018-01-23 12:36:53', '2018-01-23 12:36:53'),
(121, 85, 3, 1, '2018-01-24 00:00:00', '2018-01-24 21:59:57', '2018-01-24 22:07:54'),
(122, 81, 1, 0, '2018-01-24 00:00:00', '2018-01-24 22:04:27', '2018-01-24 22:04:27'),
(123, 66, 2, 0, '2018-01-28 00:00:00', '2018-01-28 00:32:32', '2018-01-28 18:40:45'),
(124, 62, 1, 0, '2018-01-28 00:00:00', '2018-01-28 00:35:03', '2018-01-28 00:35:03'),
(125, 82, 2, 0, '2018-01-28 00:00:00', '2018-01-28 00:37:48', '2018-01-28 00:40:01'),
(126, 81, 1, 0, '2018-01-28 00:00:00', '2018-01-28 00:38:49', '2018-01-28 00:38:49'),
(127, 85, 2, 0, '2018-01-28 00:00:00', '2018-01-28 00:40:15', '2018-01-28 18:52:28'),
(128, 77, 1, 0, '2018-01-28 00:00:00', '2018-01-28 00:42:58', '2018-01-28 00:42:58'),
(129, 80, 1, 0, '2018-01-28 00:00:00', '2018-01-28 00:44:11', '2018-01-28 00:44:11'),
(130, 93, 1, 0, '2018-01-28 00:00:00', '2018-01-28 18:40:06', '2018-01-28 18:40:06'),
(131, 99, 2, 2, '2018-01-28 00:00:00', '2018-01-28 19:43:47', '2018-01-28 19:46:55'),
(132, 80, 1, 0, '2018-02-06 00:00:00', '2018-02-06 19:26:02', '2018-02-06 19:26:02'),
(133, 85, 2, 0, '2018-02-09 00:00:00', '2018-02-09 13:09:41', '2018-02-09 13:11:08'),
(134, 81, 3, 2, '2018-02-10 00:00:00', '2018-02-10 13:04:50', '2018-02-10 13:24:07'),
(135, 76, 1, 0, '2018-02-10 00:00:00', '2018-02-10 18:41:45', '2018-02-10 18:41:45'),
(136, 78, 1, 0, '2018-02-10 00:00:00', '2018-02-10 18:42:28', '2018-02-10 18:42:28'),
(137, 65, 1, 0, '2018-02-10 00:00:00', '2018-02-10 18:42:52', '2018-02-10 18:42:52'),
(138, 80, 4, 0, '2018-02-14 00:00:00', '2018-02-14 17:11:33', '2018-02-14 18:28:28'),
(139, 99, 1, 0, '2018-02-14 00:00:00', '2018-02-14 18:26:56', '2018-02-14 18:26:56'),
(140, 93, 1, 0, '2018-02-14 00:00:00', '2018-02-14 18:28:17', '2018-02-14 18:28:17'),
(141, 79, 1, 0, '2018-02-14 00:00:00', '2018-02-14 18:28:59', '2018-02-14 18:28:59'),
(142, 78, 4, 1, '2018-02-14 00:00:00', '2018-02-14 18:32:58', '2018-02-14 18:42:36'),
(143, 82, 1, 0, '2018-02-14 00:00:00', '2018-02-14 19:17:11', '2018-02-14 19:17:11'),
(144, 77, 4, 1, '2018-02-15 00:00:00', '2018-02-15 16:20:14', '2018-02-15 16:21:55'),
(145, 81, 1, 0, '2018-02-15 00:00:00', '2018-02-15 17:19:52', '2018-02-15 17:19:52'),
(146, 80, 1, 0, '2018-02-15 00:00:00', '2018-02-15 18:48:59', '2018-02-15 18:48:59'),
(147, 85, 2, 2, '2018-02-19 00:00:00', '2018-02-19 14:38:51', '2018-02-19 15:38:46'),
(148, 66, 1, 0, '2018-02-20 00:00:00', '2018-02-20 15:06:17', '2018-02-20 15:06:17'),
(149, 80, 2, 0, '2018-02-23 00:00:00', '2018-02-23 14:19:33', '2018-02-23 14:20:57'),
(150, 93, 1, 0, '2018-02-23 00:00:00', '2018-02-23 14:20:35', '2018-02-23 14:20:35');

-- --------------------------------------------------------

--
-- Structure de la table `typecontent`
--

CREATE TABLE `typecontent` (
  `id` int(11) NOT NULL,
  `label` varchar(200) COLLATE utf8_unicode_ci NOT NULL,
  `created_at` datetime DEFAULT NULL,
  `updated_at` datetime DEFAULT NULL
) ENGINE=InnoDB DEFAULT CHARSET=utf8 COLLATE=utf8_unicode_ci;

--
-- Déchargement des données de la table `typecontent`
--

INSERT INTO `typecontent` (`id`, `label`, `created_at`, `updated_at`) VALUES
(1, 'Autre', '2014-10-31 23:34:46', '2016-07-17 15:32:30');

-- --------------------------------------------------------

--
-- Structure de la table `user`
--

CREATE TABLE `user` (
  `id` int(11) NOT NULL,
  `password` varchar(40) COLLATE utf8_unicode_ci DEFAULT NULL,
  `email` varchar(70) COLLATE utf8_unicode_ci NOT NULL,
  `first_name` varchar(50) COLLATE utf8_unicode_ci NOT NULL,
  `last_name` varchar(50) COLLATE utf8_unicode_ci NOT NULL,
  `postal_code` varchar(10) COLLATE utf8_unicode_ci DEFAULT NULL,
  `city` varchar(50) COLLATE utf8_unicode_ci DEFAULT NULL,
  `phone` varchar(20) COLLATE utf8_unicode_ci DEFAULT NULL,
  `mobile` varchar(20) COLLATE utf8_unicode_ci DEFAULT NULL,
  `newsletter` tinyint(1) DEFAULT NULL,
  `cgu` tinyint(1) DEFAULT NULL,
  `validate` int(11) DEFAULT NULL,
  `created_at` datetime DEFAULT NULL,
  `updated_at` datetime DEFAULT NULL,
  `image_id` int(11) DEFAULT NULL,
  `description` longtext COLLATE utf8_unicode_ci,
  `facebook_id` varchar(40) COLLATE utf8_unicode_ci DEFAULT NULL,
  `type` int(11) DEFAULT NULL,
  `lat` double DEFAULT NULL,
  `lng` double DEFAULT NULL,
  `vues` int(11) DEFAULT NULL,
  `contacts` int(11) DEFAULT NULL,
  `ip_address` varchar(15) COLLATE utf8_unicode_ci DEFAULT NULL,
  `entreprise` varchar(100) COLLATE utf8_unicode_ci DEFAULT NULL,
  `charte` tinyint(1) DEFAULT NULL,
  `siren` varchar(100) COLLATE utf8_unicode_ci DEFAULT NULL,
  `note` int(11) DEFAULT NULL,
  `nb_note` int(11) DEFAULT NULL,
  `address_1` varchar(100) COLLATE utf8_unicode_ci DEFAULT NULL,
  `address_2` varchar(100) COLLATE utf8_unicode_ci DEFAULT NULL,
  `mangoId` int(11) DEFAULT NULL,
  `genre` int(11) DEFAULT NULL,
  `statut` int(11) DEFAULT NULL,
  `iban` varchar(100) COLLATE utf8_unicode_ci DEFAULT NULL,
  `image_cheveux_id` int(11) DEFAULT NULL,
  `image_peau_id` int(11) DEFAULT NULL,
  `distance` int(11) DEFAULT NULL,
  `metiers` varchar(100) COLLATE utf8_unicode_ci DEFAULT NULL
) ENGINE=InnoDB DEFAULT CHARSET=utf8 COLLATE=utf8_unicode_ci;

--
-- Déchargement des données de la table `user`
--

INSERT INTO `user` (`id`, `password`, `email`, `first_name`, `last_name`, `postal_code`, `city`, `phone`, `mobile`, `newsletter`, `cgu`, `validate`, `created_at`, `updated_at`, `image_id`, `description`, `facebook_id`, `type`, `lat`, `lng`, `vues`, `contacts`, `ip_address`, `entreprise`, `charte`, `siren`, `note`, `nb_note`, `address_1`, `address_2`, `mangoId`, `genre`, `statut`, `iban`, `image_cheveux_id`, `image_peau_id`, `distance`, `metiers`) VALUES
(62, 'c81bda7d273525b81b4f4842546a33cd', 'valeria.stc@hotmail.com', 'STECHENKO', 'Valéria', '75008', 'Paris', '0000000000', '0623185155', 1, 1, 1, '2017-10-08 23:35:07', '2018-01-28 00:35:03', 179, 'Maquilleuse professionnelle, j\'aime sublimer la beauté naturelle de la femme avec subtilité et élégance.', NULL, 2, 48.85661400000001, 2.3522219000000177, 5, 0, NULL, 'Valéria Stechenko', 1, '83008005700011', NULL, NULL, '11 rue Andrieux', NULL, 246923853, 1, 1, 'FR76 3000 3040 5400 0501 3842 755', 180, 181, 15, '3'),
(63, '483576e416b31ec2f54bb148f53e2c4f', 'coralie.cp@orange.fr', 'Poumaredes', 'Coralie', '78180', 'Montigny-Le-Bretonneux', '0678114944', '0678114944', 1, 1, 1, '2017-10-20 23:11:02', '2018-01-23 12:45:22', 182, 'Maquilleuse professionnelle depuis 8 ans.\r\nFormée par l\'Atelier International de Maquillage et par la Make Up For Ever Academy.\r\nJe pratique les extensions de cils Misencil à domicile, formée au siège à Boulogne.', NULL, 2, 48.85661400000001, 2.3522219000000177, 5, 0, NULL, 'Liliimakeup', 1, '75001660200021', NULL, NULL, NULL, NULL, 246923831, 1, 1, 'FR7616218000014010026373121', 183, 184, 50, '3'),
(64, '25f0fd2db0e0105c8473a707da3c3c06', 'diane-martin@hotmail.fr', 'Martin', 'Diane', '94230', 'Cachan', '0000000000', '0668367100', 1, 1, 1, '2017-10-20 23:26:06', '2018-01-23 21:20:14', 185, 'Make up artist & Hairstylit professionnel sur Paris et sa région', NULL, 2, 48.85661400000001, 2.3522219000000177, 5, 0, NULL, 'Diane Martin', 1, '82018659100013', NULL, NULL, NULL, NULL, 246923808, 1, 1, 'FR7640618802810004005386017', 186, 187, NULL, '3'),
(65, '82fc4887e5488385571c1bd080f07414', 'eloise.martin@orange.fr', 'Eloise', 'Eloise', '94500', 'Champigny-sur-marne', '0630723083', '0630723083', 1, 1, 1, '2017-10-20 23:32:37', '2018-02-10 18:42:52', 188, 'Maquilleuse artistique et passionnée de mon métier,je suis diplômée de l\'école ITM à Paris et détiens également un premier prix pour le concours de fin d\'année.je possède un diplôme en esthétique et cosmétique.j\'adore le contact avec mes clients.j\'ai toujours eu de bons retours.ma priorité est de répondre aux attentes de mes clients.\r\nJe peux me déplacer dans Paris sans aucun soucis et dans la région parisienne. Je ne suis pas véhiculée.\r\nAu plaisir de vous retrouver.', NULL, 2, 48.8082841, 2.538517200000001, 12, 0, NULL, 'Elo-Make-Up', 1, '7977143590016', NULL, NULL, '2,avenue du 11novembre 1918', NULL, 246923781, 1, 1, 'FR7630066101120002016640181', 189, 190, 15, '3'),
(66, '620ddb9b715a214b50098e4a922c6933', 'esteticalatina78@gmail.com', 'DONTENVILLE', 'Maria-Elena', '92110', 'Clichy', '0629684535', '0629684535', 1, 1, 1, '2017-10-20 23:40:14', '2018-02-20 15:06:17', 191, 'Mon prénom est Maria Elena, je suis passionnée par le domaine de l\'esthétique. Je souhaite mettre à la disposition de ma clientèle, tout mon savoir faire. C\'est avec grand plaisir que je vous prodiguerais mes massages, mes soins du visage et du corps, les épilations, et que j\'illuminerais votre regard (cils& sourcils).', NULL, 2, 48.9008736, 2.304388900000049, 4, 0, NULL, 'Estetica Latina', 1, '80201873900028', NULL, NULL, '2 rue Victor Meric', 'Appartement 41A', 246923761, 1, 1, NULL, 192, 193, 10, '6'),
(67, '5f91c39d27d35e3c60e77fb8262fa398', 'tifany.deoliveira77@gmail.com', 'De Oliveira', 'Tifany', '77330', 'Ozoir-La-Ferrière', '0000000000', '0625016245', 1, 1, 1, '2017-10-20 23:46:26', '2018-01-23 21:26:24', 194, 'Étant maquilleuse professionnelle, c\'est avec plaisir que je mettrai mes compétences à votre disposition pour révéler votre beauté naturelle :) \r\nMaquillage naturel ou sophistiqué, maquillage de jour ou de soirée, occasion spéciale, mariage.. ou encore effets spéciaux et maquillage artistique, pour toutes vos soirées déguisées, halloween etc.. BREF toutes les occasions sont bonnes pour être au top !! N\'hésitez pas à faire appel à moi.\r\nTifany', NULL, 2, 48.87854189999999, 2.3642198000000008, 4, 0, NULL, 'Tifany De Oliveira', 1, '82934989000016', NULL, NULL, NULL, NULL, 246923739, 1, 1, 'FR7612579007000402186290468', 195, 196, NULL, '3'),
(68, 'b1bc772106c631b37e0d308a88c4d167', 'mariellecourtin@gmail.com', 'Courtin', 'Marielle', '06000', 'Nice', '0000000000', '0660770550', 1, 1, 1, '2017-10-20 23:52:41', '2018-01-23 20:45:13', 197, 'Passionnée par ce métier qui transforme, sublime et met en valeur la beauté et la personnalité d\' un visage.\r\nMaquilleuse professionnelle, basée à Nice et diplômée par la Make up for ever Academy,  je me déplace en région Parisienne et  Paca selon les prestations.\r\nhttps://mariellecourtinmua.book.fr/', NULL, 2, 52.98056423474979, 7.08891853203113, 3, 0, NULL, 'Marielle Courtin', 1, '82521383800014', NULL, NULL, '8, Avenue Notre-Dame', NULL, 246923712, 1, 1, 'FR7630003022200005042474789', 198, 199, 100, '3'),
(76, '1119e9a49086f33c5346539309fcf85b', 'emy.li.makeupartist@gmail.com', 'Li', 'Emy', '93', 'Montreuil', '0000000000', '0778118986', 0, 1, 1, '2017-12-04 20:23:06', '2018-02-10 18:41:45', 221, 'Je m\'appelle Emy, passionnée par l\'univers de la beauté et la mode depuis toujours, j\'ai été formée à l\'école Flavia Palmeira à Paris. \r\n\r\nUne expérience dans la mode depuis maintenant plus de deux ans me permets chaque jour de consolider mes techniques.\r\n\r\nJe propose des prestations allant du simple maquillage de jour ou soirée au maquillage thématique, artistique.\r\n\r\nMes principales qualités dans le métier de maquilleuse: le perfectionnisme et l\'élégance.\r\n\r\nSituée à Montreuil, je peux me déplacer dans tout Paris. \r\nC\'est avec plaisir que je répondrai à vos questions et sollicitations.\r\n\r\nÀ très vite! Emy.', NULL, 2, 48.85940461507141, 2.446061713012682, 11, 0, NULL, 'Emy', 1, '82014759300017', NULL, NULL, 'Montreuil', NULL, 253609889, 1, 1, NULL, 222, 223, 15, '3'),
(77, 'b1e6bf53c2517e8822b78eeb4a0cb23a', 'yseo13@gmail.com', 'SEO', 'Yangsun', '95190', 'Goussainville', '0000000000', '0686535093', 1, 1, 1, '2017-12-04 21:09:23', '2018-02-15 16:21:55', 224, 'Je suis maquilleuse professionnelle depuis 2013 avec beaucoup de expériences variées.', NULL, 2, NULL, NULL, 11, 1, NULL, 'Seomakeup', 1, '00000000000000', NULL, NULL, '23 rue Henri vuillemin', NULL, 253609939, 1, 1, 'FR7630004006270000126821932', 225, 226, 100, '3'),
(78, '2c370ca2d1914721ee01c9cc116dade6', 'contactbyally@gmail.com', 'Elbaz', 'Lisa', '93170', 'Bagnolet', '0148573260', '0792772570', 1, 1, 1, '2017-12-04 21:15:02', '2018-02-14 18:42:36', 227, 'Je suis maquilleuse , j\'adore partager ma passion avec mes clients j\'ai également une chaîne YouTube ( byally) ou je partage mes conseils beauté', NULL, 2, 48.87806579999999, 2.429263100000071, 14, 1, NULL, 'Byally', 1, '81045004900012', NULL, NULL, '18 rue floreal', NULL, 252674837, 1, 1, 'FR7610107001040091304145497', 228, 229, 100, '3'),
(79, 'a9955d99045f335f07edbca4d2183db0', 'alejandrabejarano6@gmail.com', 'Bejarano Alarcón', 'Alejandra', '94220', 'Charenton Le Pont', '0000000000', '0658438539', 1, 1, 1, '2017-12-04 22:29:23', '2018-02-14 18:28:59', 230, NULL, NULL, 2, NULL, NULL, 2, 0, NULL, 'Alejandra Bejarano Alarcón', 1, '8209959500022', NULL, NULL, '12 rue felix langlais', NULL, 253609973, 1, 1, 'FR31 3000 2004 2000 0069 1291 C01', 231, 232, 25, '3'),
(80, '8aa40a8c92618cc6786bb496e02e6971', 'sabinamartina92@gmail.com', 'Martin', 'Sabine', '92300', 'levallois perret', '0000000000', '0666924169', 1, 1, 1, '2017-12-04 22:44:15', '2018-02-23 14:20:57', 233, 'cela fait 20 ans que je suis dans le domaine de la coiffures, et 2 ans en tant qu auto entrepreneur en me spécialisant dans le luxe notamment palaces et évènementiels ( mariages , shootings , défilés)\r\nmais aussi du domicile étant restés polyvalente \r\n\r\nje me ferais un plaisir de vous accompagner dans vos envies et besoins', NULL, 2, 48.89321700000001, 2.287864000000013, 13, 0, NULL, '.aubout2soi', 1, '81452060500015', NULL, NULL, '101 bis paul vaillant couturier', NULL, 253610002, 1, 1, 'FR7640618802800004040265486', 234, 235, 25, '1'),
(81, '47f51618d83e0eeb6325fbc7449ba48d', 'aminatasow2207@gmail.com', 'Sow', 'Aminata', '94500', 'Champigny-sur-Marne', '0783681521', '0695289063', 1, 1, 1, '2017-12-04 22:50:08', '2018-02-15 17:19:52', 236, 'Bonjour,\r\nEsthéticienne diplomée et expérimentée, Je prends un grand plaisir à sublimer la beauté féminine et procurer du bien-être à l’ensemble de mes clients.\r\nJe suis passionnée des soins corps et vous promets un moment inoubliable et enchanteur entre mes mains expertes.\r\nPour moi toutes nous sommes toutes belles et je mets un point d\'honneur a sublimer votre beauté existante!\r\nA bientôt!', NULL, 2, 47.43812924894177, 2.5805584018554555, 9, 2, NULL, 'CELLAL GILLY', 1, '83301738700014', NULL, NULL, '45 rue alexandre Fourny', 'Résidence du Buisson', 253610076, 1, 1, 'FR7618206000605016794800158', 237, 238, 50, '6'),
(82, 'fd7a51077bcbd593b181c6015c02cef9', 'djerosee@gmail.com', 'Dje', 'Rose', '94250', 'Gentilly', '0000000000', '0659692425', 1, 1, 0, '2017-12-04 22:52:42', '2018-02-14 19:17:11', 239, 'Estheticienne depuis 2008, pour moi l\'esthétique est une passion. J\'aime transmettre mon savoir faire aux clientes afin qu\'elles profitent de leur moment de détente.', NULL, 2, 47.48002802774358, 2.616778952392565, 9, 0, NULL, 'BEAUTYSTA', 1, '81786025700010', NULL, NULL, '5,allée des tanneurs', NULL, 253610150, 1, 1, NULL, 240, 241, 25, '4_6'),
(83, '0f2ce291c76ecfc032e3432142f06fac', 'sandracharpenat@hotmail.fr', 'Charpenat', 'Sandra', '92150', 'Suresnes', NULL, '0698975012', 1, 1, 1, '2017-12-05 21:25:50', '2017-12-21 22:51:04', 242, NULL, NULL, 1, NULL, NULL, 0, 0, NULL, NULL, NULL, NULL, NULL, NULL, '4 avenue Sisley', NULL, 253102106, NULL, NULL, NULL, 243, 244, 25, NULL),
(84, 'c0f0cd3645f9651b9f0973754b4100e5', 'lucie.eyzat@gmail.com', 'EYZAT', 'Nina', '91000', 'Evry', '0000000000', '0695007298', 1, 1, 0, '2017-12-05 22:37:59', '2018-01-02 16:15:54', 245, NULL, NULL, 2, NULL, NULL, 1, 0, NULL, NULL, 1, '00000000000000', NULL, NULL, NULL, NULL, 253610168, 1, 1, NULL, 246, 247, 25, '6'),
(85, '87d50935786a6ddcb929b18f21877f10', 'kochayan.taline@gmail.com', 'Kochayan', 'Taline', '92260', 'Fontenay aux Roses', '0000000000', '0627891861', 1, 1, 1, '2017-12-05 22:42:36', '2018-02-19 15:38:46', 248, NULL, NULL, 2, 48.7945441, 2.2962900999999647, 13, 3, NULL, 'Taline esthetique', 1, '00000000000000', NULL, NULL, '5 allée des glycines', NULL, 253614361, 1, 1, 'FR76 3000 4015 2600 0011 7250 843', 249, 250, 5, '6'),
(86, 'c98781e5606e8fe2742b65b9ed6f8b82', 'mimi_la_fonfon@hotmail.com', 'FONTAINE', 'Emilie', '93100', 'Montreuil', NULL, '0778118986', 0, 1, 1, '2017-12-08 17:11:30', '2017-12-08 17:16:09', 273, NULL, NULL, 1, NULL, NULL, 0, 0, NULL, NULL, NULL, NULL, NULL, NULL, '60, rue Gaston Lauriau', NULL, 254367624, NULL, NULL, NULL, 274, 275, 25, NULL),
(87, 'c41cd2c1154fe28d111565f460c4097c', 'idelenclos@yahoo.fr', 'delenclos', 'isabelle', '92150', 'suresnes', NULL, '0684382939', 1, 1, 1, '2017-12-12 14:37:59', '2017-12-12 14:40:01', 304, NULL, NULL, 1, NULL, NULL, 0, 0, NULL, NULL, NULL, NULL, NULL, NULL, '13 rue emile duclaux', NULL, 255819304, NULL, NULL, NULL, 305, 306, 25, NULL),
(88, 'ffdc8649d712a5e1e8f478a34378d588', 'leslie.elbaz@gmail.com', 'cohen', 'leslie', NULL, NULL, NULL, NULL, 1, 1, 1, '2017-12-12 23:28:46', '2017-12-12 23:29:54', 350, NULL, NULL, 1, NULL, NULL, 0, 0, NULL, NULL, NULL, NULL, NULL, NULL, NULL, NULL, 256076290, NULL, NULL, NULL, 351, 352, 25, NULL),
(89, 'e0aee7fdc3f2f4f71e5f51d456747ebf', 'coulibalyoumou57@yahoo.com', 'Coulibaly', 'Oumou', NULL, NULL, NULL, NULL, 1, 1, 1, '2017-12-14 00:37:33', '2017-12-14 00:39:11', 353, NULL, NULL, 1, NULL, NULL, 0, 0, NULL, NULL, NULL, NULL, NULL, NULL, NULL, NULL, 256534672, NULL, NULL, NULL, 354, 355, 25, NULL),
(90, 'b0cebf2f9aa6c5e53693c4e93914b25d', 'joelle.boudima@yahoo.fr', 'Boudima', 'Joelle', NULL, NULL, NULL, NULL, 0, 1, 1, '2017-12-19 21:53:48', '2017-12-19 21:53:49', 368, NULL, NULL, 1, NULL, NULL, 0, 0, NULL, NULL, NULL, NULL, NULL, NULL, NULL, NULL, 258865447, NULL, NULL, NULL, 369, 370, 25, NULL),
(91, '8c971d6e45a63573b3ebde272e55b751', 'chrystfr78@hotmail.com', 'FRANCOIS', 'CHRISTELLE', NULL, NULL, NULL, NULL, 1, 1, 1, '2018-01-03 10:49:16', '2018-01-03 10:54:24', 388, NULL, NULL, 1, NULL, NULL, 0, 0, NULL, NULL, NULL, NULL, NULL, NULL, NULL, NULL, 262956149, NULL, NULL, NULL, 389, 390, 25, NULL),
(92, '03314beac54013665ce9226e5b34d20f', 'bebephoenix@hotmail.fr', 'Shinkaresky', 'Anastasia', NULL, NULL, NULL, NULL, 0, 1, 1, '2018-01-08 20:15:48', '2018-01-08 20:16:48', 391, NULL, NULL, 1, NULL, NULL, 0, 0, NULL, NULL, NULL, NULL, NULL, NULL, NULL, NULL, 264917747, NULL, NULL, NULL, 392, 393, 25, NULL),
(93, '0a39ecd814745b645d70d0e404f9c9f2', 'nadialemeur@hotmail.fr', 'Lemeur', 'Nadia', '78920', 'Ecquevilly', '0613376356', '0613376356', 1, 1, 1, '2018-01-15 20:37:34', '2018-02-23 14:20:35', 448, 'coiffeuse expérimentée, sérieux, rigueur, professionnalisme', NULL, 2, 48.9497037, 1.9200064000000339, 3, 0, NULL, 'In-home hairstylist', 1, '44444063000036', NULL, NULL, '13 rue Suzanne Deutsch de la Meurthe', NULL, 272908798, 1, 1, NULL, 449, 450, 25, '1'),
(94, '2aa8ab8b760195b5ac6fa14369e215bc', 'unsouffledezen@hotmail.fr', 'Heriteau', 'Marie', '91300', 'Massy', '0000000000', '0000000000', 1, 1, 1, '2018-01-15 20:46:29', '2018-02-06 09:52:01', 451, NULL, NULL, 2, 48.730756, 2.2713699999999335, 0, 0, NULL, NULL, 1, '00000000000000', NULL, NULL, NULL, NULL, 276624586, 1, 1, NULL, 452, 453, 25, '6'),
(95, '38a6fea6f269442e81e5fa4d55d567be', 'asma.tilouch@gmail.com', 'Tilouche', 'Asma', NULL, NULL, NULL, NULL, 0, 1, 1, '2018-01-18 23:01:07', '2018-01-18 23:02:15', 454, NULL, NULL, 1, NULL, NULL, 0, 0, NULL, NULL, NULL, NULL, NULL, NULL, NULL, NULL, 269076572, NULL, NULL, NULL, 455, 456, 25, NULL),
(96, '29674df216fc27474e4526a24629e5a8', 'c.poireau@hotmail.fr', 'Poireau', 'Clémence', NULL, NULL, NULL, NULL, 0, 1, 1, '2018-01-18 23:06:43', '2018-01-18 23:07:51', 457, NULL, NULL, 1, NULL, NULL, 0, 0, NULL, NULL, NULL, NULL, NULL, NULL, NULL, NULL, 269078725, NULL, NULL, NULL, 458, 459, 25, NULL),
(97, 'a30771224b7e7ae505937f822fed9d56', 'medontenville@gmail.com', 'Dontenville', 'Maria Elena', NULL, NULL, NULL, NULL, 1, 1, 1, '2018-01-28 00:29:48', '2018-01-28 00:29:50', 509, NULL, NULL, 1, NULL, NULL, 0, 0, NULL, NULL, NULL, NULL, NULL, NULL, NULL, NULL, 272710000, NULL, NULL, NULL, 510, 511, 25, NULL),
(98, '5a55111371279eecbdec1a5976d84c9a', 'chantalramazani10@gmail.com', 'Ramazani Wazuri', 'Chantal', NULL, NULL, NULL, NULL, 1, 1, 1, '2018-01-28 17:21:22', '2018-01-28 17:24:41', 512, NULL, NULL, 1, NULL, NULL, 0, 0, NULL, NULL, NULL, NULL, NULL, NULL, NULL, NULL, 272893162, NULL, NULL, NULL, 513, 514, 25, NULL),
(99, '2be568f29aa77be6c2923743e1d2e166', 'magalitalani@hotmail.fr', 'TALANI DIONSO', 'Magalie', '92130', 'Issy-Les-Moulineaux', '0617209814', '0617209814', 1, 1, 1, '2018-01-28 19:32:13', '2018-02-14 18:26:56', 515, NULL, NULL, 2, 48.81783710000001, 2.2743176000000176, 3, 2, NULL, 'Magalie', 1, '00000000000000', NULL, NULL, '55 rue Gabriel Peri', NULL, 272943867, 1, 3, 'FR7617515900000437387024455', 516, 517, 25, '2'),
(100, 'c780b0b07cbe54ee7510650eb7a54e4e', 'Mandinka2017@gmail.com', 'Samaté', 'Aïssatou', '75010', 'Paris', '0984495645', '0753675018', 1, 1, 1, '2018-02-06 19:23:21', '2018-02-06 19:30:53', 519, NULL, NULL, 1, NULL, NULL, 0, 0, NULL, NULL, NULL, NULL, NULL, NULL, '9/11 passage hébrard', NULL, 276872765, NULL, NULL, NULL, 520, 521, 25, NULL),
(101, '894860f25818b3e8e78560f1c3997a87', 'bedaesliz@hotmail.fr', 'Bedar', 'Leslie', '75020', 'Paris', NULL, '0602005425', 1, 1, 1, '2018-02-07 08:21:04', '2018-02-07 08:23:52', 522, NULL, NULL, 1, NULL, NULL, 0, 0, NULL, NULL, NULL, NULL, NULL, NULL, '157 Boulevard Davout', NULL, 277051413, NULL, NULL, NULL, 523, 524, 25, NULL),
(102, '99cabc175aab2407115876c2d132992b', 'semsem@hotmail.fr', 'Semia', 'Adechian', NULL, NULL, NULL, NULL, 0, 1, 1, '2018-02-10 13:02:05', '2018-02-10 13:03:37', 525, NULL, NULL, 1, NULL, NULL, 0, 0, NULL, NULL, NULL, NULL, NULL, NULL, NULL, NULL, 278519684, NULL, NULL, NULL, 526, 527, 25, NULL),
(103, '894860f25818b3e8e78560f1c3997a87', 'bedarleslie@hotmail.fr', 'Bedar', 'Leslie', NULL, NULL, NULL, NULL, 1, 1, 1, '2018-02-10 18:40:21', '2018-02-10 18:41:19', 528, NULL, NULL, 1, NULL, NULL, 0, 0, NULL, NULL, NULL, NULL, NULL, NULL, NULL, NULL, 278663273, NULL, NULL, NULL, 529, 530, 25, NULL),
(104, '7682fe272099ea26efe39c890b33675b', 'louisthomas76750@gmail.com', 'THOMAS', 'Louis', NULL, NULL, NULL, NULL, 0, 1, 1, '2018-02-14 17:09:54', '2018-02-15 17:19:12', 531, NULL, NULL, 1, NULL, NULL, 0, 0, NULL, NULL, NULL, NULL, NULL, NULL, NULL, NULL, 280163713, NULL, NULL, NULL, 532, 533, 25, NULL),
(105, 'c39df8124700cbebf0423ad75981866e', 'koninemma@gmail.com', 'konin', 'emma', NULL, NULL, NULL, NULL, 1, 1, 1, '2018-02-15 18:16:55', '2018-02-15 18:18:35', 534, NULL, NULL, 1, NULL, NULL, 0, 0, NULL, NULL, NULL, NULL, NULL, NULL, NULL, NULL, 280646084, NULL, NULL, NULL, 535, 536, 25, NULL),
(106, '9b1600edf7974dea4d4637e44c3dab9e', 'poke95@live.fr', 'poke', 'christian', NULL, NULL, NULL, NULL, 0, 1, 1, '2018-02-20 15:04:16', '2018-02-20 15:04:49', 537, NULL, NULL, 1, NULL, NULL, 0, 0, NULL, NULL, NULL, NULL, NULL, NULL, NULL, NULL, 282678227, NULL, NULL, NULL, 538, 539, 25, NULL),
(107, '63ad00bd085f6cb9ab044663f94ae1c5', 'christelle.ciscar@hotmail.fr', 'ciscar', 'christelle', NULL, NULL, NULL, NULL, 0, 1, 1, '2018-02-22 13:19:58', '2018-02-22 13:21:16', 540, NULL, NULL, 1, NULL, NULL, 0, 0, NULL, NULL, NULL, NULL, NULL, NULL, NULL, NULL, 283539420, NULL, NULL, NULL, 541, 542, 25, NULL);

-- --------------------------------------------------------

--
-- Structure de la table `userimage`
--

CREATE TABLE `userimage` (
  `id` int(11) NOT NULL,
  `filename` varchar(255) COLLATE utf8_unicode_ci DEFAULT NULL,
  `ext` varchar(25) COLLATE utf8_unicode_ci DEFAULT NULL,
  `alt` varchar(255) COLLATE utf8_unicode_ci DEFAULT NULL,
  `created_at` datetime DEFAULT NULL,
  `updated_at` datetime DEFAULT NULL,
  `user_id` int(11) DEFAULT NULL,
  `offer_id` int(11) DEFAULT NULL
) ENGINE=InnoDB DEFAULT CHARSET=utf8 COLLATE=utf8_unicode_ci;

--
-- Déchargement des données de la table `userimage`
--

INSERT INTO `userimage` (`id`, `filename`, `ext`, `alt`, `created_at`, `updated_at`, `user_id`, `offer_id`) VALUES
(1, 'no_image.png', NULL, NULL, '2017-01-03 15:33:36', '2017-01-03 15:33:36', NULL, NULL),
(2, 'no_image.png', NULL, NULL, '2017-01-03 15:44:38', '2017-01-03 15:44:38', NULL, NULL),
(3, 'no_image.png', NULL, NULL, '2017-01-03 15:51:46', '2017-01-03 15:51:46', NULL, NULL),
(4, 'no_image.png', NULL, NULL, '2017-01-03 16:20:08', '2017-01-03 16:20:08', NULL, NULL),
(5, 'no_image.png', NULL, NULL, '2017-01-03 16:38:12', '2017-01-03 16:38:12', NULL, NULL),
(6, 'no_image.png', NULL, NULL, '2017-01-03 16:41:16', '2017-01-03 16:41:16', NULL, NULL),
(7, 'no_image.png', NULL, NULL, '2017-01-03 17:53:36', '2017-01-03 17:53:36', NULL, NULL),
(8, 'no_image.png', NULL, NULL, '2017-01-03 17:55:01', '2017-01-03 17:55:01', NULL, NULL),
(9, 'franck.5832.jpg', 'jpg', NULL, '2017-01-03 18:48:40', '2017-01-04 09:58:32', NULL, NULL),
(10, 'no_image.png', NULL, NULL, '2017-01-03 18:57:26', '2017-01-03 18:57:26', NULL, NULL),
(11, 'no_image.png', NULL, NULL, '2017-01-03 18:58:18', '2017-01-03 18:58:18', NULL, NULL),
(12, 'no_image.png', NULL, NULL, '2017-01-03 19:02:44', '2017-01-03 19:02:44', NULL, NULL),
(13, 'no_image.png', NULL, NULL, '2017-01-04 07:45:06', '2017-01-04 07:45:06', NULL, NULL),
(14, 'faprod.0507.jpg', 'jpg', NULL, '2017-01-04 07:46:35', '2017-01-04 10:05:07', NULL, NULL),
(18, 'no_image.png', NULL, NULL, '2017-01-04 11:28:47', '2017-01-04 11:28:47', NULL, NULL),
(19, 'faprod.2859.jpg', 'jpg', NULL, '2017-01-04 11:28:59', '2017-01-04 11:28:59', NULL, NULL),
(20, 'faprod.3739.jpg', 'jpg', NULL, '2017-01-04 11:37:39', '2017-01-04 11:37:39', NULL, NULL),
(21, 'faprod.5135.jpg', 'jpg', NULL, '2017-01-04 11:51:35', '2017-01-04 11:51:35', NULL, NULL),
(22, 'faprod.5146.jpg', 'jpg', NULL, '2017-01-04 11:51:45', '2017-01-04 11:51:46', NULL, NULL),
(23, 'faprod.5154.jpg', 'jpg', NULL, '2017-01-04 11:51:54', '2017-01-04 11:51:54', NULL, NULL),
(24, 'faprod.5200.jpg', 'jpg', NULL, '2017-01-04 11:52:00', '2017-01-04 11:52:00', NULL, NULL),
(25, 'faprod.5345.jpg', 'jpg', NULL, '2017-01-04 11:53:45', '2017-01-04 11:53:45', NULL, NULL),
(26, 'faprod.5403.jpg', 'jpg', NULL, '2017-01-04 11:54:03', '2017-01-04 11:54:03', NULL, NULL),
(27, 'faprod.5415.jpg', 'jpg', NULL, '2017-01-04 11:54:15', '2017-01-04 11:54:15', NULL, NULL),
(28, 'faprod.5422.jpg', 'jpg', NULL, '2017-01-04 11:54:22', '2017-01-04 11:54:22', NULL, NULL),
(29, 'faprod.5447.jpg', 'jpg', NULL, '2017-01-04 11:54:47', '2017-01-04 11:54:47', NULL, NULL),
(30, 'faprod.5452.jpg', 'jpg', NULL, '2017-01-04 11:54:52', '2017-01-04 11:54:52', NULL, NULL),
(31, 'faprod.5458.jpg', 'jpg', NULL, '2017-01-04 11:54:58', '2017-01-04 11:54:58', NULL, NULL),
(32, 'faprod.5503.jpg', 'jpg', NULL, '2017-01-04 11:55:03', '2017-01-04 11:55:03', NULL, NULL),
(33, 'faprod.5509.jpg', 'jpg', NULL, '2017-01-04 11:55:08', '2017-01-04 11:55:09', NULL, NULL),
(34, 'faprod.5514.jpg', 'jpg', NULL, '2017-01-04 11:55:14', '2017-01-04 11:55:14', NULL, NULL),
(35, 'faprod.5520.jpg', 'jpg', NULL, '2017-01-04 11:55:20', '2017-01-04 11:55:20', NULL, NULL),
(36, 'faprod.5528.jpg', 'jpg', NULL, '2017-01-04 11:55:28', '2017-01-04 11:55:28', NULL, NULL),
(37, 'faprod.5533.jpg', 'jpg', NULL, '2017-01-04 11:55:33', '2017-01-04 11:55:33', NULL, NULL),
(38, 'faprod.5538.jpg', 'jpg', NULL, '2017-01-04 11:55:38', '2017-01-04 11:55:38', NULL, NULL),
(39, 'faprod.5542.jpg', 'jpg', NULL, '2017-01-04 11:55:42', '2017-01-04 11:55:42', NULL, NULL),
(40, 'faprod.5547.jpg', 'jpg', NULL, '2017-01-04 11:55:47', '2017-01-04 11:55:47', NULL, NULL),
(41, 'faprod.5552.jpg', 'jpg', NULL, '2017-01-04 11:55:52', '2017-01-04 11:55:52', NULL, NULL),
(42, 'faprod.5557.jpg', 'jpg', NULL, '2017-01-04 11:55:57', '2017-01-04 11:55:57', NULL, NULL),
(43, 'faprod.5603.jpg', 'jpg', NULL, '2017-01-04 11:56:03', '2017-01-04 11:56:03', NULL, NULL),
(44, 'faprod.5652.jpg', 'jpg', NULL, '2017-01-04 11:56:51', '2017-01-04 11:56:52', NULL, NULL),
(49, 'faprod.5659.jpg', 'jpg', NULL, '2017-01-04 11:56:58', '2017-01-04 11:56:59', NULL, NULL),
(50, 'faprod.5704.jpg', 'jpg', NULL, '2017-01-04 11:57:04', '2017-01-04 11:57:04', NULL, NULL),
(51, 'faprod.4704.jpg', 'jpg', NULL, '2017-01-04 16:31:09', '2017-01-04 16:47:04', NULL, NULL),
(52, 'faprod.4755.jpg', 'jpg', NULL, '2017-01-04 16:40:05', '2017-01-04 16:47:55', NULL, NULL),
(53, 'faprod.4659.jpg', 'jpg', NULL, '2017-01-04 16:40:07', '2017-01-04 16:46:59', NULL, NULL),
(54, 'faprod.4650.jpg', 'jpg', NULL, '2017-01-04 16:40:11', '2017-01-04 16:46:50', NULL, NULL),
(55, 'faprod.4646.jpg', 'jpg', NULL, '2017-01-04 16:40:16', '2017-01-04 16:46:46', NULL, NULL),
(56, 'faprod.4641.jpg', 'jpg', NULL, '2017-01-04 16:40:21', '2017-01-04 16:46:41', NULL, NULL),
(57, 'faprod.4749.jpg', 'jpg', NULL, '2017-01-04 16:40:27', '2017-01-04 16:47:49', NULL, NULL),
(58, 'faprod.4635.jpg', 'jpg', NULL, '2017-01-04 16:40:33', '2017-01-04 16:46:35', NULL, NULL),
(59, 'faprod.4630.jpg', 'jpg', NULL, '2017-01-04 16:40:38', '2017-01-04 16:46:30', NULL, NULL),
(60, 'faprod.4625.jpg', 'jpg', NULL, '2017-01-04 16:40:43', '2017-01-04 16:46:25', NULL, NULL),
(61, 'faprod.4611.jpg', 'jpg', NULL, '2017-01-04 16:40:59', '2017-01-04 16:46:11', NULL, NULL),
(62, 'faprod.4605.jpg', 'jpg', NULL, '2017-01-04 16:41:00', '2017-01-04 16:46:05', NULL, NULL),
(63, 'faprod.4600.jpg', 'jpg', NULL, '2017-01-04 16:41:06', '2017-01-04 16:46:00', NULL, NULL),
(64, 'faprod.4555.jpg', 'jpg', NULL, '2017-01-04 16:41:11', '2017-01-04 16:45:55', NULL, NULL),
(65, 'faprod.4550.jpg', 'jpg', NULL, '2017-01-04 16:41:16', '2017-01-04 16:45:50', NULL, NULL),
(66, 'faprod.4544.jpg', 'jpg', NULL, '2017-01-04 16:41:21', '2017-01-04 16:45:44', NULL, NULL),
(67, 'faprod.4540.jpg', 'jpg', NULL, '2017-01-04 16:41:27', '2017-01-04 16:45:40', NULL, NULL),
(68, 'faprod.4535.jpg', 'jpg', NULL, '2017-01-04 16:41:32', '2017-01-04 16:45:35', NULL, NULL),
(69, 'faprod.4744.jpg', 'jpg', NULL, '2017-01-04 16:41:37', '2017-01-04 16:47:44', NULL, NULL),
(70, 'faprod.4517.jpg', 'jpg', NULL, '2017-01-04 16:41:42', '2017-01-04 16:45:17', NULL, NULL),
(71, 'no_image.png', NULL, NULL, '2017-01-04 16:41:47', '2017-01-04 16:41:47', NULL, NULL),
(72, 'faprod.4522.jpg', 'jpg', NULL, '2017-01-04 16:41:52', '2017-01-04 16:45:22', NULL, NULL),
(73, 'faprod.4529.jpg', 'jpg', NULL, '2017-01-04 16:41:57', '2017-01-04 16:45:29', NULL, NULL),
(74, 'faprod.4738.jpg', 'jpg', NULL, '2017-01-04 16:42:04', '2017-01-04 16:47:38', NULL, NULL),
(78, 'no_image.png', NULL, NULL, '2017-01-13 18:26:59', '2017-01-13 18:26:59', NULL, NULL),
(79, 'no_image.png', NULL, NULL, '2017-01-15 11:03:08', '2017-01-15 11:03:08', NULL, NULL),
(80, 'no_image.png', NULL, NULL, '2017-01-16 13:54:04', '2017-01-16 13:54:04', NULL, NULL),
(81, 'no_image.png', NULL, NULL, '2017-01-16 13:54:58', '2017-01-16 13:54:58', NULL, NULL),
(82, 'no_image.png', NULL, NULL, '2017-03-01 10:51:15', '2017-03-01 10:51:15', NULL, NULL),
(83, 'frabc.5019.jpg', 'jpg', NULL, '2017-03-01 14:22:13', '2017-03-01 14:50:19', NULL, NULL),
(86, 'ggggggggggggggggggggg.2949.jpg', 'jpg', NULL, '2017-03-01 17:36:46', '2017-03-01 18:29:49', NULL, NULL),
(88, 'no_image.png', NULL, NULL, '2017-03-01 21:53:01', '2017-03-01 21:53:01', NULL, NULL),
(89, 'mon-entreprise.3759.jpg', 'jpg', NULL, '2017-03-02 09:39:30', '2017-03-02 10:37:59', NULL, NULL),
(91, 'faprod.0219.jpg', 'jpg', NULL, '2017-03-03 11:55:25', '2017-03-03 12:02:19', NULL, NULL),
(103, 'caroline-touch.4302.jpeg', 'jpeg', NULL, '2017-03-07 16:35:38', '2017-03-07 16:43:02', NULL, NULL),
(106, 'red.0044.jpg', 'jpg', NULL, '2017-03-07 16:53:40', '2017-03-07 17:00:44', NULL, NULL),
(107, 'sandra.5357.jpg', 'jpg', NULL, '2017-03-07 18:47:23', '2017-03-07 18:53:57', NULL, NULL),
(108, 'no_image.png', NULL, NULL, '2017-03-07 20:37:16', '2017-03-07 20:37:16', NULL, NULL),
(109, 'aurore.5145.jpg', 'jpg', NULL, '2017-03-07 23:08:27', '2017-03-27 21:51:45', NULL, NULL),
(110, 'no_image.png', NULL, NULL, '2017-03-08 13:48:15', '2017-03-08 13:48:15', NULL, NULL),
(111, 'michelle.4652.jpg', 'jpg', NULL, '2017-03-27 17:45:51', '2017-03-27 17:46:52', NULL, NULL),
(112, 'no_image.png', NULL, NULL, '2017-03-27 17:45:51', '2017-03-27 17:45:51', NULL, NULL),
(113, 'no_image.png', NULL, NULL, '2017-03-27 17:45:51', '2017-03-27 17:45:51', NULL, NULL),
(114, 'brushart.0041.jpeg', 'jpeg', NULL, '2017-03-27 17:55:45', '2017-03-27 18:00:42', NULL, NULL),
(115, 'no_image.png', NULL, NULL, '2017-03-27 17:55:45', '2017-03-27 17:55:45', NULL, NULL),
(116, 'no_image.png', NULL, NULL, '2017-03-27 17:55:45', '2017-03-27 17:55:45', NULL, NULL),
(117, 'no_image.png', NULL, NULL, '2017-03-27 19:25:50', '2017-03-27 19:25:50', NULL, NULL),
(118, 'no_image.png', NULL, NULL, '2017-03-27 19:25:50', '2017-03-27 19:25:50', NULL, NULL),
(119, 'no_image.png', NULL, NULL, '2017-03-27 19:25:50', '2017-03-27 19:25:50', NULL, NULL),
(121, 'no_image.png', NULL, NULL, '2017-03-28 21:22:43', '2017-03-28 21:22:43', NULL, NULL),
(122, 'no_image.png', NULL, NULL, '2017-03-28 21:22:43', '2017-03-28 21:22:43', NULL, NULL),
(123, 'no_image.png', NULL, NULL, '2017-03-28 21:22:43', '2017-03-28 21:22:43', NULL, NULL),
(124, 'no_image.png', NULL, NULL, '2017-03-28 21:25:05', '2017-03-28 21:25:05', NULL, NULL),
(125, 'no_image.png', NULL, NULL, '2017-03-28 21:25:05', '2017-03-28 21:25:05', NULL, NULL),
(126, 'no_image.png', NULL, NULL, '2017-03-28 21:25:05', '2017-03-28 21:25:05', NULL, NULL),
(128, 'fil.4732.jpg', 'jpg', NULL, '2017-03-28 23:04:01', '2017-05-01 18:47:32', NULL, NULL),
(129, 'no_image.png', NULL, NULL, '2017-03-28 23:04:01', '2017-03-28 23:04:01', NULL, NULL),
(130, 'no_image.png', NULL, NULL, '2017-03-28 23:04:01', '2017-03-28 23:04:01', NULL, NULL),
(131, 'tist.1303.jpeg', 'jpeg', NULL, '2017-03-28 23:07:26', '2017-03-28 23:13:03', NULL, NULL),
(132, 'no_image.png', NULL, NULL, '2017-03-28 23:07:26', '2017-03-28 23:07:26', NULL, NULL),
(133, 'no_image.png', NULL, NULL, '2017-03-28 23:07:26', '2017-03-28 23:07:26', NULL, NULL),
(140, 'test2.4226.jpg', 'jpg', NULL, '2017-03-28 23:17:38', '2017-05-01 17:42:26', NULL, NULL),
(141, 'no_image.png', NULL, NULL, '2017-03-28 23:17:38', '2017-03-28 23:17:38', NULL, NULL),
(142, 'no_image.png', NULL, NULL, '2017-03-28 23:17:38', '2017-03-28 23:17:38', NULL, NULL),
(143, 'no_image.png', NULL, NULL, '2017-03-28 23:20:47', '2017-03-28 23:20:47', NULL, NULL),
(144, 'no_image.png', NULL, NULL, '2017-03-28 23:20:47', '2017-03-28 23:20:47', NULL, NULL),
(145, 'no_image.png', NULL, NULL, '2017-03-28 23:20:47', '2017-03-28 23:20:47', NULL, NULL),
(147, 'no_image.png', NULL, NULL, '2017-03-28 23:46:49', '2017-03-28 23:46:49', NULL, NULL),
(148, 'no_image.png', NULL, NULL, '2017-03-28 23:46:49', '2017-03-28 23:46:49', NULL, NULL),
(149, 'no_image.png', NULL, NULL, '2017-03-28 23:46:49', '2017-03-28 23:46:49', NULL, NULL),
(151, 'zzzzzzzzzzzzzzzzzz.1547.jpg', 'jpg', NULL, '2017-04-24 17:55:34', '2017-04-24 18:15:47', NULL, NULL),
(152, 'no_image.png', NULL, NULL, '2017-04-24 17:55:34', '2017-04-24 17:55:34', NULL, NULL),
(153, 'no_image.png', NULL, NULL, '2017-04-24 17:55:34', '2017-04-24 17:55:34', NULL, NULL),
(154, 'no_image.png', NULL, NULL, '2017-04-27 11:41:32', '2017-04-27 11:41:32', NULL, NULL),
(155, 'no_image.png', NULL, NULL, '2017-04-27 11:41:32', '2017-04-27 11:41:32', NULL, NULL),
(156, 'no_image.png', NULL, NULL, '2017-04-27 11:41:32', '2017-04-27 11:41:32', NULL, NULL),
(157, 'no_image.png', NULL, NULL, '2017-04-27 11:43:18', '2017-04-27 11:43:18', NULL, NULL),
(158, 'no_image.png', NULL, NULL, '2017-04-27 11:43:18', '2017-04-27 11:43:18', NULL, NULL),
(159, 'no_image.png', NULL, NULL, '2017-04-27 11:43:18', '2017-04-27 11:43:18', NULL, NULL),
(160, 'no_image.png', NULL, NULL, '2017-04-28 09:01:01', '2017-04-28 09:01:01', NULL, NULL),
(161, 'no_image.png', NULL, NULL, '2017-04-28 09:01:01', '2017-04-28 09:01:01', NULL, NULL),
(162, 'no_image.png', NULL, NULL, '2017-04-28 09:01:01', '2017-04-28 09:01:01', NULL, NULL),
(163, 'no_image.png', NULL, NULL, '2017-04-28 10:48:00', '2017-04-28 10:48:00', NULL, NULL),
(164, 'no_image.png', NULL, NULL, '2017-04-28 10:48:00', '2017-04-28 10:48:00', NULL, NULL),
(165, 'no_image.png', NULL, NULL, '2017-04-28 10:48:00', '2017-04-28 10:48:00', NULL, NULL),
(166, 'no_image.png', NULL, NULL, '2017-04-28 10:57:23', '2017-04-28 10:57:23', NULL, NULL),
(167, 'no_image.png', NULL, NULL, '2017-04-28 10:57:23', '2017-04-28 10:57:23', NULL, NULL),
(168, 'no_image.png', NULL, NULL, '2017-04-28 10:57:23', '2017-04-28 10:57:23', NULL, NULL),
(169, 'marylin.5848.jpeg', 'jpeg', NULL, '2017-05-01 18:55:19', '2017-05-01 18:58:48', NULL, NULL),
(170, 'no_image.png', NULL, NULL, '2017-05-01 18:55:19', '2017-05-01 18:55:19', NULL, NULL),
(171, 'no_image.png', NULL, NULL, '2017-05-01 18:55:19', '2017-05-01 18:55:19', NULL, NULL),
(172, 'no_image.png', NULL, NULL, '2017-05-01 19:11:04', '2017-05-01 19:11:04', NULL, NULL),
(173, 'no_image.png', NULL, NULL, '2017-05-01 19:11:04', '2017-05-01 19:11:04', NULL, NULL),
(174, 'no_image.png', NULL, NULL, '2017-05-01 19:11:04', '2017-05-01 19:11:04', NULL, NULL),
(176, 'choupette-coiffure.2116.jpg', 'jpg', NULL, '2017-05-08 12:16:14', '2017-05-08 12:21:16', NULL, NULL),
(177, 'no_image.png', NULL, NULL, '2017-05-08 12:16:14', '2017-05-08 12:16:14', NULL, NULL),
(178, 'no_image.png', NULL, NULL, '2017-05-08 12:16:14', '2017-05-08 12:16:14', NULL, NULL),
(179, 'valeria-stechenko.2448.png', 'png', NULL, '2017-10-08 23:35:07', '2017-12-20 18:24:48', NULL, NULL),
(180, 'no_image.png', NULL, NULL, '2017-10-08 23:35:07', '2017-10-08 23:35:07', NULL, NULL),
(181, 'no_image.png', NULL, NULL, '2017-10-08 23:35:07', '2017-10-08 23:35:07', NULL, NULL),
(182, 'liliimakeup.5854.jpg', 'jpg', NULL, '2017-10-20 23:11:02', '2017-12-16 11:58:54', NULL, NULL),
(183, 'no_image.png', NULL, NULL, '2017-10-20 23:11:02', '2017-10-20 23:11:02', NULL, NULL),
(184, 'no_image.png', NULL, NULL, '2017-10-20 23:11:02', '2017-10-20 23:11:02', NULL, NULL),
(185, 'diane-martin.2625.jpg', 'jpg', NULL, '2017-10-20 23:26:06', '2017-12-16 22:26:25', NULL, NULL),
(186, 'no_image.png', NULL, NULL, '2017-10-20 23:26:06', '2017-10-20 23:26:06', NULL, NULL),
(187, 'no_image.png', NULL, NULL, '2017-10-20 23:26:06', '2017-10-20 23:26:06', NULL, NULL),
(188, 'elo-make-up.5552.jpg', 'jpg', NULL, '2017-10-20 23:32:37', '2017-12-11 15:55:52', NULL, NULL),
(189, 'no_image.png', NULL, NULL, '2017-10-20 23:32:37', '2017-10-20 23:32:37', NULL, NULL),
(190, 'no_image.png', NULL, NULL, '2017-10-20 23:32:37', '2017-10-20 23:32:37', NULL, NULL),
(191, 'estetica-latina.2622.jpg', 'jpg', NULL, '2017-10-20 23:40:14', '2018-01-27 23:26:22', NULL, NULL),
(192, 'no_image.png', NULL, NULL, '2017-10-20 23:40:14', '2017-10-20 23:40:14', NULL, NULL),
(193, 'no_image.png', NULL, NULL, '2017-10-20 23:40:14', '2017-10-20 23:40:14', NULL, NULL),
(194, 'tifany-de-oliveira.4155.jpg', 'jpg', NULL, '2017-10-20 23:46:26', '2018-01-11 16:41:55', NULL, NULL),
(195, 'no_image.png', NULL, NULL, '2017-10-20 23:46:26', '2017-10-20 23:46:26', NULL, NULL),
(196, 'no_image.png', NULL, NULL, '2017-10-20 23:46:26', '2017-10-20 23:46:26', NULL, NULL),
(197, 'marielle-courtin.4736.jpg', 'jpg', NULL, '2017-10-20 23:52:41', '2017-12-12 19:47:36', NULL, NULL),
(198, 'no_image.png', NULL, NULL, '2017-10-20 23:52:41', '2017-10-20 23:52:41', NULL, NULL),
(199, 'no_image.png', NULL, NULL, '2017-10-20 23:52:41', '2017-10-20 23:52:41', NULL, NULL),
(200, 'no_image.png', NULL, NULL, '2017-11-12 19:08:41', '2017-11-12 19:08:41', NULL, NULL),
(201, 'no_image.png', NULL, NULL, '2017-11-12 19:08:41', '2017-11-12 19:08:41', NULL, NULL),
(202, 'no_image.png', NULL, NULL, '2017-11-12 19:08:41', '2017-11-12 19:08:41', NULL, NULL),
(203, 'no_image.png', NULL, NULL, '2017-11-14 11:51:48', '2017-11-14 11:51:48', NULL, NULL),
(204, 'no_image.png', NULL, NULL, '2017-11-14 11:51:48', '2017-11-14 11:51:48', NULL, NULL),
(205, 'no_image.png', NULL, NULL, '2017-11-14 11:51:48', '2017-11-14 11:51:48', NULL, NULL),
(206, 'no_image.png', NULL, NULL, '2017-11-16 22:18:03', '2017-11-16 22:18:03', NULL, NULL),
(207, 'no_image.png', NULL, NULL, '2017-11-16 22:18:03', '2017-11-16 22:18:03', NULL, NULL),
(208, 'no_image.png', NULL, NULL, '2017-11-16 22:18:03', '2017-11-16 22:18:03', NULL, NULL),
(209, 'no_image.png', NULL, NULL, '2017-11-17 10:40:49', '2017-11-17 10:40:49', NULL, NULL),
(210, 'no_image.png', NULL, NULL, '2017-11-17 10:40:49', '2017-11-17 10:40:49', NULL, NULL),
(211, 'no_image.png', NULL, NULL, '2017-11-17 10:40:49', '2017-11-17 10:40:49', NULL, NULL),
(212, 'no_image.png', NULL, NULL, '2017-11-22 23:35:57', '2017-11-22 23:35:57', NULL, NULL),
(213, 'no_image.png', NULL, NULL, '2017-11-22 23:35:57', '2017-11-22 23:35:57', NULL, NULL),
(214, 'no_image.png', NULL, NULL, '2017-11-22 23:35:57', '2017-11-22 23:35:57', NULL, NULL),
(215, 'no_image.png', NULL, NULL, '2017-11-25 09:35:31', '2017-11-25 09:35:31', NULL, NULL),
(216, 'no_image.png', NULL, NULL, '2017-11-25 09:35:31', '2017-11-25 09:35:31', NULL, NULL),
(217, 'no_image.png', NULL, NULL, '2017-11-25 09:35:31', '2017-11-25 09:35:31', NULL, NULL),
(218, 'no_image.png', NULL, NULL, '2017-12-01 11:22:07', '2017-12-01 11:22:07', NULL, NULL),
(219, 'no_image.png', NULL, NULL, '2017-12-01 11:22:07', '2017-12-01 11:22:07', NULL, NULL),
(220, 'no_image.png', NULL, NULL, '2017-12-01 11:22:07', '2017-12-01 11:22:07', NULL, NULL),
(221, 'emilie-fontaine.2547.jpg', 'jpg', NULL, '2017-12-04 20:23:06', '2017-12-11 10:25:47', NULL, NULL),
(222, 'no_image.png', NULL, NULL, '2017-12-04 20:23:06', '2017-12-04 20:23:06', NULL, NULL),
(223, 'no_image.png', NULL, NULL, '2017-12-04 20:23:06', '2017-12-04 20:23:06', NULL, NULL),
(224, 'seomakeup.0850.jpeg', 'jpeg', NULL, '2017-12-04 21:09:23', '2017-12-08 17:08:50', NULL, NULL),
(225, 'no_image.png', NULL, NULL, '2017-12-04 21:09:23', '2017-12-04 21:09:23', NULL, NULL),
(226, 'no_image.png', NULL, NULL, '2017-12-04 21:09:23', '2017-12-04 21:09:23', NULL, NULL),
(227, 'byally.1151.jpg', 'jpg', NULL, '2017-12-04 21:15:02', '2017-12-07 13:11:51', NULL, NULL),
(228, 'no_image.png', NULL, NULL, '2017-12-04 21:15:02', '2017-12-04 21:15:02', NULL, NULL),
(229, 'no_image.png', NULL, NULL, '2017-12-04 21:15:02', '2017-12-04 21:15:02', NULL, NULL),
(230, 'alejandra-bejarano-alarcon.0408.jpg', 'jpg', NULL, '2017-12-04 22:29:23', '2017-12-14 21:04:08', NULL, NULL),
(231, 'no_image.png', NULL, NULL, '2017-12-04 22:29:23', '2017-12-04 22:29:23', NULL, NULL),
(232, 'no_image.png', NULL, NULL, '2017-12-04 22:29:23', '2017-12-04 22:29:23', NULL, NULL),
(233, 'aubout2soi.5754.jpg', 'jpg', NULL, '2017-12-04 22:44:15', '2018-01-26 23:57:54', NULL, NULL),
(234, 'no_image.png', NULL, NULL, '2017-12-04 22:44:15', '2017-12-04 22:44:15', NULL, NULL),
(235, 'no_image.png', NULL, NULL, '2017-12-04 22:44:15', '2017-12-04 22:44:15', NULL, NULL),
(236, 'cellal-gilly.1815.jpg', 'jpg', NULL, '2017-12-04 22:50:08', '2017-12-13 05:18:15', NULL, NULL),
(237, 'no_image.png', NULL, NULL, '2017-12-04 22:50:08', '2017-12-04 22:50:08', NULL, NULL),
(238, 'no_image.png', NULL, NULL, '2017-12-04 22:50:08', '2017-12-04 22:50:08', NULL, NULL),
(239, 'beautysta.3631.jpg', 'jpg', NULL, '2017-12-04 22:52:42', '2017-12-17 23:36:31', NULL, NULL),
(240, 'no_image.png', NULL, NULL, '2017-12-04 22:52:42', '2017-12-04 22:52:42', NULL, NULL),
(241, 'no_image.png', NULL, NULL, '2017-12-04 22:52:42', '2017-12-04 22:52:42', NULL, NULL),
(242, 'sandra.5152.jpg', 'jpg', NULL, '2017-12-05 21:25:50', '2017-12-21 22:51:52', NULL, NULL),
(243, 'no_image.png', NULL, NULL, '2017-12-05 21:25:50', '2017-12-05 21:25:50', NULL, NULL),
(244, 'no_image.png', NULL, NULL, '2017-12-05 21:25:50', '2017-12-05 21:25:50', NULL, NULL),
(245, 'no_image.png', NULL, NULL, '2017-12-05 22:37:59', '2017-12-05 22:37:59', NULL, NULL),
(246, 'no_image.png', NULL, NULL, '2017-12-05 22:37:59', '2017-12-05 22:37:59', NULL, NULL),
(247, 'no_image.png', NULL, NULL, '2017-12-05 22:37:59', '2017-12-05 22:37:59', NULL, NULL),
(248, 'taline-esthetique.2754.png', 'png', NULL, '2017-12-05 22:42:36', '2017-12-16 22:27:54', NULL, NULL),
(249, 'no_image.png', NULL, NULL, '2017-12-05 22:42:36', '2017-12-05 22:42:36', NULL, NULL),
(250, 'no_image.png', NULL, NULL, '2017-12-05 22:42:36', '2017-12-05 22:42:36', NULL, NULL),
(251, 'offre.3931.jpg', 'jpg', NULL, '2017-12-07 14:39:31', '2017-12-07 14:39:31', NULL, 26),
(252, 'offre.4254.jpg', 'jpg', NULL, '2017-12-07 14:42:54', '2017-12-07 14:42:54', NULL, 27),
(253, 'offre.4254.jpg', 'jpg', NULL, '2017-12-07 14:42:54', '2017-12-07 14:42:54', NULL, 27),
(254, 'offre.4254.jpg', 'jpg', NULL, '2017-12-07 14:42:54', '2017-12-07 14:42:54', NULL, 27),
(255, 'offre.4254.jpg', 'jpg', NULL, '2017-12-07 14:42:54', '2017-12-07 14:42:54', NULL, 27),
(256, 'offre.4254.jpg', 'jpg', NULL, '2017-12-07 14:42:54', '2017-12-07 14:42:54', NULL, 27),
(257, 'offre.4254.jpg', 'jpg', NULL, '2017-12-07 14:42:54', '2017-12-07 14:42:54', NULL, 27),
(258, 'offre.3210.jpg', 'jpg', NULL, '2017-12-07 15:32:10', '2017-12-07 15:32:10', NULL, 28),
(259, 'offre.3210.jpg', 'jpg', NULL, '2017-12-07 15:32:10', '2017-12-07 15:32:10', NULL, 28),
(260, 'offre.0846.jpg', 'jpg', NULL, '2017-12-08 16:08:46', '2017-12-08 16:08:46', NULL, 29),
(261, 'offre.1006.jpg', 'jpg', NULL, '2017-12-08 16:10:06', '2017-12-08 16:10:06', NULL, 30),
(264, 'offre.1801.jpg', 'jpg', NULL, '2017-12-08 16:18:01', '2017-12-08 16:18:01', NULL, 32),
(265, 'offre.1801.jpg', 'jpg', NULL, '2017-12-08 16:18:01', '2017-12-08 16:18:01', NULL, 32),
(266, 'offre.1953.jpg', 'jpg', NULL, '2017-12-08 16:19:53', '2017-12-08 16:19:53', NULL, 33),
(267, 'offre.1953.jpg', 'jpg', NULL, '2017-12-08 16:19:53', '2017-12-08 16:19:53', NULL, 33),
(270, 'offre.0635.jpg', 'jpg', NULL, '2017-12-08 17:06:35', '2017-12-08 17:06:35', NULL, 34),
(271, 'offre.0635.jpg', 'jpg', NULL, '2017-12-08 17:06:35', '2017-12-08 17:06:35', NULL, 34),
(272, 'offre.0635.jpg', 'jpg', NULL, '2017-12-08 17:06:35', '2017-12-08 17:06:35', NULL, 34),
(273, 'no_image.png', NULL, NULL, '2017-12-08 17:11:30', '2017-12-08 17:11:30', NULL, NULL),
(274, 'no_image.png', NULL, NULL, '2017-12-08 17:11:30', '2017-12-08 17:11:30', NULL, NULL),
(275, 'no_image.png', NULL, NULL, '2017-12-08 17:11:30', '2017-12-08 17:11:30', NULL, NULL),
(284, 'offre.5832.jpeg', 'jpeg', NULL, '2017-12-10 00:58:32', '2017-12-10 00:58:32', NULL, 45),
(285, 'offre.5954.jpeg', 'jpeg', NULL, '2017-12-10 00:59:54', '2017-12-10 00:59:54', NULL, 46),
(286, 'offre.0056.jpeg', 'jpeg', NULL, '2017-12-10 01:00:56', '2017-12-10 01:00:56', NULL, 47),
(287, 'offre.0902.png', 'png', NULL, '2017-12-10 15:09:02', '2017-12-10 15:09:02', NULL, 48),
(288, 'offre.0902.png', 'png', NULL, '2017-12-10 15:09:02', '2017-12-10 15:09:02', NULL, 48),
(289, 'offre.3548.png', 'png', NULL, '2017-12-10 16:35:48', '2017-12-10 16:35:48', NULL, 49),
(290, 'offre.4059.jpg', 'jpg', NULL, '2017-12-10 16:40:59', '2017-12-10 16:40:59', NULL, 50),
(291, 'offre.5028.png', 'png', NULL, '2017-12-10 16:50:28', '2017-12-10 16:50:28', NULL, 51),
(292, 'offre.0031.png', 'png', NULL, '2017-12-10 17:00:31', '2017-12-10 17:00:31', NULL, 52),
(293, 'offre.3324.png', 'png', NULL, '2017-12-10 17:33:24', '2017-12-10 17:33:24', NULL, 63),
(294, 'offre.3717.png', 'png', NULL, '2017-12-10 17:37:16', '2017-12-10 17:37:17', NULL, 61),
(295, 'offre.4039.png', 'png', NULL, '2017-12-10 17:40:39', '2017-12-10 17:40:39', NULL, 64),
(297, 'offre.2521.jpg', 'jpg', NULL, '2017-12-11 16:25:21', '2017-12-11 16:25:21', NULL, 75),
(298, 'offre.2641.jpg', 'jpg', NULL, '2017-12-11 16:26:41', '2017-12-11 16:26:41', NULL, 74),
(299, 'offre.2928.jpg', 'jpg', NULL, '2017-12-11 16:29:28', '2017-12-11 16:29:28', NULL, 70),
(300, 'offre.3021.jpg', 'jpg', NULL, '2017-12-11 16:30:21', '2017-12-11 16:30:21', NULL, 71),
(301, 'offre.3102.jpg', 'jpg', NULL, '2017-12-11 16:31:02', '2017-12-11 16:31:02', NULL, 69),
(304, 'no_image.png', NULL, NULL, '2017-12-12 14:37:59', '2017-12-12 14:37:59', NULL, NULL),
(305, 'no_image.png', NULL, NULL, '2017-12-12 14:37:59', '2017-12-12 14:37:59', NULL, NULL),
(306, 'no_image.png', NULL, NULL, '2017-12-12 14:37:59', '2017-12-12 14:37:59', NULL, NULL),
(307, 'offre.3550.jpg', 'jpg', NULL, '2017-12-12 22:35:50', '2017-12-12 22:35:50', NULL, 86),
(308, 'offre.3759.jpg', 'jpg', NULL, '2017-12-12 22:37:59', '2017-12-12 22:37:59', NULL, 87),
(309, 'offre.3759.jpg', 'jpg', NULL, '2017-12-12 22:37:59', '2017-12-12 22:37:59', NULL, 87),
(310, 'offre.3759.jpg', 'jpg', NULL, '2017-12-12 22:37:59', '2017-12-12 22:37:59', NULL, 87),
(311, 'offre.3759.jpg', 'jpg', NULL, '2017-12-12 22:37:59', '2017-12-12 22:37:59', NULL, 87),
(312, 'offre.3759.jpg', 'jpg', NULL, '2017-12-12 22:37:59', '2017-12-12 22:37:59', NULL, 87),
(313, 'offre.3759.jpg', 'jpg', NULL, '2017-12-12 22:37:59', '2017-12-12 22:37:59', NULL, 87),
(314, 'offre.4214.jpg', 'jpg', NULL, '2017-12-12 22:42:14', '2017-12-12 22:42:14', NULL, 88),
(315, 'offre.4214.jpg', 'jpg', NULL, '2017-12-12 22:42:14', '2017-12-12 22:42:14', NULL, 88),
(316, 'offre.4214.jpg', 'jpg', NULL, '2017-12-12 22:42:14', '2017-12-12 22:42:14', NULL, 88),
(317, 'offre.4214.jpg', 'jpg', NULL, '2017-12-12 22:42:14', '2017-12-12 22:42:14', NULL, 88),
(318, 'offre.4214.jpg', 'jpg', NULL, '2017-12-12 22:42:14', '2017-12-12 22:42:14', NULL, 88),
(319, 'offre.4214.jpg', 'jpg', NULL, '2017-12-12 22:42:14', '2017-12-12 22:42:14', NULL, 88),
(320, 'offre.4929.jpg', 'jpg', NULL, '2017-12-12 22:49:29', '2017-12-12 22:49:29', NULL, 89),
(321, 'offre.4929.jpg', 'jpg', NULL, '2017-12-12 22:49:29', '2017-12-12 22:49:29', NULL, 89),
(322, 'offre.4929.jpg', 'jpg', NULL, '2017-12-12 22:49:29', '2017-12-12 22:49:29', NULL, 89),
(323, 'offre.4929.jpg', 'jpg', NULL, '2017-12-12 22:49:29', '2017-12-12 22:49:29', NULL, 89),
(324, 'offre.4929.jpg', 'jpg', NULL, '2017-12-12 22:49:29', '2017-12-12 22:49:29', NULL, 89),
(325, 'offre.5943.jpg', 'jpg', NULL, '2017-12-12 22:59:43', '2017-12-12 22:59:43', NULL, 90),
(326, 'offre.5943.jpg', 'jpg', NULL, '2017-12-12 22:59:43', '2017-12-12 22:59:43', NULL, 90),
(327, 'offre.5943.jpg', 'jpg', NULL, '2017-12-12 22:59:43', '2017-12-12 22:59:43', NULL, 90),
(328, 'offre.5943.jpg', 'jpg', NULL, '2017-12-12 22:59:43', '2017-12-12 22:59:43', NULL, 90),
(329, 'offre.5943.jpg', 'jpg', NULL, '2017-12-12 22:59:43', '2017-12-12 22:59:43', NULL, 90),
(330, 'offre.5943.jpg', 'jpg', NULL, '2017-12-12 22:59:43', '2017-12-12 22:59:43', NULL, 90),
(331, 'offre.5943.jpg', 'jpg', NULL, '2017-12-12 22:59:43', '2017-12-12 22:59:43', NULL, 90),
(332, 'offre.5943.jpg', 'jpg', NULL, '2017-12-12 22:59:43', '2017-12-12 22:59:43', NULL, 90),
(333, 'offre.5943.jpg', 'jpg', NULL, '2017-12-12 22:59:43', '2017-12-12 22:59:43', NULL, 90),
(334, 'offre.0330.jpg', 'jpg', NULL, '2017-12-12 23:03:30', '2017-12-12 23:03:30', NULL, 91),
(335, 'offre.2212.jpg', 'jpg', NULL, '2017-12-12 23:22:12', '2017-12-12 23:22:12', NULL, 92),
(336, 'offre.2212.jpg', 'jpg', NULL, '2017-12-12 23:22:12', '2017-12-12 23:22:12', NULL, 92),
(337, 'offre.2212.jpg', 'jpg', NULL, '2017-12-12 23:22:12', '2017-12-12 23:22:12', NULL, 92),
(338, 'offre.2212.jpg', 'jpg', NULL, '2017-12-12 23:22:12', '2017-12-12 23:22:12', NULL, 92),
(339, 'offre.2213.jpg', 'jpg', NULL, '2017-12-12 23:22:12', '2017-12-12 23:22:13', NULL, 92),
(340, 'offre.2213.jpg', 'jpg', NULL, '2017-12-12 23:22:13', '2017-12-12 23:22:13', NULL, 92),
(341, 'offre.2213.jpg', 'jpg', NULL, '2017-12-12 23:22:13', '2017-12-12 23:22:13', NULL, 92),
(342, 'offre.2213.jpg', 'jpg', NULL, '2017-12-12 23:22:13', '2017-12-12 23:22:13', NULL, 92),
(343, 'offre.2213.jpg', 'jpg', NULL, '2017-12-12 23:22:13', '2017-12-12 23:22:13', NULL, 92),
(344, 'offre.2213.jpg', 'jpg', NULL, '2017-12-12 23:22:13', '2017-12-12 23:22:13', NULL, 92),
(345, 'offre.2213.jpg', 'jpg', NULL, '2017-12-12 23:22:13', '2017-12-12 23:22:13', NULL, 92),
(346, 'offre.2213.jpg', 'jpg', NULL, '2017-12-12 23:22:13', '2017-12-12 23:22:13', NULL, 92),
(347, 'offre.2213.jpg', 'jpg', NULL, '2017-12-12 23:22:13', '2017-12-12 23:22:13', NULL, 92),
(348, 'offre.2213.jpg', 'jpg', NULL, '2017-12-12 23:22:13', '2017-12-12 23:22:13', NULL, 92),
(349, 'offre.2213.jpg', 'jpg', NULL, '2017-12-12 23:22:13', '2017-12-12 23:22:13', NULL, 92),
(350, 'no_image.png', NULL, NULL, '2017-12-12 23:28:46', '2017-12-12 23:28:46', NULL, NULL),
(351, 'no_image.png', NULL, NULL, '2017-12-12 23:28:46', '2017-12-12 23:28:46', NULL, NULL),
(352, 'no_image.png', NULL, NULL, '2017-12-12 23:28:46', '2017-12-12 23:28:46', NULL, NULL),
(353, 'no_image.png', NULL, NULL, '2017-12-14 00:37:33', '2017-12-14 00:37:33', NULL, NULL),
(354, 'no_image.png', NULL, NULL, '2017-12-14 00:37:33', '2017-12-14 00:37:33', NULL, NULL),
(355, 'no_image.png', NULL, NULL, '2017-12-14 00:37:33', '2017-12-14 00:37:33', NULL, NULL),
(356, 'offre.2052.jpg', 'jpg', NULL, '2017-12-14 13:20:52', '2017-12-14 13:20:52', NULL, 37),
(357, 'offre.2959.jpg', 'jpg', NULL, '2017-12-14 13:29:59', '2017-12-14 13:29:59', NULL, 36),
(358, 'offre.2959.jpg', 'jpg', NULL, '2017-12-14 13:29:59', '2017-12-14 13:29:59', NULL, 36),
(359, 'offre.2959.jpg', 'jpg', NULL, '2017-12-14 13:29:59', '2017-12-14 13:29:59', NULL, 36),
(360, 'offre.3204.jpg', 'jpg', NULL, '2017-12-14 13:32:04', '2017-12-14 13:32:04', NULL, 133),
(361, 'offre.2245.jpg', 'jpg', NULL, '2017-12-16 12:22:45', '2017-12-16 12:22:45', NULL, 139),
(362, 'offre.2245.jpg', 'jpg', NULL, '2017-12-16 12:22:45', '2017-12-16 12:22:45', NULL, 139),
(363, 'offre.2245.jpeg', 'jpeg', NULL, '2017-12-16 12:22:45', '2017-12-16 12:22:45', NULL, 139),
(364, 'offre.2245.jpg', 'jpg', NULL, '2017-12-16 12:22:45', '2017-12-16 12:22:45', NULL, 139),
(365, 'offre.2604.jpg', 'jpg', NULL, '2017-12-16 12:26:04', '2017-12-16 12:26:04', NULL, 140),
(366, 'offre.2604.jpg', 'jpg', NULL, '2017-12-16 12:26:04', '2017-12-16 12:26:04', NULL, 140),
(367, 'offre.2604.jpg', 'jpg', NULL, '2017-12-16 12:26:04', '2017-12-16 12:26:04', NULL, 140),
(368, 'no_image.png', NULL, NULL, '2017-12-19 21:53:48', '2017-12-19 21:53:48', NULL, NULL),
(369, 'no_image.png', NULL, NULL, '2017-12-19 21:53:48', '2017-12-19 21:53:48', NULL, NULL),
(370, 'no_image.png', NULL, NULL, '2017-12-19 21:53:48', '2017-12-19 21:53:48', NULL, NULL),
(371, 'offre.4956.png', 'png', NULL, '2017-12-21 14:49:56', '2017-12-21 14:49:56', NULL, 166),
(372, 'offre.4956.jpg', 'jpg', NULL, '2017-12-21 14:49:56', '2017-12-21 14:49:56', NULL, 166),
(373, 'offre.4956.jpg', 'jpg', NULL, '2017-12-21 14:49:56', '2017-12-21 14:49:56', NULL, 166),
(374, 'offre.4956.jpg', 'jpg', NULL, '2017-12-21 14:49:56', '2017-12-21 14:49:56', NULL, 166),
(375, 'offre.4956.jpg', 'jpg', NULL, '2017-12-21 14:49:56', '2017-12-21 14:49:56', NULL, 166),
(376, 'offre.4956.jpg', 'jpg', NULL, '2017-12-21 14:49:56', '2017-12-21 14:49:56', NULL, 166),
(377, 'offre.4956.jpg', 'jpg', NULL, '2017-12-21 14:49:56', '2017-12-21 14:49:56', NULL, 166),
(378, 'offre.5135.jpg', 'jpg', NULL, '2017-12-21 14:51:35', '2017-12-21 14:51:35', NULL, 165),
(379, 'offre.5135.jpg', 'jpg', NULL, '2017-12-21 14:51:35', '2017-12-21 14:51:35', NULL, 165),
(380, 'offre.5320.jpg', 'jpg', NULL, '2017-12-21 14:53:20', '2017-12-21 14:53:20', NULL, 164),
(381, 'offre.5320.jpg', 'jpg', NULL, '2017-12-21 14:53:20', '2017-12-21 14:53:20', NULL, 164),
(382, 'offre.5320.jpg', 'jpg', NULL, '2017-12-21 14:53:20', '2017-12-21 14:53:20', NULL, 164),
(383, 'offre.5352.jpg', 'jpg', NULL, '2017-12-21 14:53:52', '2017-12-21 14:53:52', NULL, 162),
(384, 'offre.5352.jpg', 'jpg', NULL, '2017-12-21 14:53:52', '2017-12-21 14:53:52', NULL, 162),
(385, 'offre.5442.jpg', 'jpg', NULL, '2017-12-21 14:54:42', '2017-12-21 14:54:42', NULL, 163),
(386, 'offre.5442.jpg', 'jpg', NULL, '2017-12-21 14:54:42', '2017-12-21 14:54:42', NULL, 163),
(387, 'offre.5442.jpg', 'jpg', NULL, '2017-12-21 14:54:42', '2017-12-21 14:54:42', NULL, 163),
(388, 'no_image.png', NULL, NULL, '2018-01-03 10:49:16', '2018-01-03 10:49:16', NULL, NULL),
(389, 'no_image.png', NULL, NULL, '2018-01-03 10:49:16', '2018-01-03 10:49:16', NULL, NULL),
(390, 'no_image.png', NULL, NULL, '2018-01-03 10:49:16', '2018-01-03 10:49:16', NULL, NULL),
(391, 'no_image.png', NULL, NULL, '2018-01-08 20:15:48', '2018-01-08 20:15:48', NULL, NULL),
(392, 'no_image.png', NULL, NULL, '2018-01-08 20:15:48', '2018-01-08 20:15:48', NULL, NULL),
(393, 'no_image.png', NULL, NULL, '2018-01-08 20:15:48', '2018-01-08 20:15:48', NULL, NULL),
(394, 'offre.1800.jpg', 'jpg', NULL, '2018-01-08 21:18:00', '2018-01-08 21:18:00', NULL, 168),
(395, 'offre.1840.jpg', 'jpg', NULL, '2018-01-08 21:18:40', '2018-01-08 21:18:40', NULL, 69),
(396, 'offre.4854.jpg', 'jpg', NULL, '2018-01-08 21:48:54', '2018-01-08 21:48:54', NULL, 70),
(397, 'offre.4854.png', 'png', NULL, '2018-01-08 21:48:54', '2018-01-08 21:48:54', NULL, 70),
(398, 'offre.4915.jpg', 'jpg', NULL, '2018-01-08 21:49:15', '2018-01-08 21:49:15', NULL, 69),
(399, 'offre.5028.jpg', 'jpg', NULL, '2018-01-08 21:50:28', '2018-01-08 21:50:28', NULL, 170),
(400, 'offre.5028.jpg', 'jpg', NULL, '2018-01-08 21:50:28', '2018-01-08 21:50:29', NULL, 170),
(401, 'offre.5029.jpg', 'jpg', NULL, '2018-01-08 21:50:29', '2018-01-08 21:50:29', NULL, 170),
(402, 'offre.5029.jpg', 'jpg', NULL, '2018-01-08 21:50:29', '2018-01-08 21:50:29', NULL, 170),
(403, 'offre.5029.jpg', 'jpg', NULL, '2018-01-08 21:50:29', '2018-01-08 21:50:29', NULL, 170),
(404, 'offre.5105.jpg', 'jpg', NULL, '2018-01-08 21:51:05', '2018-01-08 21:51:05', NULL, 167),
(405, 'offre.5233.jpg', 'jpg', NULL, '2018-01-08 21:52:33', '2018-01-08 21:52:33', NULL, 75),
(406, 'offre.5233.png', 'png', NULL, '2018-01-08 21:52:33', '2018-01-08 21:52:33', NULL, 75),
(407, 'offre.5343.jpg', 'jpg', NULL, '2018-01-08 21:53:43', '2018-01-08 21:53:43', NULL, 74),
(408, 'offre.5343.jpg', 'jpg', NULL, '2018-01-08 21:53:43', '2018-01-08 21:53:43', NULL, 74),
(409, 'offre.5445.jpg', 'jpg', NULL, '2018-01-08 21:54:45', '2018-01-08 21:54:45', NULL, 73),
(410, 'offre.5445.jpg', 'jpg', NULL, '2018-01-08 21:54:45', '2018-01-08 21:54:45', NULL, 73),
(411, 'offre.5445.jpg', 'jpg', NULL, '2018-01-08 21:54:45', '2018-01-08 21:54:45', NULL, 73),
(412, 'offre.5445.jpg', 'jpg', NULL, '2018-01-08 21:54:45', '2018-01-08 21:54:45', NULL, 73),
(413, 'offre.2653.jpg', 'jpg', NULL, '2018-01-11 16:26:53', '2018-01-11 16:26:53', NULL, 85),
(414, 'offre.2653.jpg', 'jpg', NULL, '2018-01-11 16:26:53', '2018-01-11 16:26:53', NULL, 85),
(415, 'offre.2653.jpg', 'jpg', NULL, '2018-01-11 16:26:53', '2018-01-11 16:26:53', NULL, 85),
(416, 'offre.2653.jpg', 'jpg', NULL, '2018-01-11 16:26:53', '2018-01-11 16:26:53', NULL, 85),
(417, 'offre.3500.jpg', 'jpg', NULL, '2018-01-11 16:35:00', '2018-01-11 16:35:00', NULL, 84),
(418, 'offre.3501.jpg', 'jpg', NULL, '2018-01-11 16:35:00', '2018-01-11 16:35:01', NULL, 84),
(419, 'offre.3501.jpg', 'jpg', NULL, '2018-01-11 16:35:01', '2018-01-11 16:35:01', NULL, 84),
(420, 'offre.3501.jpg', 'jpg', NULL, '2018-01-11 16:35:01', '2018-01-11 16:35:01', NULL, 84),
(421, 'offre.3501.jpg', 'jpg', NULL, '2018-01-11 16:35:01', '2018-01-11 16:35:01', NULL, 84),
(422, 'offre.4139.jpg', 'jpg', NULL, '2018-01-11 16:41:39', '2018-01-11 16:41:39', NULL, 81),
(423, 'offre.4139.jpg', 'jpg', NULL, '2018-01-11 16:41:39', '2018-01-11 16:41:39', NULL, 81),
(424, 'offre.4139.jpg', 'jpg', NULL, '2018-01-11 16:41:39', '2018-01-11 16:41:39', NULL, 81),
(425, 'offre.4139.jpg', 'jpg', NULL, '2018-01-11 16:41:39', '2018-01-11 16:41:39', NULL, 81),
(426, 'offre.4139.jpg', 'jpg', NULL, '2018-01-11 16:41:39', '2018-01-11 16:41:39', NULL, 81),
(427, 'offre.4602.jpg', 'jpg', NULL, '2018-01-11 16:46:02', '2018-01-11 16:46:02', NULL, 80),
(428, 'offre.4603.jpg', 'jpg', NULL, '2018-01-11 16:46:02', '2018-01-11 16:46:03', NULL, 80),
(429, 'offre.4603.jpg', 'jpg', NULL, '2018-01-11 16:46:03', '2018-01-11 16:46:03', NULL, 80),
(430, 'offre.4603.jpg', 'jpg', NULL, '2018-01-11 16:46:03', '2018-01-11 16:46:03', NULL, 80),
(431, 'offre.4603.jpg', 'jpg', NULL, '2018-01-11 16:46:03', '2018-01-11 16:46:03', NULL, 80),
(432, 'offre.4603.jpg', 'jpg', NULL, '2018-01-11 16:46:03', '2018-01-11 16:46:03', NULL, 80),
(433, 'offre.5332.jpg', 'jpg', NULL, '2018-01-11 16:53:32', '2018-01-11 16:53:32', NULL, 78),
(434, 'offre.5332.jpg', 'jpg', NULL, '2018-01-11 16:53:32', '2018-01-11 16:53:32', NULL, 78),
(435, 'offre.5332.jpg', 'jpg', NULL, '2018-01-11 16:53:32', '2018-01-11 16:53:32', NULL, 78),
(437, 'offre.5332.jpg', 'jpg', NULL, '2018-01-11 16:53:32', '2018-01-11 16:53:32', NULL, 78),
(438, 'offre.5332.jpg', 'jpg', NULL, '2018-01-11 16:53:32', '2018-01-11 16:53:32', NULL, 78),
(439, 'offre.5755.jpg', 'jpg', NULL, '2018-01-11 16:57:55', '2018-01-11 16:57:55', NULL, 77),
(440, 'offre.5755.jpg', 'jpg', NULL, '2018-01-11 16:57:55', '2018-01-11 16:57:55', NULL, 77),
(441, 'offre.5755.jpg', 'jpg', NULL, '2018-01-11 16:57:55', '2018-01-11 16:57:55', NULL, 77),
(442, 'offre.5755.jpg', 'jpg', NULL, '2018-01-11 16:57:55', '2018-01-11 16:57:55', NULL, 77),
(443, 'offre.5755.jpg', 'jpg', NULL, '2018-01-11 16:57:55', '2018-01-11 16:57:55', NULL, 77),
(444, 'offre.5755.jpg', 'jpg', NULL, '2018-01-11 16:57:55', '2018-01-11 16:57:55', NULL, 77),
(445, 'offre.5906.jpg', 'jpg', NULL, '2018-01-11 16:59:06', '2018-01-11 16:59:06', NULL, 78),
(446, 'offre.5906.jpg', 'jpg', NULL, '2018-01-11 16:59:06', '2018-01-11 16:59:06', NULL, 78),
(447, 'offre.5906.jpg', 'jpg', NULL, '2018-01-11 16:59:06', '2018-01-11 16:59:06', NULL, 78),
(448, 'in-home-hairstylist.2724.jpg', 'jpg', NULL, '2018-01-15 20:37:34', '2018-01-29 21:27:24', NULL, NULL),
(449, 'no_image.png', NULL, NULL, '2018-01-15 20:37:34', '2018-01-15 20:37:34', NULL, NULL),
(450, 'no_image.png', NULL, NULL, '2018-01-15 20:37:34', '2018-01-15 20:37:34', NULL, NULL),
(451, 'no_image.png', NULL, NULL, '2018-01-15 20:46:29', '2018-01-15 20:46:29', NULL, NULL),
(452, 'no_image.png', NULL, NULL, '2018-01-15 20:46:29', '2018-01-15 20:46:29', NULL, NULL),
(453, 'no_image.png', NULL, NULL, '2018-01-15 20:46:29', '2018-01-15 20:46:29', NULL, NULL),
(454, 'no_image.png', NULL, NULL, '2018-01-18 23:01:07', '2018-01-18 23:01:07', NULL, NULL),
(455, 'no_image.png', NULL, NULL, '2018-01-18 23:01:07', '2018-01-18 23:01:07', NULL, NULL),
(456, 'no_image.png', NULL, NULL, '2018-01-18 23:01:07', '2018-01-18 23:01:07', NULL, NULL),
(457, 'no_image.png', NULL, NULL, '2018-01-18 23:06:43', '2018-01-18 23:06:43', NULL, NULL),
(458, 'no_image.png', NULL, NULL, '2018-01-18 23:06:43', '2018-01-18 23:06:43', NULL, NULL),
(459, 'no_image.png', NULL, NULL, '2018-01-18 23:06:43', '2018-01-18 23:06:43', NULL, NULL),
(460, 'offre.5015.jpg', 'jpg', NULL, '2018-01-23 12:50:15', '2018-01-23 12:50:15', NULL, 171),
(461, 'offre.5015.jpg', 'jpg', NULL, '2018-01-23 12:50:15', '2018-01-23 12:50:15', NULL, 171),
(462, 'offre.5015.jpg', 'jpg', NULL, '2018-01-23 12:50:15', '2018-01-23 12:50:15', NULL, 171),
(463, 'offre.5259.jpg', 'jpg', NULL, '2018-01-23 12:52:59', '2018-01-23 12:52:59', NULL, 141),
(464, 'offre.5259.jpg', 'jpg', NULL, '2018-01-23 12:52:59', '2018-01-23 12:52:59', NULL, 141),
(465, 'offre.0832.jpeg', 'jpeg', NULL, '2018-01-25 16:08:32', '2018-01-25 16:08:32', NULL, 175),
(466, 'offre.1133.jpg', 'jpg', NULL, '2018-01-25 16:11:33', '2018-01-25 16:11:33', NULL, 182),
(467, 'offre.5000.jpg', 'jpg', NULL, '2018-01-25 17:50:00', '2018-01-25 17:50:00', NULL, 208),
(468, 'offre.5000.jpg', 'jpg', NULL, '2018-01-25 17:50:00', '2018-01-25 17:50:00', NULL, 208),
(469, 'offre.5000.jpg', 'jpg', NULL, '2018-01-25 17:50:00', '2018-01-25 17:50:00', NULL, 208),
(470, 'offre.5120.jpg', 'jpg', NULL, '2018-01-25 17:51:20', '2018-01-25 17:51:20', NULL, 207),
(471, 'offre.5120.jpg', 'jpg', NULL, '2018-01-25 17:51:20', '2018-01-25 17:51:20', NULL, 207),
(472, 'offre.5120.jpg', 'jpg', NULL, '2018-01-25 17:51:20', '2018-01-25 17:51:20', NULL, 207),
(473, 'offre.5322.jpg', 'jpg', NULL, '2018-01-25 17:53:22', '2018-01-25 17:53:22', NULL, 206),
(474, 'offre.5322.jpg', 'jpg', NULL, '2018-01-25 17:53:22', '2018-01-25 17:53:22', NULL, 206),
(475, 'offre.5322.jpg', 'jpg', NULL, '2018-01-25 17:53:22', '2018-01-25 17:53:22', NULL, 206),
(476, 'offre.5429.jpg', 'jpg', NULL, '2018-01-25 17:54:29', '2018-01-25 17:54:29', NULL, 205),
(477, 'offre.5624.png', 'png', NULL, '2018-01-25 17:56:24', '2018-01-25 17:56:24', NULL, 204),
(478, 'offre.5754.jpg', 'jpg', NULL, '2018-01-25 17:57:54', '2018-01-25 17:57:54', NULL, 201),
(479, 'offre.5754.jpg', 'jpg', NULL, '2018-01-25 17:57:54', '2018-01-25 17:57:54', NULL, 201),
(480, 'offre.5754.jpg', 'jpg', NULL, '2018-01-25 17:57:54', '2018-01-25 17:57:54', NULL, 201),
(481, 'offre.0135.jpg', 'jpg', NULL, '2018-01-25 18:01:35', '2018-01-25 18:01:35', NULL, 200),
(482, 'offre.0135.jpg', 'jpg', NULL, '2018-01-25 18:01:35', '2018-01-25 18:01:35', NULL, 200),
(483, 'offre.0135.jpg', 'jpg', NULL, '2018-01-25 18:01:35', '2018-01-25 18:01:35', NULL, 200),
(484, 'offre.0135.jpg', 'jpg', NULL, '2018-01-25 18:01:35', '2018-01-25 18:01:35', NULL, 200),
(485, 'offre.0135.jpg', 'jpg', NULL, '2018-01-25 18:01:35', '2018-01-25 18:01:35', NULL, 200),
(486, 'offre.0135.jpg', 'jpg', NULL, '2018-01-25 18:01:35', '2018-01-25 18:01:35', NULL, 200),
(487, 'offre.0135.jpg', 'jpg', NULL, '2018-01-25 18:01:35', '2018-01-25 18:01:35', NULL, 200),
(488, 'offre.0135.jpg', 'jpg', NULL, '2018-01-25 18:01:35', '2018-01-25 18:01:35', NULL, 200),
(489, 'offre.0313.jpg', 'jpg', NULL, '2018-01-25 18:03:13', '2018-01-25 18:03:13', NULL, 186),
(490, 'offre.0313.jpg', 'jpg', NULL, '2018-01-25 18:03:13', '2018-01-25 18:03:13', NULL, 186),
(491, 'offre.0313.jpg', 'jpg', NULL, '2018-01-25 18:03:13', '2018-01-25 18:03:13', NULL, 186),
(492, 'offre.0438.jpg', 'jpg', NULL, '2018-01-25 18:04:38', '2018-01-25 18:04:38', NULL, 182),
(493, 'offre.0438.jpg', 'jpg', NULL, '2018-01-25 18:04:38', '2018-01-25 18:04:38', NULL, 182),
(494, 'offre.0541.jpg', 'jpg', NULL, '2018-01-25 18:05:41', '2018-01-25 18:05:41', NULL, 201),
(495, 'offre.0626.jpg', 'jpg', NULL, '2018-01-25 18:06:26', '2018-01-25 18:06:26', NULL, 201),
(496, 'offre.5924.jpg', 'jpg', NULL, '2018-01-27 22:59:24', '2018-01-27 22:59:24', NULL, 233),
(497, 'offre.5951.jpg', 'jpg', NULL, '2018-01-27 22:59:51', '2018-01-27 22:59:51', NULL, 232),
(498, 'offre.0141.jpg', 'jpg', NULL, '2018-01-27 23:01:41', '2018-01-27 23:01:41', NULL, 231),
(499, 'offre.0230.jpg', 'jpg', NULL, '2018-01-27 23:02:30', '2018-01-27 23:02:30', NULL, 229),
(500, 'offre.0520.jpg', 'jpg', NULL, '2018-01-27 23:05:20', '2018-01-27 23:05:21', NULL, 229),
(501, 'offre.0854.jpg', 'jpg', NULL, '2018-01-27 23:08:54', '2018-01-27 23:08:54', NULL, 233),
(502, 'offre.1040.jpg', 'jpg', NULL, '2018-01-27 23:10:40', '2018-01-27 23:10:40', NULL, 233),
(503, 'offre.1418.jpg', 'jpg', NULL, '2018-01-27 23:14:18', '2018-01-27 23:14:18', NULL, 229),
(504, 'offre.3305.jpg', 'jpg', NULL, '2018-01-27 23:33:05', '2018-01-27 23:33:05', NULL, 239),
(505, 'offre.5250.jpg', 'jpg', NULL, '2018-01-27 23:52:50', '2018-01-27 23:52:50', NULL, 238),
(506, 'offre.5532.jpg', 'jpg', NULL, '2018-01-27 23:55:32', '2018-01-27 23:55:32', NULL, 236),
(507, 'offre.0031.jpg', 'jpg', NULL, '2018-01-28 00:00:31', '2018-01-28 00:00:31', NULL, 237),
(508, 'offre.1708.jpg', 'jpg', NULL, '2018-01-28 00:17:08', '2018-01-28 00:17:08', NULL, 241),
(509, 'no_image.png', NULL, NULL, '2018-01-28 00:29:48', '2018-01-28 00:29:48', NULL, NULL),
(510, 'no_image.png', NULL, NULL, '2018-01-28 00:29:48', '2018-01-28 00:29:48', NULL, NULL),
(511, 'no_image.png', NULL, NULL, '2018-01-28 00:29:48', '2018-01-28 00:29:48', NULL, NULL),
(512, 'no_image.png', NULL, NULL, '2018-01-28 17:21:22', '2018-01-28 17:21:22', NULL, NULL),
(513, 'no_image.png', NULL, NULL, '2018-01-28 17:21:22', '2018-01-28 17:21:22', NULL, NULL),
(514, 'no_image.png', NULL, NULL, '2018-01-28 17:21:22', '2018-01-28 17:21:22', NULL, NULL),
(515, 'no_image.png', NULL, NULL, '2018-01-28 19:32:13', '2018-01-28 19:32:13', NULL, NULL),
(516, 'no_image.png', NULL, NULL, '2018-01-28 19:32:13', '2018-01-28 19:32:13', NULL, NULL),
(517, 'no_image.png', NULL, NULL, '2018-01-28 19:32:13', '2018-01-28 19:32:13', NULL, NULL),
(518, 'offre.4031.jpg', 'jpg', NULL, '2018-01-28 19:40:31', '2018-01-28 19:40:32', NULL, 247),
(519, 'aissatou.3333.jpeg', 'jpeg', NULL, '2018-02-06 19:23:21', '2018-02-06 19:33:33', NULL, NULL),
(520, 'no_image.png', NULL, NULL, '2018-02-06 19:23:21', '2018-02-06 19:23:21', NULL, NULL),
(521, 'no_image.png', NULL, NULL, '2018-02-06 19:23:21', '2018-02-06 19:23:21', NULL, NULL),
(522, 'no_image.png', NULL, NULL, '2018-02-07 08:21:04', '2018-02-07 08:21:04', NULL, NULL),
(523, 'no_image.png', NULL, NULL, '2018-02-07 08:21:04', '2018-02-07 08:21:04', NULL, NULL),
(524, 'no_image.png', NULL, NULL, '2018-02-07 08:21:04', '2018-02-07 08:21:04', NULL, NULL),
(525, 'no_image.png', NULL, NULL, '2018-02-10 13:02:05', '2018-02-10 13:02:05', NULL, NULL),
(526, 'no_image.png', NULL, NULL, '2018-02-10 13:02:05', '2018-02-10 13:02:05', NULL, NULL),
(527, 'no_image.png', NULL, NULL, '2018-02-10 13:02:05', '2018-02-10 13:02:05', NULL, NULL),
(528, 'no_image.png', NULL, NULL, '2018-02-10 18:40:21', '2018-02-10 18:40:21', NULL, NULL),
(529, 'no_image.png', NULL, NULL, '2018-02-10 18:40:21', '2018-02-10 18:40:21', NULL, NULL),
(530, 'no_image.png', NULL, NULL, '2018-02-10 18:40:21', '2018-02-10 18:40:21', NULL, NULL),
(531, 'no_image.png', NULL, NULL, '2018-02-14 17:09:54', '2018-02-14 17:09:54', NULL, NULL),
(532, 'no_image.png', NULL, NULL, '2018-02-14 17:09:54', '2018-02-14 17:09:54', NULL, NULL),
(533, 'no_image.png', NULL, NULL, '2018-02-14 17:09:54', '2018-02-14 17:09:54', NULL, NULL),
(534, 'no_image.png', NULL, NULL, '2018-02-15 18:16:55', '2018-02-15 18:16:55', NULL, NULL),
(535, 'no_image.png', NULL, NULL, '2018-02-15 18:16:55', '2018-02-15 18:16:55', NULL, NULL),
(536, 'no_image.png', NULL, NULL, '2018-02-15 18:16:55', '2018-02-15 18:16:55', NULL, NULL),
(537, 'no_image.png', NULL, NULL, '2018-02-20 15:04:16', '2018-02-20 15:04:16', NULL, NULL),
(538, 'no_image.png', NULL, NULL, '2018-02-20 15:04:16', '2018-02-20 15:04:16', NULL, NULL),
(539, 'no_image.png', NULL, NULL, '2018-02-20 15:04:16', '2018-02-20 15:04:16', NULL, NULL),
(540, 'no_image.png', NULL, NULL, '2018-02-22 13:19:58', '2018-02-22 13:19:58', NULL, NULL),
(541, 'no_image.png', NULL, NULL, '2018-02-22 13:19:58', '2018-02-22 13:19:58', NULL, NULL),
(542, 'no_image.png', NULL, NULL, '2018-02-22 13:19:58', '2018-02-22 13:19:58', NULL, NULL);

-- --------------------------------------------------------

--
-- Structure de la table `user_category`
--

CREATE TABLE `user_category` (
  `user_id` int(11) NOT NULL,
  `category_id` int(11) NOT NULL
) ENGINE=InnoDB DEFAULT CHARSET=utf8 COLLATE=utf8_unicode_ci;

-- --------------------------------------------------------

--
-- Structure de la table `user_cheveux`
--

CREATE TABLE `user_cheveux` (
  `user_id` int(11) NOT NULL,
  `category_id` int(11) NOT NULL
) ENGINE=InnoDB DEFAULT CHARSET=utf8 COLLATE=utf8_unicode_ci;

--
-- Déchargement des données de la table `user_cheveux`
--

INSERT INTO `user_cheveux` (`user_id`, `category_id`) VALUES
(80, 168),
(80, 169),
(80, 170),
(80, 171),
(80, 186),
(80, 187),
(80, 188),
(83, 168),
(83, 175),
(83, 181),
(83, 188),
(83, 194),
(83, 198),
(86, 168),
(86, 175),
(86, 181),
(86, 187),
(86, 191),
(86, 198),
(87, 168),
(87, 175),
(87, 181),
(87, 188),
(87, 192),
(87, 197),
(88, 168),
(88, 172),
(88, 181),
(88, 187),
(88, 194),
(88, 198),
(89, 170),
(89, 172),
(89, 177),
(89, 188),
(89, 194),
(89, 198),
(91, 168),
(91, 175),
(91, 181),
(91, 187),
(91, 191),
(91, 197),
(92, 168),
(92, 173),
(92, 181),
(92, 186),
(92, 191),
(92, 198),
(93, 168),
(93, 169),
(93, 171),
(93, 186),
(93, 187),
(93, 188),
(95, 169),
(95, 173),
(95, 187),
(95, 197),
(95, 247),
(95, 255),
(96, 168),
(96, 173),
(96, 181),
(96, 187),
(96, 191),
(96, 197),
(98, 171),
(98, 172),
(98, 178),
(98, 187),
(98, 194),
(98, 196),
(99, 170),
(99, 171),
(99, 186),
(99, 187),
(99, 188),
(101, 169),
(101, 175),
(101, 186),
(101, 194),
(101, 198),
(101, 247),
(102, 170),
(102, 173),
(102, 178),
(102, 181),
(102, 187),
(102, 194),
(102, 198),
(103, 169),
(103, 175),
(103, 186),
(103, 194),
(103, 198),
(103, 247),
(104, 169),
(104, 172),
(104, 181),
(104, 188),
(104, 194),
(104, 198),
(105, 170),
(105, 173),
(105, 178),
(105, 187),
(105, 194),
(105, 197),
(106, 168),
(106, 173),
(106, 180),
(106, 187),
(106, 191),
(106, 197),
(107, 168),
(107, 175),
(107, 181),
(107, 187),
(107, 198),
(107, 255);

-- --------------------------------------------------------

--
-- Structure de la table `user_peau`
--

CREATE TABLE `user_peau` (
  `user_id` int(11) NOT NULL,
  `category_id` int(11) NOT NULL
) ENGINE=InnoDB DEFAULT CHARSET=utf8 COLLATE=utf8_unicode_ci;

--
-- Déchargement des données de la table `user_peau`
--

INSERT INTO `user_peau` (`user_id`, `category_id`) VALUES
(62, 201),
(62, 202),
(62, 203),
(62, 204),
(62, 205),
(62, 246),
(62, 253),
(63, 201),
(63, 202),
(63, 203),
(63, 204),
(63, 205),
(63, 246),
(63, 253),
(64, 201),
(64, 202),
(64, 203),
(64, 204),
(64, 205),
(64, 246),
(64, 253),
(65, 201),
(65, 202),
(65, 203),
(65, 204),
(65, 205),
(65, 246),
(65, 253),
(67, 201),
(67, 202),
(67, 203),
(67, 204),
(67, 205),
(67, 246),
(67, 253),
(68, 201),
(68, 202),
(68, 203),
(68, 204),
(68, 205),
(68, 246),
(68, 253),
(76, 201),
(76, 202),
(76, 203),
(76, 204),
(76, 205),
(77, 201),
(77, 202),
(77, 203),
(77, 204),
(77, 205),
(77, 246),
(77, 253),
(78, 201),
(78, 202),
(78, 203),
(78, 204),
(78, 205),
(78, 246),
(78, 253),
(79, 201),
(79, 202),
(79, 203),
(79, 204),
(79, 205),
(79, 246),
(79, 253),
(83, 204),
(83, 210),
(86, 203),
(86, 208),
(87, 202),
(87, 210),
(88, 205),
(88, 208),
(89, 205),
(89, 207),
(91, 204),
(91, 210),
(92, 201),
(92, 208),
(95, 203),
(95, 209),
(96, 201),
(96, 208),
(98, 205),
(98, 207),
(101, 203),
(101, 207),
(102, 209),
(102, 246),
(103, 203),
(103, 210),
(104, 201),
(104, 207),
(105, 210),
(105, 253),
(106, 202),
(106, 208),
(107, 204),
(107, 210);

-- --------------------------------------------------------

--
-- Structure de la table `user_preferences`
--

CREATE TABLE `user_preferences` (
  `user_id` int(11) NOT NULL,
  `category_id` int(11) NOT NULL
) ENGINE=InnoDB DEFAULT CHARSET=utf8 COLLATE=utf8_unicode_ci;

--
-- Déchargement des données de la table `user_preferences`
--

INSERT INTO `user_preferences` (`user_id`, `category_id`) VALUES
(83, 218),
(83, 220),
(83, 221),
(83, 222),
(83, 226),
(83, 236),
(83, 237),
(83, 238),
(83, 239),
(83, 240),
(83, 241),
(83, 242),
(83, 243),
(83, 244),
(83, 245),
(83, 261),
(86, 220),
(86, 226),
(86, 231),
(86, 241),
(87, 219),
(87, 240),
(87, 241),
(87, 259),
(87, 260),
(88, 218),
(88, 220),
(88, 221),
(88, 222),
(88, 223),
(88, 236),
(88, 259),
(89, 219),
(89, 226),
(89, 231),
(89, 237),
(89, 238),
(89, 239),
(89, 243),
(91, 218),
(91, 219),
(91, 221),
(91, 226),
(91, 240),
(91, 241),
(91, 242),
(91, 244),
(92, 218),
(92, 242),
(92, 260),
(95, 219),
(95, 220),
(95, 245),
(96, 219),
(96, 220),
(96, 226),
(96, 237),
(96, 240),
(96, 243),
(96, 260),
(98, 219),
(98, 245),
(98, 263),
(101, 218),
(101, 226),
(101, 240),
(101, 241),
(101, 242),
(101, 243),
(101, 244),
(101, 245),
(101, 260),
(101, 262),
(101, 263),
(102, 219),
(102, 221),
(102, 222),
(102, 223),
(102, 231),
(102, 238),
(102, 244),
(103, 218),
(103, 219),
(103, 221),
(103, 223),
(103, 226),
(103, 240),
(103, 241),
(103, 242),
(103, 243),
(103, 244),
(103, 245),
(104, 219),
(104, 226),
(104, 239),
(104, 240),
(104, 241),
(104, 260),
(105, 218),
(105, 221),
(105, 222),
(105, 231),
(105, 245),
(106, 223),
(106, 231),
(106, 237),
(107, 218),
(107, 236),
(107, 237),
(107, 238),
(107, 239),
(107, 240),
(107, 244),
(107, 245),
(107, 260);

-- --------------------------------------------------------

--
-- Structure de la table `user_user`
--

CREATE TABLE `user_user` (
  `user_source` int(11) NOT NULL,
  `user_target` int(11) NOT NULL
) ENGINE=InnoDB DEFAULT CHARSET=utf8 COLLATE=utf8_unicode_ci;

--
-- Déchargement des données de la table `user_user`
--

INSERT INTO `user_user` (`user_source`, `user_target`) VALUES
(83, 82),
(104, 77);

-- --------------------------------------------------------

--
-- Structure de la table `zone`
--

CREATE TABLE `zone` (
  `id` int(11) NOT NULL,
  `is_publish` tinyint(1) DEFAULT NULL,
  `created_at` datetime DEFAULT NULL,
  `updated_at` datetime DEFAULT NULL
) ENGINE=InnoDB DEFAULT CHARSET=utf8 COLLATE=utf8_unicode_ci;

--
-- Déchargement des données de la table `zone`
--

INSERT INTO `zone` (`id`, `is_publish`, `created_at`, `updated_at`) VALUES
(1, 1, '2014-10-31 20:29:09', '2014-10-31 20:31:48'),
(8, 1, '2015-02-12 09:17:36', '2015-02-12 09:17:36'),
(10, 1, '2015-02-14 12:08:09', '2015-02-14 12:08:09'),
(21, 1, '2016-06-08 16:52:58', '2016-06-08 16:52:58'),
(24, 1, '2017-01-03 11:32:46', '2017-01-03 11:32:46'),
(25, 1, '2017-03-27 17:40:41', '2017-03-27 17:40:41'),
(26, 1, '2017-03-27 17:41:06', '2017-03-27 17:41:06'),
(27, 1, '2017-03-27 17:42:16', '2017-03-27 17:42:16');

-- --------------------------------------------------------

--
-- Structure de la table `zonetranslation`
--

CREATE TABLE `zonetranslation` (
  `id` int(11) NOT NULL,
  `translatable_id` int(11) DEFAULT NULL,
  `title` varchar(100) COLLATE utf8_unicode_ci DEFAULT NULL,
  `description` longtext COLLATE utf8_unicode_ci,
  `html` longtext COLLATE utf8_unicode_ci,
  `locale` varchar(255) COLLATE utf8_unicode_ci NOT NULL
) ENGINE=InnoDB DEFAULT CHARSET=utf8 COLLATE=utf8_unicode_ci;

--
-- Déchargement des données de la table `zonetranslation`
--

INSERT INTO `zonetranslation` (`id`, `translatable_id`, `title`, `description`, `html`, `locale`) VALUES
(1, 1, 'Pied de page', NULL, '<table border=\"0\" cellpadding=\"0\" cellspacing=\"0\">\r\n	<tbody>\r\n		<tr>\r\n			<td style=\"vertical-align:top\"><strong>Nous contacter</strong><br />\r\n			<a href=\"http://www.mybeautybooking.fr/contact/\">Formulaire contact</a><br />\r\n			<br />\r\n			<a href=\"https://www.facebook.com/\" target=\"_blank\"><img alt=\"\" src=\"/js/fileman/../../uploads/medias/rs1.png\" style=\"width: 38px; height: 38px;\" /></a>&nbsp;<a href=\"https://www.instagram.com/?hl=fr\" target=\"_blank\"><img alt=\"\" src=\"/js/fileman/../../uploads/medias/rs2.png\" style=\"width: 38px; height: 38px;\" /></a>&nbsp;<a href=\"https://www.youtube.com/?hl=fr&amp;gl=FR\" target=\"_blank\"><img alt=\"\" src=\"/js/fileman/../../uploads/medias/rs3.png\" style=\"width: 38px; height: 38px;\" /></a></td>\r\n			<td style=\"width:100px\">&nbsp;</td>\r\n			<td style=\"vertical-align:top\"><strong>Recrutement</strong><br />\r\n			<a href=\"http://www.mybeautybooking.fr/mag/article/rejoindre-notre-reseau-professionnel/13\">Adh&eacute;sion</a><br />\r\n			<a href=\"http://www.mybeautybooking.fr/mag/article/nous-rejoindre/14\">Stage et emploi chez My Beauty Booking</a>&nbsp;</td>\r\n			<td style=\"width:100px\">&nbsp;</td>\r\n			<td style=\"vertical-align:top\"><strong>A propos</strong><br />\r\n			<a href=\"http://www.mybeautybooking.fr/mag/article/qui-sommes-nous/11\">L&rsquo;&eacute;quipe</a><br />\r\n			<a href=\"http://www.mybeautybooking.fr/mag/article/pourquoi-choisir-my-beauty-booking/12\">Espace pro</a>&nbsp;<br />\r\n			<a href=\"http://www.mybeautybooking.fr\">CGU</a></td>\r\n			<td style=\"width:100px\">&nbsp;</td>\r\n			<td style=\"vertical-align:top\"><strong>Blog</strong><br />\r\n			<a href=\"https://mybeautybooking.blog/\">My Beauty Booking Magazine</a></td>\r\n		</tr>\r\n		<tr>\r\n			<td colspan=\"8\" style=\"vertical-align:top\">&nbsp;</td>\r\n		</tr>\r\n		<tr>\r\n			<td colspan=\"8\" style=\"vertical-align:top\">&copy; My Beauty Booking 2017 tous droits r&eacute;serv&eacute;s.&nbsp;<a href=\"http://www.mybeautybooking.fr\">Mentions l&eacute;gales</a></td>\r\n		</tr>\r\n	</tbody>\r\n</table>', 'fr'),
(21, 21, 'Page contact', NULL, NULL, 'fr'),
(25, 1, 'Pied de page', NULL, '<table border=\"0\" cellpadding=\"0\" cellspacing=\"0\">\r\n	<tbody>\r\n		<tr>\r\n			<td colspan=\"7\" style=\"vertical-align:top\">&copy; RDV Beauty 2017 tous droits r&eacute;serv&eacute;s. Toute copie, y compris partielle, est ill&eacute;gale</td>\r\n		</tr>\r\n		<tr>\r\n			<td colspan=\"7\" style=\"vertical-align:top\">&nbsp;</td>\r\n		</tr>\r\n		<tr>\r\n			<td style=\"vertical-align:top\"><a href=\"http://rdvbeauty.faprod.com\">Exemple de lien</a><br />\r\n			<a href=\"http://rdvbeauty.faprod.com\">Exemple de lien</a><br />\r\n			<a href=\"http://rdvbeauty.faprod.com\">Exemple de lien</a></td>\r\n			<td style=\"width:100px\">&nbsp;</td>\r\n			<td style=\"vertical-align:top\"><a href=\"http://rdvbeauty.faprod.com\">Exemple de lien</a><br />\r\n			<a href=\"http://rdvbeauty.faprod.com\">Exemple de lien</a><br />\r\n			<a href=\"http://rdvbeauty.faprod.com\">Exemple de lien</a></td>\r\n			<td style=\"width:100px\">&nbsp;</td>\r\n			<td style=\"vertical-align:top\"><a href=\"http://rdvbeauty.faprod.com\">Exemple de lien</a><br />\r\n			<a href=\"http://rdvbeauty.faprod.com\">Exemple de lien</a><br />\r\n			<a href=\"http://rdvbeauty.faprod.com\">Exemple de lien</a></td>\r\n			<td style=\"width:100px\">&nbsp;</td>\r\n			<td style=\"vertical-align:top\"><a href=\"http://rdvbeauty.faprod.com\">Exemple de lien</a><br />\r\n			<a href=\"http://rdvbeauty.faprod.com\">Exemple de lien</a><br />\r\n			<a href=\"http://rdvbeauty.faprod.com\">Exemple de lien</a></td>\r\n		</tr>\r\n	</tbody>\r\n</table>', 'de'),
(27, 21, 'Page contact', NULL, NULL, 'de'),
(29, 24, 'Accueil - notre vision', NULL, '<p style=\"text-align: center;\"><span style=\"font-size:18px;\">Chez My Beauty Booking, la femme est unique et multiple.</span></p>\r\n\r\n<p style=\"text-align: center;\">&nbsp;</p>\r\n\r\n<p style=\"text-align: center;\"><span style=\"font-size:18px;\"><strong>Nous vous proposons un home service sur mesure adapt&eacute; &agrave; toutes les carnations&nbsp;de peau et typologies capillaires.</strong></span></p>\r\n\r\n<p style=\"text-align: center;\"><span style=\"font-size:18px;\"><strong>Toutes les beaut&eacute;s sont respect&eacute;es et mises en valeur.</strong></span></p>\r\n\r\n<p style=\"text-align: center;\">&nbsp;</p>\r\n\r\n<p style=\"text-align: center;\"><span style=\"font-size:18px;\">My Beauty Booking met un point d&rsquo;honneur &agrave; proposer un choix de prestations et de styles toujours plus large afin que chacune trouve son bonheur sur la plate-forme.</span></p>', 'fr'),
(30, 24, 'Accueil - Comment ça marche', NULL, '<p>Notre objectif est de vous simplifier la vie. En quelques clics vous pouvez trouver un coiffeur, une esth&eacute;ticienne, une manucure, ou tout autre prestataire dans le domaine de la beaut&eacute;.<br />\r\nCe site vous permettra ensuite de prendre rendez-vous chez le professionnel le plus proche.<br />\r\n<span style=\"color:#EA437B;\">Gratuitement, 7 jours sur 7 et 24 heures sur 24.</span></p>', 'de'),
(31, 25, 'Accueil - le principe', NULL, '<div class=\"row\">\r\n<div class=\"col-lg-3 text-center\">\r\n<div class=\"principe-badge\" style=\"font-size:30px;\">1</div>\r\n\r\n<hr />\r\n<p><b style=\"font-size:20px;\">D&eacute;finissez votre profil beaut&eacute;</b></p>\r\n\r\n<p>&nbsp;</p>\r\n\r\n<p>pour un maching parfait avec votre physique et vos pr&eacute;f&eacute;rences.</p>\r\n</div>\r\n\r\n<div class=\"col-lg-3 text-center\">\r\n<div class=\"principe-badge\" style=\"font-size:30px;\">2</div>\r\n\r\n<hr />\r\n<p><b style=\"font-size:20px;\">Trouvez votre prestation beaut&eacute; et commander votre Beauty Booking</b></p>\r\n\r\n<p>&nbsp;</p>\r\n\r\n<p>en fonction de vos disponibilit&eacute;s.</p>\r\n</div>\r\n\r\n<div class=\"col-lg-3 text-center\">\r\n<div class=\"principe-badge\" style=\"font-size:30px;\">3</div>\r\n\r\n<hr />\r\n<p><b style=\"font-size:20px;\">Recevez votre Beauty Artist &agrave; votre domicile ou au bureau</b>.</p>\r\n\r\n<p>&nbsp;</p>\r\n\r\n<p>Laissez-vous sublimer par un professionnel s&eacute;lectionn&eacute; par nos soins.</p>\r\n</div>\r\n\r\n<div class=\"col-lg-3 text-center\">\r\n<div class=\"principe-badge\" style=\"font-size:30px;\">4</div>\r\n\r\n<hr />\r\n<p><b style=\"font-size:20px;\">D&eacute;bloquez&nbsp;le paiement du Beauty Artist</b></p>\r\n\r\n<p>&nbsp;</p>\r\n\r\n<p>en validant sa prestation sur le site</p>\r\n</div>\r\n</div>', 'fr'),
(32, 26, 'Accueil - nos beauty artist', NULL, '<p style=\"text-align: center;\"><span style=\"font-size:18px;\">My Beauty Booking s&rsquo;entoure de professionnels qualifi&eacute;s, dipl&ocirc;m&eacute;s des meilleures &eacute;coles et/ou disposant d&rsquo;une solide exp&eacute;rience acquise aupr&egrave;s de grandes enseignes.</span></p>\r\n\r\n<p style=\"text-align: center;\">&nbsp;</p>\r\n\r\n<p style=\"text-align: center;\"><span style=\"font-size:18px;\"><strong>L&rsquo;excellence et la ma&icirc;trise sont les ma&icirc;tres-mot de nos crit&egrave;res de s&eacute;lection.</strong></span></p>\r\n\r\n<p style=\"text-align: center;\">&nbsp;</p>\r\n\r\n<p style=\"text-align: center;\"><span style=\"font-size:18px;\">Tous les beauty artists que nous choisissons sont experts dans leur domaine de pr&eacute;dilection </span></p>\r\n\r\n<p style=\"text-align: center;\"><span style=\"font-size:18px;\">(</span><span style=\"font-size:16px;\">exemple: lissage SteamPod, coloration, nail art, maquillage semi-permanent, tresses sur cheveux cr&eacute;pus, etc&hellip;.</span><span style=\"font-size:18px;\">)</span></p>', 'fr'),
(33, 27, 'Documents à fournir', NULL, '<p>Veuillez nous transmetre les documents suivants afin que votre compte soit valid&eacute; :</p>\r\n\r\n<p>&nbsp;&nbsp;&nbsp;&nbsp;&nbsp;&nbsp;&nbsp;&nbsp;&nbsp;&nbsp;&nbsp; ⁃&nbsp;&nbsp;&nbsp;&nbsp;&nbsp;&nbsp;&nbsp;&nbsp; scans de la cni ou passeport<br />\r\n&nbsp;&nbsp;&nbsp;&nbsp;&nbsp;&nbsp;&nbsp;&nbsp;&nbsp;&nbsp;&nbsp; ⁃&nbsp;&nbsp;&nbsp;&nbsp;&nbsp;&nbsp;&nbsp;&nbsp; assurance pro<br />\r\n&nbsp;&nbsp;&nbsp;&nbsp;&nbsp;&nbsp;&nbsp;&nbsp;&nbsp;&nbsp;&nbsp; ⁃&nbsp;&nbsp;&nbsp;&nbsp;&nbsp;&nbsp;&nbsp;&nbsp; bis ou doc insee<br />\r\n&nbsp;&nbsp;&nbsp;&nbsp;&nbsp;&nbsp;&nbsp;&nbsp;&nbsp;&nbsp;&nbsp; ⁃&nbsp;&nbsp;&nbsp;&nbsp;&nbsp;&nbsp;&nbsp;&nbsp; diplome<br />\r\n&nbsp;&nbsp;&nbsp;&nbsp;&nbsp;&nbsp;&nbsp;&nbsp;&nbsp;&nbsp;&nbsp; ⁃&nbsp; &nbsp; &nbsp; &nbsp; &nbsp;charte My Beauty Booking sign&eacute;e</p>', 'fr');

--
-- Index pour les tables déchargées
--

--
-- Index pour la table `admin`
--
ALTER TABLE `admin`
  ADD PRIMARY KEY (`id`),
  ADD UNIQUE KEY `UNIQ_880E0D76F85E0677` (`username`);

--
-- Index pour la table `agenda`
--
ALTER TABLE `agenda`
  ADD PRIMARY KEY (`id`),
  ADD KEY `IDX_2CEDC877A76ED395` (`user_id`),
  ADD KEY `IDX_2CEDC8773301C60` (`booking_id`);

--
-- Index pour la table `booking`
--
ALTER TABLE `booking`
  ADD PRIMARY KEY (`id`),
  ADD KEY `IDX_E00CEDDEA76ED395` (`user_id`),
  ADD KEY `IDX_E00CEDDE8DE820D9` (`seller_id`),
  ADD KEY `IDX_E00CEDDE53C674EE` (`offer_id`);

--
-- Index pour la table `category`
--
ALTER TABLE `category`
  ADD PRIMARY KEY (`id`),
  ADD KEY `IDX_64C19C1727ACA70` (`parent_id`);

--
-- Index pour la table `categorytranslation`
--
ALTER TABLE `categorytranslation`
  ADD PRIMARY KEY (`id`),
  ADD UNIQUE KEY `UNIQ_F13CE5692C2AC5D34180C698` (`translatable_id`,`locale`),
  ADD KEY `IDX_F13CE5692C2AC5D3` (`translatable_id`);

--
-- Index pour la table `configs`
--
ALTER TABLE `configs`
  ADD PRIMARY KEY (`id`);

--
-- Index pour la table `content`
--
ALTER TABLE `content`
  ADD PRIMARY KEY (`id`),
  ADD UNIQUE KEY `UNIQ_FEC530A991F8D062` (`image_principale_id`),
  ADD KEY `IDX_FEC530A999A375C8` (`type_content_id`),
  ADD KEY `IDX_FEC530A912469DE2` (`category_id`);

--
-- Index pour la table `contentcomment`
--
ALTER TABLE `contentcomment`
  ADD PRIMARY KEY (`id`),
  ADD KEY `IDX_571C543A76ED395` (`user_id`),
  ADD KEY `IDX_571C543858C065E` (`vendeur_id`),
  ADD KEY `IDX_571C5433301C60` (`booking_id`);

--
-- Index pour la table `contentimage`
--
ALTER TABLE `contentimage`
  ADD PRIMARY KEY (`id`),
  ADD KEY `IDX_557A998184A0A3ED` (`content_id`);

--
-- Index pour la table `contenttranslation`
--
ALTER TABLE `contenttranslation`
  ADD PRIMARY KEY (`id`),
  ADD UNIQUE KEY `UNIQ_4E1B03E52C2AC5D34180C698` (`translatable_id`,`locale`),
  ADD KEY `IDX_4E1B03E52C2AC5D3` (`translatable_id`);

--
-- Index pour la table `discussion`
--
ALTER TABLE `discussion`
  ADD PRIMARY KEY (`id`),
  ADD KEY `IDX_C0B9F90FA4F84F6E` (`destinataire_id`),
  ADD KEY `IDX_C0B9F90FA76ED395` (`user_id`);

--
-- Index pour la table `document`
--
ALTER TABLE `document`
  ADD PRIMARY KEY (`id`),
  ADD KEY `IDX_D8698A76A76ED395` (`user_id`);

--
-- Index pour la table `horaire`
--
ALTER TABLE `horaire`
  ADD PRIMARY KEY (`id`),
  ADD KEY `IDX_BBC83DB6A76ED395` (`user_id`);

--
-- Index pour la table `log`
--
ALTER TABLE `log`
  ADD PRIMARY KEY (`id`);

--
-- Index pour la table `message`
--
ALTER TABLE `message`
  ADD PRIMARY KEY (`id`),
  ADD KEY `IDX_B6BD307F1ADED311` (`discussion_id`),
  ADD KEY `IDX_B6BD307FA76ED395` (`user_id`),
  ADD KEY `IDX_B6BD307FA4F84F6E` (`destinataire_id`);

--
-- Index pour la table `migration_versions`
--
ALTER TABLE `migration_versions`
  ADD PRIMARY KEY (`version`);

--
-- Index pour la table `newsletter`
--
ALTER TABLE `newsletter`
  ADD PRIMARY KEY (`id`);

--
-- Index pour la table `offer`
--
ALTER TABLE `offer`
  ADD PRIMARY KEY (`id`),
  ADD KEY `IDX_29D6873EA76ED395` (`user_id`),
  ADD KEY `IDX_29D6873E9E45C554` (`prestation_id`);

--
-- Index pour la table `offertranslation`
--
ALTER TABLE `offertranslation`
  ADD PRIMARY KEY (`id`),
  ADD UNIQUE KEY `UNIQ_4B8876C32C2AC5D34180C698` (`translatable_id`,`locale`),
  ADD KEY `IDX_4B8876C32C2AC5D3` (`translatable_id`);

--
-- Index pour la table `optionadverttranslation`
--
ALTER TABLE `optionadverttranslation`
  ADD PRIMARY KEY (`id`),
  ADD UNIQUE KEY `UNIQ_C431910D2C2AC5D34180C698` (`translatable_id`,`locale`),
  ADD KEY `IDX_C431910D2C2AC5D3` (`translatable_id`);

--
-- Index pour la table `optionuser`
--
ALTER TABLE `optionuser`
  ADD PRIMARY KEY (`id`),
  ADD KEY `IDX_76861FF4727ACA70` (`parent_id`);

--
-- Index pour la table `ordertable`
--
ALTER TABLE `ordertable`
  ADD PRIMARY KEY (`id`),
  ADD KEY `IDX_E6FDC54AA76ED395` (`user_id`);

--
-- Index pour la table `prestation`
--
ALTER TABLE `prestation`
  ADD PRIMARY KEY (`id`),
  ADD KEY `IDX_51C88FAD727ACA70` (`parent_id`);

--
-- Index pour la table `prestationtranslation`
--
ALTER TABLE `prestationtranslation`
  ADD PRIMARY KEY (`id`),
  ADD UNIQUE KEY `UNIQ_31DB2A42C2AC5D34180C698` (`translatable_id`,`locale`),
  ADD KEY `IDX_31DB2A42C2AC5D3` (`translatable_id`);

--
-- Index pour la table `publicite`
--
ALTER TABLE `publicite`
  ADD PRIMARY KEY (`id`),
  ADD KEY `IDX_1D394E39A76ED395` (`user_id`);

--
-- Index pour la table `publiciteimage`
--
ALTER TABLE `publiciteimage`
  ADD PRIMARY KEY (`id`),
  ADD KEY `IDX_C61143A57C04F1B1` (`publicite_id`);

--
-- Index pour la table `reduc`
--
ALTER TABLE `reduc`
  ADD PRIMARY KEY (`id`);

--
-- Index pour la table `reduclog`
--
ALTER TABLE `reduclog`
  ADD PRIMARY KEY (`id`);

--
-- Index pour la table `statpublicite`
--
ALTER TABLE `statpublicite`
  ADD PRIMARY KEY (`id`),
  ADD KEY `IDX_BACEDACE7C04F1B1` (`publicite_id`);

--
-- Index pour la table `statuser`
--
ALTER TABLE `statuser`
  ADD PRIMARY KEY (`id`),
  ADD KEY `IDX_3CF72E87A76ED395` (`user_id`);

--
-- Index pour la table `typecontent`
--
ALTER TABLE `typecontent`
  ADD PRIMARY KEY (`id`);

--
-- Index pour la table `user`
--
ALTER TABLE `user`
  ADD PRIMARY KEY (`id`),
  ADD UNIQUE KEY `UNIQ_8D93D649E7927C74` (`email`),
  ADD UNIQUE KEY `UNIQ_8D93D6493DA5256D` (`image_id`),
  ADD UNIQUE KEY `UNIQ_8D93D6491B0CCD46` (`image_cheveux_id`),
  ADD UNIQUE KEY `UNIQ_8D93D649DD9ED411` (`image_peau_id`);

--
-- Index pour la table `userimage`
--
ALTER TABLE `userimage`
  ADD PRIMARY KEY (`id`),
  ADD KEY `IDX_E299388DA76ED395` (`user_id`),
  ADD KEY `IDX_E299388D53C674EE` (`offer_id`);

--
-- Index pour la table `user_category`
--
ALTER TABLE `user_category`
  ADD PRIMARY KEY (`user_id`,`category_id`),
  ADD KEY `IDX_E6C1FDC1A76ED395` (`user_id`),
  ADD KEY `IDX_E6C1FDC112469DE2` (`category_id`);

--
-- Index pour la table `user_cheveux`
--
ALTER TABLE `user_cheveux`
  ADD PRIMARY KEY (`user_id`,`category_id`),
  ADD KEY `IDX_C6946030A76ED395` (`user_id`),
  ADD KEY `IDX_C694603012469DE2` (`category_id`);

--
-- Index pour la table `user_peau`
--
ALTER TABLE `user_peau`
  ADD PRIMARY KEY (`user_id`,`category_id`),
  ADD KEY `IDX_226FE5D7A76ED395` (`user_id`),
  ADD KEY `IDX_226FE5D712469DE2` (`category_id`);

--
-- Index pour la table `user_preferences`
--
ALTER TABLE `user_preferences`
  ADD PRIMARY KEY (`user_id`,`category_id`),
  ADD KEY `IDX_402A6F60A76ED395` (`user_id`),
  ADD KEY `IDX_402A6F6012469DE2` (`category_id`);

--
-- Index pour la table `user_user`
--
ALTER TABLE `user_user`
  ADD PRIMARY KEY (`user_source`,`user_target`),
  ADD KEY `IDX_F7129A803AD8644E` (`user_source`),
  ADD KEY `IDX_F7129A80233D34C1` (`user_target`);

--
-- Index pour la table `zone`
--
ALTER TABLE `zone`
  ADD PRIMARY KEY (`id`);

--
-- Index pour la table `zonetranslation`
--
ALTER TABLE `zonetranslation`
  ADD PRIMARY KEY (`id`),
  ADD UNIQUE KEY `UNIQ_F7C3A6F72C2AC5D34180C698` (`translatable_id`,`locale`),
  ADD KEY `IDX_F7C3A6F72C2AC5D3` (`translatable_id`);

--
-- AUTO_INCREMENT pour les tables déchargées
--

--
-- AUTO_INCREMENT pour la table `admin`
--
ALTER TABLE `admin`
  MODIFY `id` int(11) NOT NULL AUTO_INCREMENT, AUTO_INCREMENT=4;

--
-- AUTO_INCREMENT pour la table `agenda`
--
ALTER TABLE `agenda`
  MODIFY `id` int(11) NOT NULL AUTO_INCREMENT, AUTO_INCREMENT=1266;

--
-- AUTO_INCREMENT pour la table `booking`
--
ALTER TABLE `booking`
  MODIFY `id` int(11) NOT NULL AUTO_INCREMENT, AUTO_INCREMENT=42;

--
-- AUTO_INCREMENT pour la table `category`
--
ALTER TABLE `category`
  MODIFY `id` int(11) NOT NULL AUTO_INCREMENT, AUTO_INCREMENT=264;

--
-- AUTO_INCREMENT pour la table `categorytranslation`
--
ALTER TABLE `categorytranslation`
  MODIFY `id` int(11) NOT NULL AUTO_INCREMENT, AUTO_INCREMENT=271;

--
-- AUTO_INCREMENT pour la table `configs`
--
ALTER TABLE `configs`
  MODIFY `id` int(11) NOT NULL AUTO_INCREMENT, AUTO_INCREMENT=8;

--
-- AUTO_INCREMENT pour la table `content`
--
ALTER TABLE `content`
  MODIFY `id` int(11) NOT NULL AUTO_INCREMENT, AUTO_INCREMENT=20;

--
-- AUTO_INCREMENT pour la table `contentcomment`
--
ALTER TABLE `contentcomment`
  MODIFY `id` int(11) NOT NULL AUTO_INCREMENT, AUTO_INCREMENT=6;

--
-- AUTO_INCREMENT pour la table `contentimage`
--
ALTER TABLE `contentimage`
  MODIFY `id` int(11) NOT NULL AUTO_INCREMENT, AUTO_INCREMENT=74;

--
-- AUTO_INCREMENT pour la table `contenttranslation`
--
ALTER TABLE `contenttranslation`
  MODIFY `id` int(11) NOT NULL AUTO_INCREMENT, AUTO_INCREMENT=28;

--
-- AUTO_INCREMENT pour la table `discussion`
--
ALTER TABLE `discussion`
  MODIFY `id` int(11) NOT NULL AUTO_INCREMENT, AUTO_INCREMENT=29;

--
-- AUTO_INCREMENT pour la table `document`
--
ALTER TABLE `document`
  MODIFY `id` int(11) NOT NULL AUTO_INCREMENT, AUTO_INCREMENT=104;

--
-- AUTO_INCREMENT pour la table `horaire`
--
ALTER TABLE `horaire`
  MODIFY `id` int(11) NOT NULL AUTO_INCREMENT, AUTO_INCREMENT=195;

--
-- AUTO_INCREMENT pour la table `log`
--
ALTER TABLE `log`
  MODIFY `id` int(11) NOT NULL AUTO_INCREMENT;

--
-- AUTO_INCREMENT pour la table `message`
--
ALTER TABLE `message`
  MODIFY `id` int(11) NOT NULL AUTO_INCREMENT, AUTO_INCREMENT=19;

--
-- AUTO_INCREMENT pour la table `newsletter`
--
ALTER TABLE `newsletter`
  MODIFY `id` int(11) NOT NULL AUTO_INCREMENT, AUTO_INCREMENT=2;

--
-- AUTO_INCREMENT pour la table `offer`
--
ALTER TABLE `offer`
  MODIFY `id` int(11) NOT NULL AUTO_INCREMENT, AUTO_INCREMENT=264;

--
-- AUTO_INCREMENT pour la table `offertranslation`
--
ALTER TABLE `offertranslation`
  MODIFY `id` int(11) NOT NULL AUTO_INCREMENT, AUTO_INCREMENT=264;

--
-- AUTO_INCREMENT pour la table `optionadverttranslation`
--
ALTER TABLE `optionadverttranslation`
  MODIFY `id` int(11) NOT NULL AUTO_INCREMENT;

--
-- AUTO_INCREMENT pour la table `optionuser`
--
ALTER TABLE `optionuser`
  MODIFY `id` int(11) NOT NULL AUTO_INCREMENT;

--
-- AUTO_INCREMENT pour la table `ordertable`
--
ALTER TABLE `ordertable`
  MODIFY `id` int(11) NOT NULL AUTO_INCREMENT, AUTO_INCREMENT=2;

--
-- AUTO_INCREMENT pour la table `prestation`
--
ALTER TABLE `prestation`
  MODIFY `id` int(11) NOT NULL AUTO_INCREMENT, AUTO_INCREMENT=230;

--
-- AUTO_INCREMENT pour la table `prestationtranslation`
--
ALTER TABLE `prestationtranslation`
  MODIFY `id` int(11) NOT NULL AUTO_INCREMENT, AUTO_INCREMENT=230;

--
-- AUTO_INCREMENT pour la table `publicite`
--
ALTER TABLE `publicite`
  MODIFY `id` int(11) NOT NULL AUTO_INCREMENT, AUTO_INCREMENT=4;

--
-- AUTO_INCREMENT pour la table `publiciteimage`
--
ALTER TABLE `publiciteimage`
  MODIFY `id` int(11) NOT NULL AUTO_INCREMENT, AUTO_INCREMENT=8;

--
-- AUTO_INCREMENT pour la table `reduc`
--
ALTER TABLE `reduc`
  MODIFY `id` int(11) NOT NULL AUTO_INCREMENT, AUTO_INCREMENT=8;

--
-- AUTO_INCREMENT pour la table `reduclog`
--
ALTER TABLE `reduclog`
  MODIFY `id` int(11) NOT NULL AUTO_INCREMENT, AUTO_INCREMENT=2;

--
-- AUTO_INCREMENT pour la table `statpublicite`
--
ALTER TABLE `statpublicite`
  MODIFY `id` int(11) NOT NULL AUTO_INCREMENT, AUTO_INCREMENT=397;

--
-- AUTO_INCREMENT pour la table `statuser`
--
ALTER TABLE `statuser`
  MODIFY `id` int(11) NOT NULL AUTO_INCREMENT, AUTO_INCREMENT=151;

--
-- AUTO_INCREMENT pour la table `typecontent`
--
ALTER TABLE `typecontent`
  MODIFY `id` int(11) NOT NULL AUTO_INCREMENT, AUTO_INCREMENT=2;

--
-- AUTO_INCREMENT pour la table `user`
--
ALTER TABLE `user`
  MODIFY `id` int(11) NOT NULL AUTO_INCREMENT, AUTO_INCREMENT=108;

--
-- AUTO_INCREMENT pour la table `userimage`
--
ALTER TABLE `userimage`
  MODIFY `id` int(11) NOT NULL AUTO_INCREMENT, AUTO_INCREMENT=543;

--
-- AUTO_INCREMENT pour la table `zone`
--
ALTER TABLE `zone`
  MODIFY `id` int(11) NOT NULL AUTO_INCREMENT, AUTO_INCREMENT=28;

--
-- AUTO_INCREMENT pour la table `zonetranslation`
--
ALTER TABLE `zonetranslation`
  MODIFY `id` int(11) NOT NULL AUTO_INCREMENT, AUTO_INCREMENT=34;

--
-- Contraintes pour les tables déchargées
--

--
-- Contraintes pour la table `agenda`
--
ALTER TABLE `agenda`
  ADD CONSTRAINT `FK_2CEDC8773301C60` FOREIGN KEY (`booking_id`) REFERENCES `booking` (`id`) ON DELETE CASCADE,
  ADD CONSTRAINT `FK_2CEDC877A76ED395` FOREIGN KEY (`user_id`) REFERENCES `user` (`id`) ON DELETE CASCADE;

--
-- Contraintes pour la table `booking`
--
ALTER TABLE `booking`
  ADD CONSTRAINT `FK_E00CEDDE53C674EE` FOREIGN KEY (`offer_id`) REFERENCES `offer` (`id`) ON DELETE CASCADE,
  ADD CONSTRAINT `FK_E00CEDDE8DE820D9` FOREIGN KEY (`seller_id`) REFERENCES `user` (`id`) ON DELETE CASCADE,
  ADD CONSTRAINT `FK_E00CEDDEA76ED395` FOREIGN KEY (`user_id`) REFERENCES `user` (`id`) ON DELETE CASCADE;

--
-- Contraintes pour la table `category`
--
ALTER TABLE `category`
  ADD CONSTRAINT `FK_64C19C1727ACA70` FOREIGN KEY (`parent_id`) REFERENCES `category` (`id`) ON DELETE CASCADE;

--
-- Contraintes pour la table `categorytranslation`
--
ALTER TABLE `categorytranslation`
  ADD CONSTRAINT `FK_F13CE5692C2AC5D3` FOREIGN KEY (`translatable_id`) REFERENCES `category` (`id`) ON DELETE CASCADE;

--
-- Contraintes pour la table `content`
--
ALTER TABLE `content`
  ADD CONSTRAINT `FK_FEC530A912469DE2` FOREIGN KEY (`category_id`) REFERENCES `category` (`id`),
  ADD CONSTRAINT `FK_FEC530A991F8D062` FOREIGN KEY (`image_principale_id`) REFERENCES `contentimage` (`id`),
  ADD CONSTRAINT `FK_FEC530A999A375C8` FOREIGN KEY (`type_content_id`) REFERENCES `typecontent` (`id`);

--
-- Contraintes pour la table `contentcomment`
--
ALTER TABLE `contentcomment`
  ADD CONSTRAINT `FK_571C5433301C60` FOREIGN KEY (`booking_id`) REFERENCES `booking` (`id`) ON DELETE CASCADE,
  ADD CONSTRAINT `FK_571C543858C065E` FOREIGN KEY (`vendeur_id`) REFERENCES `user` (`id`) ON DELETE CASCADE,
  ADD CONSTRAINT `FK_571C543A76ED395` FOREIGN KEY (`user_id`) REFERENCES `user` (`id`) ON DELETE CASCADE;

--
-- Contraintes pour la table `contentimage`
--
ALTER TABLE `contentimage`
  ADD CONSTRAINT `FK_557A998184A0A3ED` FOREIGN KEY (`content_id`) REFERENCES `content` (`id`) ON DELETE CASCADE;

--
-- Contraintes pour la table `contenttranslation`
--
ALTER TABLE `contenttranslation`
  ADD CONSTRAINT `FK_4E1B03E52C2AC5D3` FOREIGN KEY (`translatable_id`) REFERENCES `content` (`id`) ON DELETE CASCADE;

--
-- Contraintes pour la table `discussion`
--
ALTER TABLE `discussion`
  ADD CONSTRAINT `FK_C0B9F90FA4F84F6E` FOREIGN KEY (`destinataire_id`) REFERENCES `user` (`id`),
  ADD CONSTRAINT `FK_C0B9F90FA76ED395` FOREIGN KEY (`user_id`) REFERENCES `user` (`id`) ON DELETE CASCADE;

--
-- Contraintes pour la table `document`
--
ALTER TABLE `document`
  ADD CONSTRAINT `FK_D8698A76A76ED395` FOREIGN KEY (`user_id`) REFERENCES `user` (`id`) ON DELETE CASCADE;

--
-- Contraintes pour la table `horaire`
--
ALTER TABLE `horaire`
  ADD CONSTRAINT `FK_BBC83DB6A76ED395` FOREIGN KEY (`user_id`) REFERENCES `user` (`id`) ON DELETE CASCADE;

--
-- Contraintes pour la table `message`
--
ALTER TABLE `message`
  ADD CONSTRAINT `FK_B6BD307F1ADED311` FOREIGN KEY (`discussion_id`) REFERENCES `discussion` (`id`) ON DELETE CASCADE,
  ADD CONSTRAINT `FK_B6BD307FA4F84F6E` FOREIGN KEY (`destinataire_id`) REFERENCES `user` (`id`),
  ADD CONSTRAINT `FK_B6BD307FA76ED395` FOREIGN KEY (`user_id`) REFERENCES `user` (`id`) ON DELETE CASCADE;

--
-- Contraintes pour la table `offer`
--
ALTER TABLE `offer`
  ADD CONSTRAINT `FK_29D6873E9E45C554` FOREIGN KEY (`prestation_id`) REFERENCES `prestation` (`id`) ON DELETE CASCADE,
  ADD CONSTRAINT `FK_29D6873EA76ED395` FOREIGN KEY (`user_id`) REFERENCES `user` (`id`) ON DELETE CASCADE;

--
-- Contraintes pour la table `offertranslation`
--
ALTER TABLE `offertranslation`
  ADD CONSTRAINT `FK_4B8876C32C2AC5D3` FOREIGN KEY (`translatable_id`) REFERENCES `offer` (`id`) ON DELETE CASCADE;

--
-- Contraintes pour la table `optionadverttranslation`
--
ALTER TABLE `optionadverttranslation`
  ADD CONSTRAINT `FK_C431910D2C2AC5D3` FOREIGN KEY (`translatable_id`) REFERENCES `optionuser` (`id`) ON DELETE CASCADE;

--
-- Contraintes pour la table `optionuser`
--
ALTER TABLE `optionuser`
  ADD CONSTRAINT `FK_76861FF4727ACA70` FOREIGN KEY (`parent_id`) REFERENCES `optionuser` (`id`) ON DELETE CASCADE;

--
-- Contraintes pour la table `ordertable`
--
ALTER TABLE `ordertable`
  ADD CONSTRAINT `FK_E6FDC54AA76ED395` FOREIGN KEY (`user_id`) REFERENCES `user` (`id`) ON DELETE CASCADE;

--
-- Contraintes pour la table `prestation`
--
ALTER TABLE `prestation`
  ADD CONSTRAINT `FK_51C88FAD727ACA70` FOREIGN KEY (`parent_id`) REFERENCES `prestation` (`id`) ON DELETE CASCADE;

--
-- Contraintes pour la table `prestationtranslation`
--
ALTER TABLE `prestationtranslation`
  ADD CONSTRAINT `FK_31DB2A42C2AC5D3` FOREIGN KEY (`translatable_id`) REFERENCES `prestation` (`id`) ON DELETE CASCADE;

--
-- Contraintes pour la table `publicite`
--
ALTER TABLE `publicite`
  ADD CONSTRAINT `FK_1D394E39A76ED395` FOREIGN KEY (`user_id`) REFERENCES `user` (`id`) ON DELETE CASCADE;

--
-- Contraintes pour la table `publiciteimage`
--
ALTER TABLE `publiciteimage`
  ADD CONSTRAINT `FK_C61143A57C04F1B1` FOREIGN KEY (`publicite_id`) REFERENCES `publicite` (`id`) ON DELETE CASCADE;

--
-- Contraintes pour la table `statpublicite`
--
ALTER TABLE `statpublicite`
  ADD CONSTRAINT `FK_20B8FF217C04F1B1` FOREIGN KEY (`publicite_id`) REFERENCES `publicite` (`id`) ON DELETE CASCADE;

--
-- Contraintes pour la table `statuser`
--
ALTER TABLE `statuser`
  ADD CONSTRAINT `FK_3CF72E87A76ED395` FOREIGN KEY (`user_id`) REFERENCES `user` (`id`) ON DELETE CASCADE;

--
-- Contraintes pour la table `user`
--
ALTER TABLE `user`
  ADD CONSTRAINT `FK_8D93D6491B0CCD46` FOREIGN KEY (`image_cheveux_id`) REFERENCES `userimage` (`id`),
  ADD CONSTRAINT `FK_8D93D6493DA5256D` FOREIGN KEY (`image_id`) REFERENCES `userimage` (`id`),
  ADD CONSTRAINT `FK_8D93D649DD9ED411` FOREIGN KEY (`image_peau_id`) REFERENCES `userimage` (`id`);

--
-- Contraintes pour la table `userimage`
--
ALTER TABLE `userimage`
  ADD CONSTRAINT `FK_E299388D53C674EE` FOREIGN KEY (`offer_id`) REFERENCES `offer` (`id`) ON DELETE CASCADE,
  ADD CONSTRAINT `FK_E299388DA76ED395` FOREIGN KEY (`user_id`) REFERENCES `user` (`id`) ON DELETE CASCADE;

--
-- Contraintes pour la table `user_category`
--
ALTER TABLE `user_category`
  ADD CONSTRAINT `FK_E6C1FDC112469DE2` FOREIGN KEY (`category_id`) REFERENCES `category` (`id`) ON DELETE CASCADE,
  ADD CONSTRAINT `FK_E6C1FDC1A76ED395` FOREIGN KEY (`user_id`) REFERENCES `user` (`id`) ON DELETE CASCADE;

--
-- Contraintes pour la table `user_cheveux`
--
ALTER TABLE `user_cheveux`
  ADD CONSTRAINT `FK_C694603012469DE2` FOREIGN KEY (`category_id`) REFERENCES `category` (`id`) ON DELETE CASCADE,
  ADD CONSTRAINT `FK_C6946030A76ED395` FOREIGN KEY (`user_id`) REFERENCES `user` (`id`) ON DELETE CASCADE;

--
-- Contraintes pour la table `user_peau`
--
ALTER TABLE `user_peau`
  ADD CONSTRAINT `FK_226FE5D712469DE2` FOREIGN KEY (`category_id`) REFERENCES `category` (`id`) ON DELETE CASCADE,
  ADD CONSTRAINT `FK_226FE5D7A76ED395` FOREIGN KEY (`user_id`) REFERENCES `user` (`id`) ON DELETE CASCADE;

--
-- Contraintes pour la table `user_preferences`
--
ALTER TABLE `user_preferences`
  ADD CONSTRAINT `FK_402A6F6012469DE2` FOREIGN KEY (`category_id`) REFERENCES `category` (`id`) ON DELETE CASCADE,
  ADD CONSTRAINT `FK_402A6F60A76ED395` FOREIGN KEY (`user_id`) REFERENCES `user` (`id`) ON DELETE CASCADE;

--
-- Contraintes pour la table `user_user`
--
ALTER TABLE `user_user`
  ADD CONSTRAINT `FK_F7129A80233D34C1` FOREIGN KEY (`user_target`) REFERENCES `user` (`id`) ON DELETE CASCADE,
  ADD CONSTRAINT `FK_F7129A803AD8644E` FOREIGN KEY (`user_source`) REFERENCES `user` (`id`) ON DELETE CASCADE;

--
-- Contraintes pour la table `zonetranslation`
--
ALTER TABLE `zonetranslation`
  ADD CONSTRAINT `FK_F7C3A6F72C2AC5D3` FOREIGN KEY (`translatable_id`) REFERENCES `zone` (`id`) ON DELETE CASCADE;
COMMIT;

/*!40101 SET CHARACTER_SET_CLIENT=@OLD_CHARACTER_SET_CLIENT */;
/*!40101 SET CHARACTER_SET_RESULTS=@OLD_CHARACTER_SET_RESULTS */;
/*!40101 SET COLLATION_CONNECTION=@OLD_COLLATION_CONNECTION */;
